direction,init,resp,best_tau_s,r2,resid_std_cm,acf1
1->2,1,2,120,0.8597991882909167,52.17620216707839,0.9963759909872048
1->3,1,3,180,0.916282404224126,30.315251516939323,0.993883181758269
1->4,1,4,180,0.9144669033855644,40.45150319151804,0.9956068417974805
2->1,2,1,120,0.9923472675985558,12.134369050704578,0.9728259633089855
2->3,2,3,20,0.9823282430247541,6.6907218180381145,0.9137772693637727
2->4,2,4,180,0.01658344676416268,7.619101472468537,0.9325716772860819
3->1,3,1,120,0.9847452677576056,9.162288499177404,0.9479465291212406
3->2,3,2,10,0.9760776360132113,6.927657010247251,0.9373847041423946
3->4,3,4,20,0.9934026292220837,3.7875485171227474,0.7180101186186904
4->1,4,1,120,0.9891232493423806,14.174710207774178,0.9857975467955253
4->2,4,2,60,0.25766264315540033,7.815020398352365,0.9469226775440274
4->3,4,3,20,0.986271397146505,5.347457617341535,0.8755741866952517
