source,init,resp,pair,direction,n,a1_init_cm_per_C,a1_pvalue,a2_resp_cm_per_C,a2_pvalue,r2,corr_bias_init,corr_bias_resp,corr_init_resp
1,1,2,1-2,1->2,3544,-28.975669940417017,0.0,4.313363052191352,0.0255745726577159,0.8607155185871075,-0.9276417877713765,-0.9189781111561957,0.9925058334653304
1,1,3,1-3,1->3,3585,-19.655825025613346,0.0,1.7857971337835732,0.35058614381877007,0.7625411749459599,-0.8732029530055198,-0.8661663676312943,0.992971871849837
1,1,4,1-4,1->4,3585,-29.375628251421624,0.0,5.080352579535365,0.016733311413256846,0.8490714493921936,-0.9213197246412307,-0.9139306047721355,0.9938476797546762
2,2,1,1-2,2->1,2970,-34.54187777643412,0.0,64.44236230882939,0.0,0.9267224341073544,0.9134353452599747,0.9492904728068782,0.9881187536509468
2,2,3,2-3,2->3,2972,4.439738894652585,0.0,7.835114159222484,0.0,0.9708948325447612,0.9828173010367998,0.9844443401006442,0.9934848964731766
2,2,4,2-4,2->4,2972,-1.3017825023277407,1.2148231449682356e-06,1.2495333421552037,1.3543186549780373e-05,0.01247752898737664,-0.07848063446036914,-0.06790327642095835,0.9921202890559702
3,3,1,1-3,3->1,3146,-32.145100502929544,0.0,39.882845013275485,0.0,0.9160633912487575,0.7656322401202892,0.883104746144392,0.9694617116686045
3,3,2,2-3,3->2,3152,-11.483001787322156,0.0,-1.1495110134441395,1.4425949323992882e-10,0.971380543615115,-0.985395582502017,-0.9689999605529698,0.979385972592005
3,3,4,3-4,3->4,3151,-13.755776514571728,0.0,0.43118825180215303,0.0019202325639142703,0.9876296904586196,-0.9937765378941188,-0.9747068798521367,0.9819813494395233
4,4,1,1-4,4->1,3407,-35.36927233259202,0.0,63.03497656292783,0.0,0.8895557692356195,0.9048022639170554,0.9320958334409598,0.9911892702793368
4,4,2,2-4,4->2,3420,-1.3746485712237426,8.905408508397272e-07,0.5036525576845894,0.09799294103225908,0.17836648889332096,-0.42155401294519557,-0.4153766481171872,0.9926928153762717
4,4,3,3-4,4->3,3418,3.2001532982944334,0.0,7.707234812394551,0.0,0.9839636951911537,0.9882143858975863,0.9912984440040922,0.9924403240427042
