direction,init_id,resp_id,b0_cm,b1_cm_per_C,b2_cm_per_C,r2
1->2,1,2,-37.974139390518296,-24.66230688822612,-16.644516496302938,0.8607155185871075
1->3,1,3,452.65652440725427,-17.870027891830173,-10.720811079696663,0.7625411749459597
1->4,1,4,48.78594700139287,-24.29527567188656,-17.227990415476196,0.8490714493921936
2->1,2,1,7818.920218855217,29.90048453239337,-49.49212004263427,0.9267224341073543
2->3,2,3,4360.974165545071,12.274853053875345,-1.697687632284948,0.970894832544761
2->4,2,4,4000.9452557200543,-0.052249160172508025,-1.2756579222416677,0.01247752898737886
3->1,3,1,7273.067441195179,7.737744510348437,-36.01397275810152,0.9160633912487558
3->2,3,2,3354.878299492388,-12.63251280076638,-5.16674538693907,0.9713805436151147
3->4,3,4,3518.889774674701,-13.324588262769689,-7.093482383187328,0.9876296904586195
4->1,4,1,7673.131605518055,27.665704230334974,-49.2021244477618,0.8895557692356193
4->2,4,2,3762.3523742690027,-0.8709960135391545,-0.939150564454121,0.17836648889330742
4->3,4,3,4267.296231714453,10.907388110689112,-2.2535407570504957,0.9839636951911532
