robot,transition_time_s,phase,phase_name,pwm_l,pwm_r,gyro_x_baseline,gyro_x_peak_abs,gyro_x_rms_after,gyro_y_baseline,gyro_y_peak_abs,gyro_y_rms_after,gyro_z_baseline,gyro_z_peak_abs,gyro_z_rms_after,rpm_diff_before,rpm_diff_after,rpm_diff_change
sysid_r1,72.203805,5,LEFT_DYNAMIC,0.5,0.0,6.767142857142857,13.720857142857142,5.158578758352193,0.28744897959183674,11.933448979591837,3.472179570999511,-114.91783673469388,105.58883673469387,66.8336127067537,-94.78020408163266,-48.573625,46.20657908163266
sysid_r1,86.199865,6,RIGHT_DYNAMIC,0.0,0.5,-0.36102040816326525,2.0779795918367348,0.8366700997248773,-0.6896734693877551,0.9563265306122448,0.32549581565666225,0.18300000000000002,17.073,11.776371732201731,0.0,7.532124999999999,7.532124999999999
sysid_r1,100.20588,7,BOTH_SYNC,0.45,0.45,-0.3635102040816326,0.2415102040816326,0.0706175156918638,-0.6846938775510204,0.5353061224489796,0.13557490337536474,0.1767755102040816,3.6527755102040818,0.9348897944097941,0.0,-0.19,-0.19
sysid_r1,120.202926,8,COAST_DOWN,0.75,0.75,0.6545510204081636,19.922551020408164,6.521337892739231,0.06728571428571406,31.347285714285714,6.885582936951137,-15.390714285714285,35.26871428571428,18.203698280977054,-15.190816326530609,3.25625,18.44706632653061
sysid_r2,72.201063,5,LEFT_DYNAMIC,0.5,0.0,-0.886,12.045,3.4164337272219987,-1.9188367346938775,11.679163265306123,3.420732946377292,-123.58632653061225,91.63532653061225,58.14695432712627,-91.92551020408165,-58.979625,32.94588520408165
sysid_r2,86.207102,6,RIGHT_DYNAMIC,0.0,0.5,-0.7593877551020408,3.447612244897959,1.263341492281214,0.4344693877551021,2.1875306122448976,0.76248515269477,0.4419387755102041,37.9120612244898,24.95786625390131,0.0,15.649875,15.649875
sysid_r2,100.203139,7,BOTH_SYNC,0.45,0.45,-0.7842857142857143,3.7722857142857142,1.254748953059568,0.44940816326530614,1.9124081632653063,0.6674424705892117,0.43944897959183676,5.012448979591837,2.4318054648089165,0.0,-1.1158750000000002,-1.1158750000000002
sysid_r2,120.201501,8,COAST_DOWN,0.75,0.75,-0.9880816326530611,22.75608163265306,9.617079286394416,-0.022408163265306102,7.217408163265306,2.9282336698546994,9.838265306122448,15.875265306122447,8.462242714126397,6.306530612244898,1.9956250000000015,-4.3109056122448965
sysid_r3,72.202469,5,LEFT_DYNAMIC,0.5,0.0,0.5127959183673467,21.560204081632655,5.294514553522886,-1.8851836734693876,10.239183673469388,3.0508356668934176,-115.77146938775512,90.58846938775511,63.451974882452134,-82.44469387755102,-43.659749999999995,38.78494387755102
sysid_r3,86.208994,6,RIGHT_DYNAMIC,0.0,0.5,-0.3286530612244898,3.9266530612244894,1.4601055758267592,-0.35604081632653056,2.8759591836734697,0.7357771458115735,-0.03859183673469388,25.89259183673469,18.230068675285562,0.0,11.23475,11.23475
sysid_r3,100.205252,7,BOTH_SYNC,0.45,0.45,-0.3585306122448979,2.812469387755102,0.913236850337666,-0.3722244897959183,1.5312244897959184,0.4417313179789538,-0.05353061224489796,4.458469387755102,1.559927381851923,0.0,-0.41,-0.41
sysid_r3,120.20375,8,COAST_DOWN,0.75,0.75,-0.37824489795918426,29.219244897959186,8.716953487652287,0.22899999999999995,12.058,3.797172943454117,5.6968163265306115,22.525816326530613,11.411715820368924,4.429183673469389,-3.0237500000000006,-7.452933673469389
sysid_r4,72.199783,5,LEFT_DYNAMIC,0.5,0.0,-3.735734693877551,14.65073469387755,5.254260005130103,-2.8919795918367344,10.940979591836733,3.1744685552986276,-135.87473469387754,108.86273469387754,69.08350476051353,-99.93387755102039,-57.61912500000001,42.314752551020376
sysid_r4,86.205531,6,RIGHT_DYNAMIC,0.0,0.5,-0.18673469387755104,5.0037346938775515,1.4111767827682233,-0.32491836734693874,2.397918367346939,0.9082367113014794,0.26516326530612244,43.08883673469388,29.18984782094314,0.0,18.4195,18.4195
sysid_r4,100.201555,7,BOTH_SYNC,0.45,0.45,-0.1929591836734694,6.1079591836734695,2.3585896709908547,-0.3286530612244898,1.92734693877551,0.6185304790628989,0.25893877551020406,11.173938775510203,4.893639798787713,0.0,-0.71875,-0.71875
sysid_r4,120.200141,8,COAST_DOWN,0.75,0.75,0.36961224489795913,32.07661224489796,10.999448502123379,-0.21028571428571433,10.643714285714285,3.832330267118886,-0.3820816326530613,10.443081632653062,4.477229456842134,0.652857142857143,-0.6737500000000002,-1.326607142857143
