robot,signal,rank,frequency_hz,power
sysid_r1,gyro_x,1,0.09765625,28.962994848429716
sysid_r1,gyro_x,2,18.212890625,4.837301352328965
sysid_r1,gyro_x,3,25.29296875,2.3067147650831963
sysid_r1,gyro_x,4,28.125,1.9308375830672326
sysid_r1,gyro_x,5,20.556640625,1.8581709492218286
sysid_r1,gyro_x,6,23.388671875,1.853255739000512
sysid_r1,gyro_x,7,18.65234375,1.8189055258425915
sysid_r1,gyro_x,8,20.703125,1.661839955370014
sysid_r1,gyro_x,9,19.7265625,1.5216776536660919
sysid_r1,gyro_x,10,21.6796875,1.3945032983899697
sysid_r1,gyro_y,1,28.173828125,2.404397505252666
sysid_r1,gyro_y,2,18.212890625,2.1689470431301947
sysid_r1,gyro_y,3,25.244140625,1.4848772133734274
sysid_r1,gyro_y,4,27.83203125,1.34138744586983
sysid_r1,gyro_y,5,27.734375,1.2553855085621193
sysid_r1,gyro_y,6,24.072265625,1.1224661639566826
sysid_r1,gyro_y,7,24.31640625,1.1160798804667733
sysid_r1,gyro_y,8,21.630859375,1.0713891800312159
sysid_r1,gyro_y,9,19.23828125,1.0662009558826813
sysid_r1,gyro_y,10,23.388671875,1.0518990285699046
sysid_r1,gyro_z,1,0.09765625,6519.419190479579
sysid_r1,gyro_z,2,0.48828125,245.23179289778773
sysid_r1,gyro_z,3,0.87890625,47.89383508136362
sysid_r1,gyro_z,4,0.732421875,42.16883840531425
sysid_r1,gyro_z,5,1.123046875,26.771434398797183
sysid_r1,gyro_z,6,1.513671875,11.48950749438124
sysid_r1,gyro_z,7,1.7578125,5.809077601520236
sysid_r1,gyro_z,8,1.85546875,5.566989113240387
sysid_r1,gyro_z,9,9.08203125,3.8764476465051176
sysid_r1,gyro_z,10,2.1484375,3.4088191106540884
sysid_r1,accel_x,1,0.1953125,0.07375697066807013
sysid_r1,accel_x,2,0.5859375,0.04522196381821398
sysid_r1,accel_x,3,10.44921875,0.03388969477830038
sysid_r1,accel_x,4,10.546875,0.03263523219897523
sysid_r1,accel_x,5,10.3515625,0.03193842713674972
sysid_r1,accel_x,6,10.25390625,0.030043209128648447
sysid_r1,accel_x,7,1.025390625,0.026315026407395452
sysid_r1,accel_x,8,9.326171875,0.02604668578404456
sysid_r1,accel_x,9,10.888671875,0.02538228334483056
sysid_r1,accel_x,10,9.814453125,0.023346631285245112
sysid_r1,accel_y,1,0.048828125,0.03273417990662918
sysid_r1,accel_y,2,17.08984375,0.01757988912390054
sysid_r1,accel_y,3,17.1875,0.016978334836202907
sysid_r1,accel_y,4,19.04296875,0.016706537475313515
sysid_r1,accel_y,5,18.212890625,0.012317163512286122
sysid_r1,accel_y,6,19.384765625,0.010047832152959905
sysid_r1,accel_y,7,18.5546875,0.009624493780007775
sysid_r1,accel_y,8,22.802734375,0.008877199945236777
sysid_r1,accel_y,9,20.361328125,0.008817566918328272
sysid_r1,accel_y,10,17.96875,0.00834748683898378
sysid_r1,accel_z,1,28.173828125,0.16635554582269577
sysid_r1,accel_z,2,27.783203125,0.08096854301765354
sysid_r1,accel_z,3,23.388671875,0.0728099421569282
sysid_r1,accel_z,4,20.703125,0.05442406993676492
sysid_r1,accel_z,5,28.759765625,0.04775405027265261
sysid_r1,accel_z,6,26.46484375,0.04665450006063614
sysid_r1,accel_z,7,28.61328125,0.0450715570674327
sysid_r1,accel_z,8,29.638671875,0.04375341483023905
sysid_r1,accel_z,9,28.90625,0.043480758141632464
sysid_r1,accel_z,10,36.42578125,0.04249028138072903
sysid_r2,gyro_x,1,23.179451703977616,6.783794987482677
sysid_r2,gyro_x,2,23.277049395362784,5.861684370218951
sysid_r2,gyro_x,3,23.033055166899864,4.6661782623940455
sysid_r2,gyro_x,4,22.78906093843694,4.532106820815528
sysid_r2,gyro_x,5,23.618641315210876,4.45090093225211
sysid_r2,gyro_x,6,24.497020537677397,3.2028203113091274
sysid_r2,gyro_x,7,24.10662977213672,2.966899898787716
sysid_r2,gyro_x,8,22.54506670997402,2.9000655215793296
sysid_r2,gyro_x,9,24.009032080751552,2.6587498674629577
sysid_r2,gyro_x,10,27.52254897061763,2.5909192447580156
sysid_r2,gyro_y,1,23.130652858285032,8.851601132955249
sysid_r2,gyro_y,2,0.048798845692584455,4.64961595512036
sysid_r2,gyro_y,3,22.78906093843694,2.6105380984265714
sysid_r2,gyro_y,4,27.52254897061763,2.5410206153438484
sysid_r2,gyro_y,5,23.96023323505897,2.084160952668001
sysid_r2,gyro_y,6,26.93696282230662,2.012765880867966
sysid_r2,gyro_y,7,24.39942284629223,1.9683769889324454
sysid_r2,gyro_y,8,23.8626355436738,1.7050773712723393
sysid_r2,gyro_y,9,23.42344593244054,1.3537399987205367
sysid_r2,gyro_y,10,26.741767439536282,1.2476927223685061
sysid_r2,gyro_z,1,0.048798845692584455,9745.934083733086
sysid_r2,gyro_z,2,0.4879884569258446,341.90528179303055
sysid_r2,gyro_z,3,0.8783792224665202,66.61168426357926
sysid_r2,gyro_z,4,0.7319826853887669,51.973182186243314
sysid_r2,gyro_z,5,1.1223734509294425,34.662474853005605
sysid_r2,gyro_z,6,1.512764216470118,22.249493268436108
sysid_r2,gyro_z,7,1.2687699880071959,19.102798299673978
sysid_r2,gyro_z,8,1.9031549820107938,7.302898770804822
sysid_r2,gyro_z,9,1.7567584449330405,6.513177030097356
sysid_r2,gyro_z,10,2.147149210473716,5.161319093733398
sysid_r2,accel_x,1,0.19519538277033782,0.08174205941645682
sysid_r2,accel_x,2,0.5855861483110134,0.05516947497167102
sysid_r2,accel_x,3,0.048798845692584455,0.04443959185220835
sysid_r2,accel_x,4,1.0247757595442735,0.03205490592618503
sysid_r2,accel_x,5,1.4151665250849492,0.028785435622980752
sysid_r2,accel_x,6,1.8055572906256248,0.026769219929575577
sysid_r2,accel_x,7,2.1959480561663005,0.023283962997855432
sysid_r2,accel_x,8,14.298061787927246,0.020625608614066277
sysid_r2,accel_x,9,2.5863388217069763,0.01713812370591009
sysid_r2,accel_x,10,14.493257170697584,0.015287926053958218
sysid_r2,accel_y,1,0.048798845692584455,0.041671347741233565
sysid_r2,accel_y,2,23.130652858285032,0.012815809638188217
sysid_r2,accel_y,3,23.033055166899864,0.011403401198426848
sysid_r2,accel_y,4,27.52254897061763,0.010296557697062666
sysid_r2,accel_y,5,22.10587709874076,0.008070689408196576
sysid_r2,accel_y,6,27.864140890465723,0.007870220261022156
sysid_r2,accel_y,7,24.30182515490706,0.007623189242826954
sysid_r2,accel_y,8,25.4241986058365,0.0074722373347663774
sysid_r2,accel_y,9,21.81308402458525,0.007400546641240382
sysid_r2,accel_y,10,24.057830926444137,0.006798704562549295
sysid_r2,accel_z,1,23.130652858285032,0.1301827422229858
sysid_r2,accel_z,2,46.4565010993404,0.04438506443320145
sysid_r2,accel_z,3,23.96023323505897,0.039065156209735837
sysid_r2,accel_z,4,22.78906093843694,0.037981952277634706
sysid_r2,accel_z,5,46.11490917949231,0.03193243705743572
sysid_r2,accel_z,6,44.65094380871478,0.02930718462742149
sysid_r2,accel_z,7,23.8626355436738,0.028202277437865263
sysid_r2,accel_z,8,26.93696282230662,0.028034165413589017
sysid_r2,accel_z,9,24.39942284629223,0.027472729468458225
sysid_r2,accel_z,10,46.212506870877476,0.02498644607575263
sysid_r3,gyro_x,1,22.301072481511095,6.6577847990241725
sysid_r3,gyro_x,2,22.00827940735559,4.277320469969991
sysid_r3,gyro_x,3,20.49551519088547,3.2751060870954762
sysid_r3,gyro_x,4,20.93470480211873,2.9493987194866422
sysid_r3,gyro_x,5,24.20422746352189,2.837263223727687
sysid_r3,gyro_x,6,26.888163976614035,2.7200603519877373
sysid_r3,gyro_x,7,27.034560513691787,2.7115645917297804
sysid_r3,gyro_x,8,24.057830926444137,2.68676317699146
sysid_r3,gyro_x,9,20.593112882270642,2.554821621846585
sysid_r3,gyro_x,10,24.30182515490706,2.5388891881491977
sysid_r3,gyro_y,1,22.34987132720368,3.4320803061976712
sysid_r3,gyro_y,2,21.081101339196486,1.9933793722813264
sysid_r3,gyro_y,3,20.93470480211873,1.9309102396588302
sysid_r3,gyro_y,4,26.302577828303022,1.5835524830004197
sysid_r3,gyro_y,5,27.083359359384374,1.4104472354892328
sysid_r3,gyro_y,6,26.40017551968819,1.3727828388314065
sysid_r3,gyro_y,7,25.229003223066165,1.3580332320120516
sysid_r3,gyro_y,8,25.765790525684594,1.348728520875175
sysid_r3,gyro_y,9,21.959480561663003,1.236454154705587
sysid_r3,gyro_y,10,21.861882870277835,1.2045067337624362
sysid_r3,gyro_z,1,0.09759769138516891,8794.380824567259
sysid_r3,gyro_z,2,0.4879884569258446,291.72221908878873
sysid_r3,gyro_z,3,0.8783792224665202,60.12920908071878
sysid_r3,gyro_z,4,0.7319826853887669,54.054520433866884
sysid_r3,gyro_z,5,1.1223734509294425,38.70842433165614
sysid_r3,gyro_z,6,1.2687699880071959,20.300686077104096
sysid_r3,gyro_z,7,1.512764216470118,15.263525354534995
sysid_r3,gyro_z,8,1.7567584449330405,6.614807272745632
sysid_r3,gyro_z,9,1.9031549820107938,6.333645329176698
sysid_r3,gyro_z,10,2.147149210473716,4.389816289190512
sysid_r3,accel_x,1,0.19519538277033782,0.07221200233017985
sysid_r3,accel_x,2,0.5855861483110134,0.0475727696450892
sysid_r3,accel_x,3,0.048798845692584455,0.032208763398692046
sysid_r3,accel_x,4,1.0247757595442735,0.024652910411755886
sysid_r3,accel_x,5,1.4151665250849492,0.023986339946662195
sysid_r3,accel_x,6,1.8055572906256248,0.022822209872259355
sysid_r3,accel_x,7,12.004516040375776,0.020579962004113755
sysid_r3,accel_x,8,13.663676793923647,0.020152465823959756
sysid_r3,accel_x,9,13.810073331001401,0.0190129581582379
sysid_r3,accel_x,10,2.1959480561663005,0.018700356244992986
sysid_r3,accel_y,1,0.048798845692584455,0.03178256393994621
sysid_r3,accel_y,2,19.81233135118929,0.008929737256011873
sysid_r3,accel_y,3,19.909929042574458,0.008661499578171049
sysid_r3,accel_y,4,44.11415650609635,0.008393210181624422
sysid_r3,accel_y,5,22.301072481511095,0.008281638051174472
sysid_r3,accel_y,6,22.54506670997402,0.008242007775136905
sysid_r3,accel_y,7,22.00827940735559,0.0081535575450649
sysid_r3,accel_y,8,13.761274485308816,0.008051689517941949
sysid_r3,accel_y,9,12.004516040375776,0.008038576873904706
sysid_r3,accel_y,10,10.540550669598243,0.0076878647318273504
sysid_r3,accel_z,1,22.34987132720368,0.060156292670694854
sysid_r3,accel_z,2,22.25227363581851,0.04777069609970826
sysid_r3,accel_z,3,27.034560513691787,0.03864897488350173
sysid_r3,accel_z,4,26.302577828303022,0.03702142098389409
sysid_r3,accel_z,5,26.40017551968819,0.034805780781122106
sysid_r3,accel_z,6,22.496267864281435,0.03438410184130321
sysid_r3,accel_z,7,21.081101339196486,0.03335491613100457
sysid_r3,accel_z,8,26.83936513092145,0.031461464796338705
sysid_r3,accel_z,9,27.180957050769543,0.02959869620775721
sysid_r3,accel_z,10,21.959480561663003,0.0286533694538641
sysid_r4,gyro_x,1,25.570595142914254,21.813806133101988
sysid_r4,gyro_x,2,25.96098590845493,17.488494118851502
sysid_r4,gyro_x,3,30.792071632020793,13.485157886107471
sysid_r4,gyro_x,4,30.88966932340596,11.760383178800796
sysid_r4,gyro_x,5,31.231261243254053,9.230806155178223
sysid_r4,gyro_x,6,31.13366355186888,9.190959394192193
sysid_r4,gyro_x,7,27.668945507695387,6.754586240089862
sysid_r4,gyro_x,8,0.048798845692584455,6.334626660239473
sysid_r4,gyro_x,9,27.81534204477314,6.252291621119958
sysid_r4,gyro_x,10,27.229755896462127,4.709429138712149
sysid_r4,gyro_y,1,25.472997451529086,6.342283470664674
sysid_r4,gyro_y,2,25.912187062762346,3.8933151259398446
sysid_r4,gyro_y,3,0.048798845692584455,3.8384142195197772
sysid_r4,gyro_y,4,25.27780206875875,3.5483146200098594
sysid_r4,gyro_y,5,26.058583599840098,2.8720265293673553
sysid_r4,gyro_y,6,25.131405531680993,2.8718725035386026
sysid_r4,gyro_y,7,24.741014766140317,2.8142329492238574
sysid_r4,gyro_y,8,27.668945507695387,1.8243065242597303
sysid_r4,gyro_y,9,27.52254897061763,1.5797717489121603
sysid_r4,gyro_y,10,27.81534204477314,1.5046962898439713
sysid_r4,gyro_z,1,0.048798845692584455,10958.860696403312
sysid_r4,gyro_z,2,0.4879884569258446,375.56121923671736
sysid_r4,gyro_z,3,0.8783792224665202,69.65834033983947
sysid_r4,gyro_z,4,0.7319826853887669,64.65552631737411
sysid_r4,gyro_z,5,1.1223734509294425,38.2136375271356
sysid_r4,gyro_z,6,1.512764216470118,21.248847332783555
sysid_r4,gyro_z,7,1.8543561363182093,8.10238119621876
sysid_r4,gyro_z,8,1.7567584449330405,8.074769854530206
sysid_r4,gyro_z,9,2.147149210473716,6.1271609455208225
sysid_r4,gyro_z,10,2.5375399760143917,4.811236277504762
sysid_r4,accel_x,1,0.19519538277033782,0.11334568854922117
sysid_r4,accel_x,2,0.5855861483110134,0.06012007643603585
sysid_r4,accel_x,3,0.048798845692584455,0.04277699976858358
sysid_r4,accel_x,4,1.0247757595442735,0.03559074435756722
sysid_r4,accel_x,5,1.4151665250849492,0.030139793995570093
sysid_r4,accel_x,6,1.8055572906256248,0.0292221097213017
sysid_r4,accel_x,7,2.1959480561663005,0.023092683456535666
sysid_r4,accel_x,8,15.908423695782533,0.021112924426332162
sysid_r4,accel_x,9,15.810826004397363,0.020608880908712858
sysid_r4,accel_x,10,26.009784754147514,0.020301687598111056
sysid_r4,accel_y,1,0.048798845692584455,0.06759424585746741
sysid_r4,accel_y,2,25.52179629722167,0.03291848935316731
sysid_r4,accel_y,3,30.792071632020793,0.026462492877175822
sysid_r4,accel_y,4,31.13366355186888,0.01733153588041394
sysid_r4,accel_y,5,31.231261243254053,0.013382708459217081
sysid_r4,accel_y,6,16.54280868978613,0.010975195234871738
sysid_r4,accel_y,7,28.742520112932244,0.010027550341642953
sysid_r4,accel_y,8,25.86338821706976,0.009664597836358231
sysid_r4,accel_y,9,27.81534204477314,0.009459962274336141
sysid_r4,accel_y,10,27.668945507695387,0.00899063325631568
sysid_r4,accel_z,1,30.88966932340596,0.1112243386936116
sysid_r4,accel_z,2,26.058583599840098,0.09657090285478281
sysid_r4,accel_z,3,49.921219143513895,0.08568614510403522
sysid_r4,accel_z,4,25.570595142914254,0.08362403980995937
sysid_r4,accel_z,5,48.994041075354794,0.08067522870380826
sysid_r4,accel_z,6,47.578874550269845,0.07025789053988432
sysid_r4,accel_z,7,48.84764453827704,0.06609723171614894
sysid_r4,accel_z,8,48.55485146412153,0.061707973874628334
sysid_r4,accel_z,9,49.384431840895466,0.057896862856689754
sysid_r4,accel_z,10,31.280060088946637,0.056991172476343104
