robot,imu_signal,temperature_slope,intercept,r,r_squared,p_value,stderr,temperature_min,temperature_max
sysid_r1,gyro_x,-0.22531297915962234,6.047215666206955,-0.00475490107551983,2.2609084237979632e-05,0.5604109796977232,0.38697335360620366,28.1,28.61
sysid_r1,gyro_y,-0.035651149241522205,0.34851308405670733,-0.0010606454447978034,1.1249687595703303e-06,0.8966661981344191,0.27450123680258803,28.1,28.61
sysid_r1,gyro_z,2.838540821600706,-80.66034393862792,0.008058335022895352,6.493676334122183e-05,0.3237688362656387,2.8765834046936902,28.1,28.61
sysid_r1,gyro_norm,-22.074526049187387,644.8409846490476,-0.0728507281733971,0.005307228595394195,4.172720958428752e-19,2.467988992875058,28.1,28.61
sysid_r1,accel_x,-0.0735941186354394,1.1990767784291148,-0.016441487166106834,0.00027032250023325573,0.044076513542996756,0.036549761700914944,28.1,28.61
sysid_r1,accel_y,0.10751797293889251,-3.4111604730230787,0.034388853477763076,0.0011825932435150575,2.530183720770515e-05,0.02551806087535063,28.1,28.61
sysid_r1,accel_z,0.008044963283715756,9.42655113999178,0.0012138631331018064,1.4734637059037339e-06,0.8818415710989631,0.05412467127970716,28.1,28.61
sysid_r1,accel_norm,0.06539854362830196,7.86120887285532,0.009818150671513034,9.639608260853183e-05,0.2292700219756033,0.05439496454931944,28.1,28.61
sysid_r2,gyro_x,-0.026127991550234597,-0.012552341776587261,-0.0003038635088486858,9.233303200983537e-08,0.9703205766291392,0.7022361586925738,28.63,28.96
sysid_r2,gyro_y,0.3719014249310848,-10.27892124547254,0.006280635169601055,3.9446378133629675e-05,0.44187382309677303,0.48358346106980943,28.63,28.96
sysid_r2,gyro_z,24.12852005310512,-695.6146678501597,0.02902604047755293,0.0008425110258045411,0.00037825303353659424,6.786027132162166,28.63,28.96
sysid_r2,gyro_norm,-56.9205375381116,1665.299103998522,-0.08253481537830219,0.006811995749530428,4.361217268877628e-24,5.6131063513152375,28.63,28.96
sysid_r2,accel_x,0.11507003188404183,-3.3551605969875085,0.015891435328104282,0.00025253771678732085,0.05166295377361588,0.05912892635845908,28.63,28.96
sysid_r2,accel_y,-0.4692796500978364,12.79429953672542,-0.08400486929852378,0.007056818065862064,6.752278854513168e-25,0.04546164956132043,28.63,28.96
sysid_r2,accel_z,0.022567606323480087,9.342732690722297,0.002454267510029099,6.023429010784433e-06,0.7637878254684897,0.07509621022178696,28.63,28.96
sysid_r2,accel_norm,0.11988248424450912,6.576739065397476,0.013026889927939276,0.00016969986119464575,0.1106830730455055,0.07515084478481349,28.63,28.96
sysid_r3,gyro_x,-1.0592456694059134,29.54833610694805,-0.010665344609049379,0.00011374957562977865,0.19157189061931681,0.8110597179026284,28.08,28.43
sysid_r3,gyro_y,0.03954756086557418,-1.4709320763064848,0.000688030603924792,4.7338611193711396e-07,0.932861532246029,0.4694264685004171,28.08,28.43
sysid_r3,gyro_z,20.754291578123862,-586.0145193251944,0.024843319898071526,0.0006171905435579167,0.0023471411814086603,6.8205586712140045,28.08,28.43
sysid_r3,gyro_norm,-84.4562809217049,2408.7213472985013,-0.11944012386203015,0.014265943188177104,9.013887240518602e-49,5.7334670147367275,28.08,28.43
sysid_r3,accel_x,0.08719902524048385,-2.1232561769998215,0.010862253882759961,0.00011798855941353386,0.18349995970410898,0.0655574100833642,28.08,28.43
sysid_r3,accel_y,0.6155910896709327,-17.6618734630029,0.09856291159429402,0.00971464754194462,1.0836151538913202e-33,0.050759192899732054,28.08,28.43
sysid_r3,accel_z,-0.07919631675332142,11.940169552417265,-0.008411655840732052,7.075595398292165e-05,0.30302227210210686,0.07688893634584788,28.08,28.43
sysid_r3,accel_norm,-0.021503080553767425,10.332960316084872,-0.002272822185310512,5.1657206860396515e-06,0.7807870718200949,0.07726624906742606,28.08,28.43
sysid_r4,gyro_x,-3.3518134784411995,96.96885167699004,-0.014394274829292595,0.00020719514786120638,0.07797102432156469,1.9015195095459267,28.85,29.09
sysid_r4,gyro_y,-2.6949541650048565,77.78512989570129,-0.023784660704830624,0.000565710084843914,0.003583212034327705,0.9250970054234073,28.85,29.09
sysid_r4,gyro_z,-7.76908677700725,225.71441657517508,-0.004831279601643523,2.33412625892568e-05,0.5541425880231399,13.132834189906184,28.85,29.09
sysid_r4,gyro_norm,302.98947087729294,-8755.684478216554,0.22389038572394707,0.0501269048196178,1.0801300044530003e-169,10.771609853923822,28.85,29.09
sysid_r4,accel_x,0.918333289039609,-26.26793107252629,0.06018449086186465,0.0036221729403018697,1.6322874608661013e-13,0.12438943446321285,28.85,29.09
sysid_r4,accel_y,-1.0592196132001772,30.76181235748291,-0.08271175017934256,0.0068412336177299735,3.490208424813397e-24,0.10422787247987339,28.85,29.09
sysid_r4,accel_z,-0.5768857507138518,26.678926402019645,-0.02518791576210659,0.0006344311004389776,0.0020382944482909312,0.18698875950865207,28.85,29.09
sysid_r4,accel_norm,-0.5161702638120046,24.941735260989386,-0.02237206273203185,0.0005005091908859684,0.006150189518370479,0.18837964373240906,28.85,29.09
