robot,phase,phase_name,samples,duration_s,imu_valid_pct,gyro_x_mean,gyro_x_std,gyro_x_rms,accel_x_mean,accel_x_std,accel_x_rms,gyro_y_mean,gyro_y_std,gyro_y_rms,accel_y_mean,accel_y_std,accel_y_rms,gyro_z_mean,gyro_z_std,gyro_z_rms,accel_z_mean,accel_z_std,accel_z_rms,gyro_norm_mean,gyro_norm_std,gyro_norm_max,accel_norm_mean,accel_norm_std,accel_norm_max,rpm_diff_mean,rpm_diff_std,rpm_mean_mean,imu_temp_mean,imu_temp_std
sysid_r1,0,REST,500,4.992024,100.0,-0.3545319999999999,0.05743171405729693,0.35914446118518933,-0.901548,0.012626581370831485,0.9016362392894376,-0.690886,0.049895692843457504,0.6926817927446917,-0.373268,0.010472034329871737,0.37341457389877003,0.17872999999999997,0.04686612815174592,0.18476053149956026,9.654851999999998,0.012753642884040146,9.654860406655292,0.8002418476635104,0.050471218887233424,0.9390830634187798,9.704048171772158,0.012854353123880094,9.736584719499955,-6.661338147750939e-19,0.2011191134516836,3.3306690738754697e-19,28.182380000000002,0.027987536590575752
sysid_r1,1,LEFT_FWD_SWEEP,1680,16.795502,100.0,1.029002380952381,3.9538397963490945,4.084408129442641,-0.8865011904761906,0.20963567761792604,0.910936506595064,-0.5611041666666666,2.389219604495484,2.4535301842204738,-0.3579345238095238,0.22801368097572977,0.424354115658362,-20.297580357142856,32.03689543602451,37.917588364414925,9.651391071428572,0.32288978279296077,9.656787528327518,21.008694836344784,31.932544614676747,124.28744770892997,9.703636313894433,0.32082808122670997,12.25764667462723,-15.716934523809522,25.364080295084307,7.860223214285714,28.234160714285714,0.028795727620769807
sysid_r1,2,LEFT_REV_SWEEP,1679,16.785235999999998,100.0,-1.6004877903513994,4.146680047563971,4.4436781381501405,-0.889868374032162,0.31957406649376946,0.9454800265702286,-0.7777939249553306,2.5773353226027647,2.691405661947856,-0.33127278141751043,0.3079500554157744,0.45223711741000594,18.871073257891602,34.722848070301254,39.51044788648428,9.65502799285289,0.3141928737409812,9.660135812164853,22.106906342657414,33.166327487384734,119.59119232201007,9.711302143125632,0.32764221633188406,12.574915506674389,14.298308516974394,27.68662353058867,-7.151625967838001,28.28437760571769,0.025827480698323392
sysid_r1,3,RIGHT_FWD_SWEEP,1680,16.795076,100.0,-1.7537732142857143,3.451586795194574,3.8706692640660627,-0.887585119047619,0.4035674078354811,0.9749754108620967,-0.7945434523809525,2.0727461237797122,2.2192382665970256,-0.4148779761904763,0.2393675680404768,0.47894306811979226,21.484473214285714,35.79464843563365,41.738193456774326,9.652459523809524,0.6177881925805728,9.672197781774413,22.007928527717397,35.75466296784862,124.99166219792421,9.713960279521975,0.6087443709183616,14.906246643605492,17.278434523809523,29.18830400619517,7.2753541666666655,28.319125,0.026438526470920088
sysid_r1,4,RIGHT_REV_SWEEP,1679,16.785947999999998,100.0,0.9059321024419298,3.323431681021078,3.4437381831682328,-0.844799880881477,0.46758438573487554,0.9655007918355841,-0.5834187016081,2.4082993669133144,2.477262368215521,-0.40914651578320427,0.22553177518757625,0.46715646032955116,-19.364703990470517,36.96747508310775,41.72256033895381,9.657368076235855,0.5387684099871218,9.672375958160313,23.3750134359444,34.82957741206562,124.04851943090655,9.715925827803282,0.5533997859701115,14.154018122074028,-16.039976176295415,30.742713802884403,-8.020851697438951,28.357182846932698,0.02752369080298205
sysid_r1,5,LEFT_DYNAMIC,1399,13.986052,100.0,0.7212015725518227,4.742061861118604,4.794914876324054,-0.8826268763402431,0.36417262255643945,0.9547549970334049,-0.5612301644031451,2.7855193136726575,2.840519486939428,-0.3615032165832738,0.28915091492002626,0.46285317794270947,-15.912172265904218,43.41933169602603,46.22864944786306,9.656731236597569,0.40625378699232884,9.665266801481323,32.02762932464774,33.81118012469244,121.50463014222956,9.71487680720766,0.4055350635227302,13.78873906490365,-13.351651179413867,35.814845133883715,4.243473909935669,28.38940671908506,0.02502656066659417
sysid_r1,6,RIGHT_DYNAMIC,1400,13.996006999999992,100.0,-1.4451342857142857,4.64657024064567,4.8645252838424895,-0.8514307142857144,0.4776800434714318,0.9761913238265774,-0.5893928571428572,2.302648093914759,2.376086047924792,-0.34681,0.2627067679615604,0.4350203739071145,15.392793571428571,48.57123665751001,50.93542977627235,9.659749285714286,0.6224029186447032,9.679765748825892,34.80709919406244,37.59258801697285,111.89197465412789,9.719283293021883,0.6130725230337148,12.989861161690682,11.670678571428573,36.76497861424125,5.835339285714287,28.415185714285716,0.025008243305514852
sysid_r1,7,BOTH_SYNC,1999,19.987038000000013,100.0,-0.3278539269634817,7.073228935517894,7.079055584891744,-0.8967298649324662,0.7308009373787129,1.156688070374236,-0.687887443721861,6.048024356552714,6.085514711522114,-0.35046423211605804,0.47593904080970817,0.5909567098497641,-0.5640115057528765,8.989584895586816,9.005016326582702,9.652474737368683,1.201572181329138,9.7269379567008,9.815104065031056,8.481542005042353,41.63860471965889,9.738527587437428,1.209252280785265,16.850231185357664,-0.5316458229114556,10.283355227617038,0.44446723361680673,28.448109054527265,0.02595572793950089
sysid_r1,8,COAST_DOWN,1600,15.996030000000005,100.0,-0.2881725,5.710144557893327,5.715629070146172,-0.9004075,0.5042095134610863,1.0318924398889644,-0.6851843750000001,4.550815107260308,4.600701258436044,-0.354475625,0.4287277549165166,0.5561884364808388,-0.8969587500000002,9.60943420541194,9.648214730262278,9.659980625000001,0.8595995818695634,9.698127411870551,8.735543145430128,8.405793360755338,41.77316674613022,9.730157641347418,0.8673669114785969,15.289236213755085,-0.7589625000000004,10.437010020113219,-1.10365,28.4857875,0.026008221988572774
sysid_r1,9,TERMINATION,1380,13.79622599999999,100.0,-0.3590159420289855,0.05594481929415766,0.3633455675376753,-0.9633028985507246,0.010708728163860204,0.963362376323646,-0.6907586956521741,0.048457382767080684,0.6924550469373341,-0.302513768115942,0.012378627233540279,0.3027667407020829,0.1758391304347826,0.045373786305005444,0.18159484685914715,9.649001449275362,0.012594472500446457,9.649009662857274,0.8012810951774345,0.04940705695944923,0.9469746564718614,9.701698993280722,0.012609532021362928,9.7423613667324,0.0,0.0,0.0,28.51987681159421,0.024189232497062913
sysid_r2,0,REST,500,4.992033,100.0,-0.76982,0.057397426153601314,0.7719525296286035,-0.123954,0.009397473544417995,0.12430901013200935,0.4467639999999999,0.045979610188715304,0.4491191022434917,-0.6696700000000001,0.009789216389222893,0.6697414023337664,0.4388339999999999,0.04488567579733614,0.4411190020844715,9.993434,0.012211793471869625,9.993441446368713,0.9947189099457519,0.05238729859845614,1.1796838559546368,10.016622682327114,0.012188314075938268,10.05393206660956,0.0,0.0,0.0,28.6994,0.026096015098248358
sysid_r2,1,LEFT_FWD_SWEEP,1679,16.787233,100.0,-0.7420798094103632,3.0659894699526076,3.153628882611839,-0.0774109589041096,0.2855703642172335,0.2957943857514013,-0.2118201310303753,1.5879751819828005,1.601571434980669,-0.6484556283502085,0.2284329166390834,0.6874919784035792,-30.925331745086364,40.04100360799873,50.58362591371753,9.994067897558072,0.281211280751216,9.998021095501196,31.725360847240538,39.56826485986051,137.61216492737842,10.021978513093694,0.2838309869358397,12.596757797147646,-23.617754615842763,30.22597819472039,11.800902322811197,28.743698630136986,0.027514559011511137
sysid_r2,2,LEFT_REV_SWEEP,1680,16.797358,100.0,-0.7993750000000001,3.103751993861373,3.204144618600222,0.028611309523809525,0.2901410320077256,0.2914623770950631,0.9983291666666667,1.662960446874271,1.9391886136130922,-0.7251321428571429,0.24356971338715966,0.7649232096535356,25.70829821428571,44.1057276507879,51.039924401971135,9.999479761904762,0.21850665576454112,10.001865438387933,29.416143259779194,41.890761977994515,150.35780592972216,10.033013130310357,0.21458102505908336,11.354671329457318,18.98625595238095,33.79585857805594,-9.497217261904762,28.77407142857143,0.024104589315521136
sysid_r2,3,RIGHT_FWD_SWEEP,1679,16.787289,100.0,-0.7789761762954139,4.086485280553523,4.1588724210740935,-0.1008314472900536,0.3669301711177613,0.38042678926342627,1.2334449076831446,2.4264875757146815,2.7213455385530336,-0.758309708159619,0.24519185520569717,0.796942189175993,32.82810780226326,40.10643053174031,51.819421125725064,9.985502680166766,0.45399605920612973,9.995811794864697,33.25940385045581,40.058983553524584,135.09404925828522,10.024791231277135,0.44696150484312436,13.312132023083304,25.207635497319835,31.38602432915106,10.427718880285882,28.794133412745687,0.024044482460571847
sysid_r2,4,RIGHT_REV_SWEEP,1679,16.787115,100.0,-0.7368421679571173,3.6406885535194244,3.7134424964591326,0.012809410363311497,0.3118961455495257,0.3120662555068826,-0.25709946396664685,2.839044040622559,2.849819401402044,-0.7034347826086956,0.2590736392254815,0.7495996719949347,-29.658432400238233,42.89086292261754,52.135909572521506,9.991670041691483,0.446176759098246,10.001621136374283,33.677040353950844,40.08588517833362,130.43614548506102,10.024454658657804,0.4495993338443,12.830313246370878,-21.99922572960095,32.21923437024716,-11.010113162596783,28.81126265634306,0.023745310917228292
sysid_r2,5,LEFT_DYNAMIC,1400,13.996038999999996,100.0,-0.7615085714285715,3.682152116445896,3.7587837198829552,-0.0003314285714285679,0.3778161564128298,0.3776813433873285,-0.023125,2.094658893301909,2.0940383587358524,-0.7021985714285714,0.31644690306093526,0.7701622871651328,-22.131172857142857,61.81077083852563,65.63254698790837,9.998087142857143,0.32862567959595146,10.003482604287656,49.13621320806276,43.739498838563414,128.99893823206452,10.034686261036573,0.33257782289871113,12.086634974218425,-16.398335714285714,44.018359354628444,5.815053571428574,28.82424285714286,0.02463163102624708
sysid_r2,6,RIGHT_DYNAMIC,1399,13.986036999999996,100.0,-0.7421801286633309,4.077140837069367,4.1427076453376595,-0.010099356683345245,0.3949502596209973,0.39493823134273265,0.8139692637598284,2.8374910901120365,2.9509568905174874,-0.7734374553252323,0.31085888250712285,0.833528445255062,17.621052894924947,56.9423603978585,59.587047536962814,9.996914939242316,0.3961395406645832,10.004755002878367,44.24976100138793,40.244288349015484,118.07216168936691,10.0394131010637,0.39517686600108365,12.733028351495962,12.900643316654751,42.134198994495385,6.4439957112223,28.836283059328096,0.02405394373552549
sysid_r2,7,BOTH_SYNC,1999,19.98836200000001,100.0,-0.7685797898949475,7.460892928249176,7.498519306863035,-0.04227163581790896,0.6348522135772698,0.6360995242903433,0.4525767883941971,5.329449108846549,5.347302584945749,-0.7575252626313157,0.438428124619733,0.8751957417019044,1.2828434217108555,6.0978829717150385,6.229868585475632,9.983853926963484,0.8449272955752731,10.019525150431035,9.091755881812086,6.402591752735356,34.57691845725989,10.042074100232437,0.8476919648229605,13.773958726524484,0.6090795397698849,3.4514883927520144,0.7560405202601284,28.852531265632816,0.023813083817722805
sysid_r2,8,COAST_DOWN,1600,15.996874000000005,100.0,-0.7849174999999999,6.756511320863885,6.79985361478466,-0.065224375,0.40931828531418213,0.41435608403280383,0.46384812499999994,4.7669672966219725,4.787998517582791,-0.7465837500000001,0.37114144098537144,0.8336948924816561,0.7416874999999998,4.046808779075526,4.112970487220884,9.9936025,0.7245009535974416,10.01981359588341,6.756712218922473,6.360156244027659,32.244998418359394,10.036896972326076,0.7241750960698358,14.11299971657337,0.3262500000000004,2.496393458609362,-0.9925312499999995,28.867600000000003,0.02469303730420915
sysid_r2,9,TERMINATION,1380,13.794726999999995,100.0,-0.7697050724637683,0.056516748237971995,0.7717756972149319,-0.0691536231884058,0.009466226821825395,0.06979805237928942,0.4516652173913043,0.04618107101521405,0.4540182975307863,-0.759650724637681,0.009500339647963058,0.7597100858174476,0.44304565217391295,0.045270567815157516,0.44535086070471985,9.998086231884058,0.012046584054675543,9.99809348402071,0.9986858014551827,0.052310451088153465,1.173358427761952,10.027151086538018,0.012070258441371235,10.059657847064182,-0.0021014492753623185,0.29009751279605606,4.022547190670857e-20,28.88030434782609,0.024252003257687935
sysid_r3,0,REST,500,4.992093,100.0,-0.341476,0.10637134553205858,0.35762842728172484,0.270486,0.04644251951863159,0.2744362767565542,-0.37026999999999993,0.04964758670601687,0.37357706835404125,-0.292142,0.03221567219646581,0.29390937718963644,-0.05758599999999999,0.50125885476764,0.5040576018670881,9.71043,0.014869003818316025,9.710441361235853,0.576573103266652,0.43528656005923166,5.0241282825978875,9.718751446073517,0.015499416367881744,9.79161033742663,0.0029999999999999983,0.26978986850193726,0.004399999999999999,28.157980000000002,0.026089863202474986
sysid_r3,1,LEFT_FWD_SWEEP,1680,16.797553999999998,100.0,-0.13118928571428567,4.369908988671466,4.370577589866999,0.3111470238095238,0.32251936950768545,0.44807287154466935,-0.5040892857142857,1.8660624976538633,1.9324136517393402,-0.25983452380952377,0.24183313962248,0.3549118703485215,-27.420090476190477,41.426219248771886,49.66861681223342,9.707577380952381,0.35505578581762426,9.71406445211076,27.838772028004296,41.42259971847199,141.05276488250772,9.724006985260809,0.3654415916160234,12.067256316164002,-19.442261904761907,29.505688122279825,9.722886904761907,28.188678571428575,0.02436894337418347
sysid_r3,2,LEFT_REV_SWEEP,1679,16.787389,100.0,-0.6059535437760571,4.481611386810951,4.521068229618658,0.37312864800476475,0.37528094062094847,0.5291284263788368,-0.22969088743299576,1.9268711387433661,1.9399430284273238,-0.3306223942823109,0.28881835480573376,0.43895048433172573,26.2865324597975,44.783871787575976,51.91707275428225,9.707728409767718,0.30275913964038986,9.712445592155648,30.096017911976503,42.601602376818256,130.67246608983854,9.732225296355404,0.2968114735209987,11.79618268763247,18.781584276354973,32.50197526028102,-9.39444907683145,28.211548540798095,0.02364282535270439
sysid_r3,3,RIGHT_FWD_SWEEP,1679,16.787863,100.0,-0.5915622394282312,3.4305878295888634,3.4802110927570036,0.3265586658725432,0.2697545942210145,0.42351477370893686,-0.039342465753424614,2.054820356456404,2.0545850588732812,-0.3124395473496129,0.2440587226056269,0.3964185345771354,30.72490351399643,38.711817636141845,49.41388431071194,9.705974985110183,0.2912066313036864,9.71033991200466,31.09695432161171,38.62555071429684,129.79033786457296,9.723130265777373,0.29665446896700987,11.762904828315156,21.611780821917804,27.324175178961458,8.921399642644431,28.227855866587255,0.023525416981811858
sysid_r3,4,RIGHT_REV_SWEEP,1679,16.787535999999996,100.0,-0.1946354973198332,3.1747984361538957,3.179815231033715,0.3883043478260869,0.31777303303363774,0.5016969446789353,-0.6321030375223347,1.861227341415594,1.9651102345842835,-0.3278731387730792,0.21937683436958574,0.3944595378240276,-23.41221679571173,40.69958051762377,46.94253057438023,9.707814175104229,0.27252389428721424,9.711636375867952,26.774537913765364,38.75038731137738,124.32508130703154,9.728833584350546,0.2702218097126095,12.195767052547373,-16.134877903513992,28.620749996523678,-8.066021441334126,28.240589636688505,0.0248873057100522
sysid_r3,5,LEFT_DYNAMIC,1400,13.996525000000005,100.0,-0.25923285714285715,5.202148121632611,5.206747209836757,0.35495857142857146,0.47082755425419964,0.5895047340170997,-0.4620257142857143,2.2497000589649394,2.2958665049543776,-0.257355,0.33522623831403997,0.4225256889907913,-19.69032642857143,57.79360955211277,61.036255400206905,9.700078571428572,0.4225271762788393,9.709270105714142,45.27981566659484,41.337205179940995,123.26049810462392,9.7266700836991,0.43358175548136363,12.365791685128775,-14.06992857142857,41.72675209736942,5.389571428571428,28.253400000000003,0.024151298178709778
sysid_r3,6,RIGHT_DYNAMIC,1399,13.986243000000002,100.0,-0.4721265189421015,3.9770099091295767,4.003524149386988,0.36366047176554683,0.3496880785874964,0.5044237152324628,-0.17848320228734812,2.187793020367327,2.194281938393704,-0.3276054324517512,0.3407719715921893,0.47261808037016584,15.555178699070769,49.92049685451091,52.270816697186305,9.703283774124374,0.32045711755693446,9.7085702016812,36.913309513182185,37.30259461612581,113.70657367100638,9.727609782843144,0.32837704796969686,11.840778268340305,11.384846318799143,36.33712851851888,5.689170836311651,28.268091493924235,0.02344451778143624
sysid_r3,7,BOTH_SYNC,1999,19.98849,100.0,-0.38971685842921455,7.826045565358152,7.83378769222165,0.3443351675837919,0.6378520572717667,0.7247195493517518,-0.3668339169584792,5.2286535312812985,5.240201200890373,-0.21965882941470735,0.4530328878329792,0.5033747391993683,0.06796648324162065,6.936041129775048,6.934639113199414,9.686,0.8578391387597024,9.723894068732442,9.769511228970943,6.441627579401717,35.108381064925226,9.726106493191347,0.8578700664497273,14.11712187380983,0.03246623311655844,4.889034580555268,0.7825912956478241,28.284187093546773,0.024083334912907584
sysid_r3,8,COAST_DOWN,1599,15.987051999999991,100.0,-0.37457661038148843,6.961021135080116,6.968918069231391,0.29705128205128206,0.47249608125920106,0.5579895974561653,-0.37652157598499064,4.159438414531928,4.175149887023452,-0.21758223889931205,0.3899106978207758,0.44640486619811093,0.07174921826141387,5.639882456481383,5.638575127551565,9.700301438398998,0.6901440784379274,9.72480585779775,6.972526239718539,7.014690003536923,32.7909414625442,9.726524016814396,0.6910194256836203,13.275445227938684,0.1022826766729204,4.060129729691065,-0.9138993120700443,28.304571607254534,0.023521108020435003
sysid_r3,9,TERMINATION,1381,13.805621000000002,100.0,-0.37134467776973207,0.05427262056534722,0.37528689580592806,0.32404417089065896,0.010778679491318612,0.3242232571738135,-0.38123895727733526,0.044451529897364485,0.383819814826488,-0.17613685734974657,0.01108462618462276,0.1764850488956712,-0.05137074583635046,0.04602433334135095,0.06896128582614361,9.707778421433744,0.013724467650474864,9.707788115954749,0.5389447316306047,0.04953702171364919,0.7370658043892689,9.714794385942346,0.01371029629703128,9.757221530743267,0.0,0.042758167284920164,0.0,28.318406951484434,0.024953511751721322
sysid_r4,0,REST,500,4.992102,100.0,-0.16701799999999997,0.053419068409505964,0.17533653926093098,0.27956600000000004,0.010130889093641045,0.27974913404691715,-0.34355199999999997,0.051399368538653706,0.347368087192822,0.08859600000000001,0.010645347850668079,0.08923198977945074,0.256322,0.047658798118250446,0.26070632136563165,9.962508000000001,0.011532212269971427,9.962514661269012,0.46596921636752503,0.047460197413323295,0.6484388945768136,9.966834408221777,0.011508517646921011,10.000531285886765,0.0028999999999999994,0.1265013643814989,-0.00145,28.932200000000005,0.02724416431050795
sysid_r4,1,LEFT_FWD_SWEEP,1680,16.796962999999998,100.0,-0.8451666666666666,5.83163533525059,5.8908432790301966,0.32101428571428575,0.43395044610038414,0.5396768201786095,-0.8596988095238096,2.523859365385946,2.6655499530830316,0.13260238095238094,0.24263776091107123,0.2764442637357139,-28.145800595238097,42.02229284921352,50.56686733933287,9.965120833333332,0.544579423357832,9.97998113442367,28.837582126332897,42.05070341161979,131.01046121970566,9.98286026602918,0.5571190218739419,13.069933894247514,-23.023869047619048,34.56528642325784,11.511755952380955,28.975630952380957,0.024875283800969733
sysid_r4,2,LEFT_REV_SWEEP,1679,16.786914999999997,100.0,0.442041095890411,6.308126483317988,6.321721281807672,0.4022233472304944,0.38150854135967455,0.5542974836826475,0.17572424061941627,2.5360320504637524,2.5413592899274002,0.04076057176891007,0.4120591882032822,0.41394815070382157,27.018831447290054,45.240095116629455,52.682677225646984,9.963344848123882,0.5337469018776285,9.977622795137568,30.789163478480088,43.30163176792775,136.44492551209078,9.987133734405258,0.5374823198491389,13.89265878080938,21.415396069088747,36.98986468881751,-10.711652769505655,28.99480643240024,0.02430821276247301
sysid_r4,3,RIGHT_FWD_SWEEP,1679,16.786963,100.0,0.7239338892197738,3.4422276554896745,3.516525895290035,0.3582674210839785,0.3339829766346247,0.48972822926072185,0.29231209053007745,1.6200394318367495,1.6457250589405197,0.005353186420488377,0.28915525064442454,0.2891186912490118,36.68032400238237,46.63735481706039,59.32279152050741,9.96306551518761,0.31568680333985716,9.968062663429679,36.86683459503852,46.65191008159756,149.26251282220863,9.979124600106017,0.3206712937253066,12.24312092564637,26.73713519952352,34.193418826044514,11.100812983918999,28.998076235854672,0.023222074515890756
sysid_r4,4,RIGHT_REV_SWEEP,1679,16.786824000000003,100.0,-0.9707468731387728,3.321049081366744,3.4590674296731496,0.3967409172126266,0.30238589815967415,0.4987846503821259,-0.8467194758784992,2.08993820885913,2.2543677901825925,-0.05252293031566409,0.30479440780518,0.30919728152768355,-30.680993448481242,47.826101498703814,56.809304019063944,9.965898153662893,0.32624870737054473,9.971233666624467,34.96642648140037,44.97664046022244,145.50652560967842,9.983182707090902,0.3256011364131559,12.331521763351025,-22.328439547349614,35.16499387326892,-11.171349017272185,29.000732578916022,0.023043190622143828
sysid_r4,5,LEFT_DYNAMIC,1400,13.995742000000007,100.0,-0.6955307142857142,7.27440248022984,7.304991212227041,0.357655,0.5626672556452978,0.6665473731958484,-0.7113185714285715,3.625850453876897,3.6936939584339457,0.11148999999999999,0.4249749215659336,0.43920917730458625,-21.36669642857143,62.18456388815442,65.73198320852968,9.96087,0.6223531747753573,9.98027945357386,49.73272897225599,43.76898366885575,136.7800565067876,9.991988394434856,0.6353143333213476,12.920146361400091,-16.920500000000004,48.454406597253076,6.211442857142857,29.000228571428575,0.023825174202160845
sysid_r4,6,RIGHT_DYNAMIC,1399,13.986016000000006,100.0,0.2655832737669764,3.352635168810061,3.361943280904238,0.3923266619013581,0.37453380054505525,0.5423057338208342,0.09815868477483917,2.2308320449678622,2.232193870784776,-0.03918370264474625,0.2980504318642943,0.30050944116881584,19.832709077912796,62.41353246589773,65.46755632945086,9.9623924231594,0.3580570737584227,9.968820192015157,47.97167336752949,44.74858849285139,130.73941435160248,9.981610299117897,0.35961887046109525,11.72449615122117,14.396104360257326,45.816285659858785,7.19608649035025,28.993166547533953,0.024151882820898682
sysid_r4,7,BOTH_SYNC,1999,19.988577000000006,100.0,-0.16870135067533767,11.714764734433906,11.713049165199179,0.3308044022011006,0.6828084545802553,0.7585681959151247,-0.3616423211605803,4.889433034312551,4.901569269953662,0.10986393196598299,0.5541083744046219,0.5647588682700297,0.3551175587793897,4.364134809366132,4.37747113237282,9.935562781390697,1.1957130088507872,10.007218502664966,10.867132824057363,7.894286238724934,41.076831279932,9.980043348120969,1.1992725728313613,15.839172389995634,0.057028514257128446,4.1282857965874475,0.9624562281140611,28.98008504252126,0.02447737553944436
sysid_r4,8,COAST_DOWN,1600,15.996757000000002,100.0,-0.21927999999999997,9.627116322179528,9.62660514115698,0.305438125,0.5131555249551342,0.5970397479439706,-0.36293125000000004,5.699072489761002,5.708839347341104,0.11375687500000002,0.4440904192312839,0.4582943015956013,0.50823,2.8795019724521542,2.923122839533091,9.9520225,1.020853420825197,10.00421122371724,7.973785331562347,8.38270161777628,33.434175614182564,9.979753184761647,1.027579026961045,13.991579789287556,0.0007500000000000773,3.2083116045819273,-0.6519687500000009,28.965668750000006,0.02296208416620262
sysid_r4,9,TERMINATION,1380,13.795726000000002,100.0,-0.17464565217391304,0.05495220234311804,0.1830810207119447,0.2999347826086956,0.009913700514603186,0.3000984572735605,-0.3410253623188406,0.04938038199942971,0.3445793854811264,0.11551811594202897,0.010455005535877093,0.115989926474148,0.2716268115942029,0.04971424367959879,0.2761355461636051,9.961829710144928,0.011768093374494366,9.961836656038594,0.47537993520293054,0.050201557089754635,0.6513017733739099,9.967023824348153,0.011768344399488276,10.003266966346544,0.0,0.02469538861810591,0.0,28.964818840579706,0.02176835509733977
