robot,signal,min,p01,p05,median,p95,p99,max,mean,std,rms
sysid_r1,accel_x,-5.493,-2.2520999999999995,-1.538,-0.91,-0.127,0.4071499999999978,2.625,-0.889111629767938,0.43802939674116287,0.9911555087866011
sysid_r1,accel_y,-2.552,-1.3591,-0.9075,-0.348,0.132,0.6030999999999985,1.784,-0.36040330754867966,0.30595997590353385,0.47276003526833693
sysid_r1,accel_z,3.724,7.40835,8.785499999999999,9.653,10.52,12.032349999999996,16.613,9.654822085889572,0.6485681116483676,9.676581529942698
sysid_r1,accel_norm,4.039930321181295,7.486130256992988,8.867684517797107,9.70353512901276,10.62566424866899,12.116385259566675,16.850231185357664,9.716852818998408,0.6518379346860766,9.738691975782636
sysid_r1,gyro_x,-39.085,-16.64905,-7.622,-0.366,6.951,15.064049999999956,32.805,-0.3459032408642304,4.637094759421635,4.649978156926759
sysid_r1,gyro_y,-31.28,-12.320049999999998,-5.183,-0.671,4.085,9.573,29.512,-0.6630666177647374,3.289308065380365,3.355473869451271
sysid_r1,gyro_z,-123.476,-106.223,-69.634,0.183,70.793,108.23504999999996,123.841,-0.11847252600693552,34.47077693133579,34.47098051969701
sysid_r1,gyro_norm,0.4917977226462115,0.6928268181876334,0.73453726930633,0.8691162177752755,94.32844192411069,113.98914095020051,124.99166219792421,18.489718174888534,29.65232404974344,34.94467054842264
sysid_r2,accel_x,-3.837,-1.04412,-0.6313,-0.061,0.609,0.9540599999999995,3.884,-0.0393835945315105,0.3820558684274028,0.384080400590865
sysid_r2,accel_y,-2.896,-1.65918,-1.241,-0.739,-0.232,0.118,0.914,-0.7281323774591532,0.29475082385766316,0.7855283618489467
sysid_r2,accel_z,5.097,8.37782,9.3117,9.995,10.692,11.69506,14.044,9.993024941647217,0.4851671250451022,10.004795581300394
sysid_r2,accel_norm,5.316192058231155,8.413142006718003,9.368276828504644,10.02231540114359,10.739674222196374,11.765942246181977,14.11299971657337,10.031188305976539,0.48555983671898134,10.042933196282597
sysid_r2,gyro_x,-31.951,-15.671,-8.293,-0.793,6.951,14.268,29.573,-0.7654381460486829,4.536858608975816,4.6009761565633465
sysid_r2,gyro_y,-20.183,-10.18666,-4.695,0.427,5.488,11.22359999999997,19.451,0.43752830943647875,3.1242950580547664,3.1547821844532757
sysid_r2,gyro_z,-136.646,-123.54066,-89.1643,0.427,89.81089999999986,116.22359999999996,149.146,-0.34422614204734975,43.86020473294992,43.861555499698724
sysid_r2,gyro_norm,0.3905905784834038,0.8902656906789118,0.9331205709874796,3.1577374811722394,111.65618233714292,126.58089948248735,150.35780592972216,25.116979720531752,36.38811636779453,44.21490340459605
sysid_r3,accel_x,-3.968,-0.74612,-0.271,0.316,1.056,1.4810599999999996,3.978,0.3401951983994665,0.39745773535570256,0.5231686385938439
sysid_r3,accel_y,-1.96,-1.20106,-0.803,-0.289,0.268,0.643,2.328,-0.270868089363121,0.30922747454862837,0.4110853352419061
sysid_r3,accel_z,4.046,8.15076,9.099200000000002,9.708,10.351,11.352779999999994,14.073,9.702801933977993,0.46614685813311746,9.713992910402728
sysid_r3,accel_norm,4.234144659786673,8.19974999345084,9.134957601036994,9.718348882397668,10.40231496343777,11.427517576307363,14.11712187380983,9.725478830834199,0.46841899151229127,9.736752787280446
sysid_r3,gyro_x,-33.902,-16.707,-8.555299999999997,-0.366,7.378,15.976,30.122,-0.37631263754584854,4.917236281663402,4.931614730581012
sysid_r3,gyro_y,-28.72,-9.75966,-4.695,-0.366,3.841,8.72,24.512,-0.3536776925641881,2.8458448510517864,2.8677379284857065
sysid_r3,gyro_z,-139.024,-118.23566,-86.86559999999999,-0.061,88.21979999999974,119.21065999999996,130.305,0.3129997332444151,41.36162140183977,41.36280568121728
sysid_r3,gyro_norm,0.2023141122116794,0.4302783560706048,0.45648220118642086,1.4331754951854292,107.08107184763298,124.63302600887162,141.05276488250772,22.75498100144492,35.00910278946578,41.75435831741999
sysid_r4,accel_x,-4.193,-0.834,-0.362,0.305,1.1042999999999994,1.510239999999998,4.536,0.3491530510170056,0.4409066909069952,0.5624113824604196
sysid_r4,accel_y,-1.907,-0.983,-0.5772999999999999,0.074,0.7172999999999993,1.258,2.468,0.06126182060686895,0.37004092345914663,0.3750777195443182
sysid_r4,accel_z,3.969,7.6827,8.9967,9.963,10.947599999999998,12.221359999999997,15.834,9.958399399799934,0.6618026967327756,9.980365795667934
sysid_r4,accel_norm,4.059019339692779,7.74354411396479,9.026250085459449,9.968852040230107,10.999013119234721,12.320014859908756,15.839172389995634,9.980993340892137,0.6666807356035319,10.003234040756922
sysid_r4,gyro_x,-39.573,-23.78,-12.195,-0.183,10.854,20.732,40.976,-0.18051923974658216,6.728542585899023,6.730963714519295
sysid_r4,gyro_y,-27.5,-11.159,-5.671,-0.305,4.756,10.0,20.854,-0.3257505168389463,3.27405051339066,3.2902158232332552
sysid_r4,gyro_z,-144.817,-123.78,-96.76189999999998,0.244,97.07909999999968,129.146,149.207,0.5342572857619203,46.46637071284673,46.46944198149027
sysid_r4,gyro_norm,0.21993862780330334,0.366,0.4092004398824615,1.915677947881637,118.88459166753313,136.88309814278028,149.26251282220863,26.199322732032986,39.104167541881004,47.069527624151064
