dir_link,tau_sec,adev_m
2->1,0.19999999999998863,0.019677552808727183
2->1,0.39999999999997726,0.014207164480434617
2->1,0.5999999999999659,0.012518793511747991
2->1,0.9999999999999432,0.012115845616729317
2->1,1.1999999999999318,0.012711318359190933
2->1,1.7999999999998977,0.01569669718405392
2->1,2.199999999999875,0.0183885839326526
2->1,2.9999999999998295,0.023886779586831983
2->1,3.9999999999997726,0.03128414736237027
2->1,5.399999999999693,0.04097566921464323
2->1,6.999999999999602,0.05160801910743898
2->1,9.399999999999466,0.0665225988215055
2->1,12.399999999999295,0.08433829556771871
2->1,16.19999999999908,0.1055680695397789
2->1,21.399999999998784,0.13399949266444822
2->1,28.399999999998386,0.18357378922863296
2->1,37.399999999997874,0.22799390301861436
2->1,49.1999999999972,0.29735990019520936
2->1,64.79999999999632,0.390724257651863
2->1,85.39999999999515,0.545806877658823
2->1,112.5999999999936,0.678696003251113
2->1,148.19999999999158,0.8652815784009428
2->3,0.19999999999998863,0.01951894728884965
2->3,0.39999999999997726,0.01389526167936559
2->3,0.5999999999999659,0.011353722341593214
2->3,0.9999999999999432,0.010445418176257715
2->3,1.1999999999999318,0.01069176594800026
2->3,1.7999999999998977,0.01294273126000684
2->3,2.199999999999875,0.014843077686449989
2->3,2.9999999999998295,0.01877638310916519
2->3,3.9999999999997726,0.024347494500160816
2->3,5.399999999999693,0.031285878626098405
2->3,6.999999999999602,0.03879747051189624
2->3,9.399999999999466,0.048560888742743266
2->3,12.399999999999295,0.05910243804612095
2->3,16.399999999999068,0.07202203403918792
2->3,21.599999999998772,0.08402957373927386
2->3,28.399999999998386,0.1197055979200398
2->3,37.399999999997874,0.1318323862077715
2->3,49.1999999999972,0.17724162259827791
2->3,64.9999999999963,0.21894064782218656
2->3,85.59999999999513,0.2696474228168999
2->3,112.79999999999359,0.29736823099805276
2->3,148.59999999999155,0.33703791284006196
2->4,0.19999999999998863,0.019301205484472148
2->4,0.39999999999997726,0.013966399764813129
2->4,0.5999999999999659,0.011675609890158136
2->4,0.9999999999999432,0.010280061925260464
2->4,1.1999999999999318,0.010694223613286041
2->4,1.7999999999998977,0.01211352484398107
2->4,2.199999999999875,0.013834346218874735
2->4,2.9999999999998295,0.017723892497322306
2->4,3.9999999999997726,0.022466580066800402
2->4,5.399999999999693,0.028698394584251923
2->4,6.999999999999602,0.03454573303409602
2->4,9.399999999999466,0.04190603035981999
2->4,12.399999999999295,0.047570094504695314
2->4,16.399999999999068,0.05369181667389359
2->4,21.599999999998772,0.053226393363957104
2->4,28.399999999998386,0.07873591304483804
2->4,37.399999999997874,0.035167801509340305
2->4,49.1999999999972,0.03374190701305474
2->4,64.9999999999963,0.03272454684955863
2->4,85.59999999999513,0.023825916369452593
2->4,112.79999999999359,0.025130920719918702
2->4,148.59999999999155,0.01235321127891892
3->1,0.19999999999998863,0.020738596235232994
3->1,0.39999999999997726,0.014680931439543137
3->1,0.5999999999999659,0.012469115237964413
3->1,0.7999999999999545,0.01028483417913768
3->1,0.9999999999999432,0.010748600471777886
3->1,1.1999999999999318,0.010407091035333563
3->1,1.7999999999998977,0.01135542613825346
3->1,2.3999999999998636,0.012695634732337058
3->1,3.199999999999818,0.014873649647148634
3->1,4.199999999999761,0.018203505120446013
3->1,5.599999999999682,0.02261165499070034
3->1,7.399999999999579,0.02831116353143483
3->1,9.599999999999454,0.035233521786813986
3->1,12.799999999999272,0.04543732928174506
3->1,16.999999999999034,0.057815272960399684
3->1,22.399999999998727,0.07397174678783136
3->1,29.599999999998317,0.09395748413163864
3->1,38.99999999999778,0.12054746954630317
3->1,51.59999999999707,0.15767070304961717
3->1,68.19999999999612,0.208432017500103
3->1,89.99999999999488,0.28923462039867703
3->1,118.99999999999324,0.3616705311023372
3->1,156.99999999999108,0.45789965227756385
3->2,0.19999999999998863,0.017305274427427474
3->2,0.39999999999997726,0.012906842131579893
3->2,0.5999999999999659,0.011501380643188092
3->2,0.7999999999999545,0.01091647615469206
3->2,0.9999999999999432,0.011120234639699788
3->2,1.1999999999999318,0.011080942664836125
3->2,1.7999999999998977,0.014089811447332954
3->2,2.3999999999998636,0.017542987788609656
3->2,3.199999999999818,0.022299372451231394
3->2,4.199999999999761,0.028258777779437215
3->2,5.599999999999682,0.03596978651079528
3->2,7.399999999999579,0.045147267961851915
3->2,9.599999999999454,0.05604189627969811
3->2,12.799999999999272,0.06970457117004049
3->2,16.999999999999034,0.07859623567575753
3->2,22.399999999998727,0.09860352107940845
3->2,29.599999999998317,0.1202208801402513
3->2,39.19999999999777,0.16472518387957377
3->2,51.799999999997056,0.1849466898883042
3->2,68.39999999999611,0.21193563505709037
3->2,90.39999999999486,0.26636661100077147
3->2,119.19999999999322,0.29257157217953944
3->2,157.59999999999104,0.3193520493508666
3->4,0.19999999999998863,0.019963421470915163
3->4,0.39999999999997726,0.014545308407336937
3->4,0.5999999999999659,0.011916488595868436
3->4,0.7999999999999545,0.01118338000031988
3->4,0.9999999999999432,0.010467200068093766
3->4,1.1999999999999318,0.009874310846031596
3->4,1.7999999999998977,0.011214165216520324
3->4,2.3999999999998636,0.01347117630335842
3->4,3.199999999999818,0.016520854342470345
3->4,4.199999999999761,0.020852007454968412
3->4,5.599999999999682,0.026790403303649363
3->4,7.399999999999579,0.03432786699826458
3->4,9.599999999999454,0.04301268502309906
3->4,12.799999999999272,0.05497351355457833
3->4,16.999999999999034,0.07005546876869923
3->4,22.399999999998727,0.088341110904334
3->4,29.599999999998317,0.11202424995233502
3->4,39.19999999999777,0.14000668395082935
3->4,51.799999999997056,0.1749517984957333
3->4,68.19999999999612,0.21558505184888713
3->4,90.19999999999487,0.2803802473064324
3->4,119.19999999999322,0.31716502235006944
3->4,157.39999999999105,0.35869339979960535
4->1,0.19999999999998863,0.015945881425280903
4->1,0.39999999999997726,0.01138589376273485
4->1,0.5999999999999659,0.009939776364940112
4->1,0.7999999999999545,0.008956085658870747
4->1,0.9999999999999432,0.008665945554464625
4->1,1.3999999999999204,0.009409464741416974
4->1,1.7999999999998977,0.010493828395350555
4->1,2.3999999999998636,0.012946493000878476
4->1,3.199999999999818,0.016434517180398983
4->1,4.39999999999975,0.022227053072049616
4->1,5.79999999999967,0.029114728266033993
4->1,7.599999999999568,0.038132474444933145
4->1,10.19999999999942,0.05123172027700241
4->1,13.399999999999238,0.06743921549755616
4->1,17.799999999998988,0.08916437881624732
4->1,23.799999999998647,0.11981907528652076
4->1,31.399999999998215,0.15872238681499987
4->1,41.599999999997635,0.2091669104153389
4->1,55.19999999999686,0.277534809168641
4->1,73.19999999999584,0.3691975723099572
4->1,96.99999999999449,0.48232411899837685
4->1,128.5999999999927,0.6654331612471116
4->1,170.3999999999903,0.850257496298468
4->2,0.19999999999998863,0.017985187350277054
4->2,0.39999999999997726,0.013014145542496683
4->2,0.5999999999999659,0.010948547422572697
4->2,0.7999999999999545,0.010100105900330548
4->2,0.9999999999999432,0.009353379452060502
4->2,1.3999999999999204,0.009856177972594997
4->2,1.7999999999998977,0.011036567123438298
4->2,2.3999999999998636,0.013552130531957139
4->2,3.199999999999818,0.016576928270140248
4->2,4.39999999999975,0.021373727213178297
4->2,5.79999999999967,0.02587564303998662
4->2,7.599999999999568,0.030665900564587196
4->2,10.19999999999942,0.03955507293432772
4->2,13.399999999999238,0.043292730309356285
4->2,17.999999999998977,0.05106457989222761
4->2,23.799999999998647,0.06241004898816854
4->2,31.599999999998204,0.047388942554165106
4->2,41.799999999997624,0.05249955796300833
4->2,55.39999999999685,0.07474570199515328
4->2,73.39999999999583,0.0562830273823106
4->2,97.39999999999446,0.04824214036078844
4->2,128.99999999999267,0.05253086844537039
4->2,170.99999999999028,0.03636268796749258
4->3,0.19999999999998863,1106.391940493637
4->3,0.39999999999997726,782.4516222750915
4->3,0.5999999999999659,638.9626220260322
4->3,0.7999999999999545,553.4390554197648
4->3,0.9999999999999432,495.0834341353529
4->3,1.3999999999999204,418.790157222472
4->3,1.7999999999998977,369.2295313965343
4->3,2.3999999999998636,319.90270846911767
4->3,3.199999999999818,277.69626218896474
4->3,4.39999999999975,236.96056856439822
4->3,5.79999999999967,207.12465357917856
4->3,7.599999999999568,180.45981210407402
4->3,10.19999999999942,156.14097891004593
4->3,13.399999999999238,136.55215294911838
4->3,17.999999999998977,118.17217816472905
4->3,23.799999999998647,104.6229076204333
4->3,31.599999999998204,64.73755803603017
4->3,41.799999999997624,56.50959046745197
4->3,55.39999999999685,49.78619988182689
4->3,73.39999999999583,44.0556881175262
4->3,97.39999999999446,38.327097356647606
4->3,128.99999999999267,35.41544580178952
4->3,170.99999999999028,30.822798847694063
