dir_link,variance_m2,acf1,is_white_noise,ljung_box_p,is_gaussian,jarque_bera_p
2->1,1.9247047716860135,0.9990669447032902,False,0.0,False,1.2380733777760719e-61
2->3,0.2534033604116645,0.9972243032597838,False,0.0,False,1.0652103033233e-311
2->4,0.005904949044283169,0.9337226027690412,False,0.0,False,0.0
3->1,0.5503462615347525,0.9986297270719211,False,0.0,False,9.651200162297732e-65
3->2,0.20068109713377585,0.9963864583752476,False,0.0,False,0.0
3->4,0.2175120724171436,0.9956881341519903,False,0.0,False,0.0
4->1,1.8472787902045051,0.9992069178206407,False,0.0,False,2.2797528731221847e-74
4->2,0.008229736324098727,0.9599123734446167,False,0.0,False,0.0
4->3,1223728.434581219,-0.00030626999770022627,True,1.0,False,0.0
