dir_link,base_bias_m,base_bias_se,alpha_init_m_per_C,alpha_init_se,alpha_init_p,alpha_resp_m_per_C,alpha_resp_se,alpha_resp_p,R2_score,residual_rmse_m
2->1,78.18920218855204,0.006893434919818467,-0.34541877776433094,0.010735123587742569,4.085382069478365e-195,0.6444236230882858,0.010538049190948305,0.0,0.9267224341073534,0.37567639216685517
2->3,43.60974165545077,0.0015758434126971687,0.044397388946516264,0.0033095328739935373,6.9977887192878855e-40,0.07835114159223473,0.003481499172360662,1.089600321197559e-103,0.9708948325447613,0.08590876250479705
2->4,40.00902555720046,0.0014012105388248467,-0.013017825023268348,0.002676771173793541,1.2148231451207058e-06,0.012495333421543943,0.0028669193065117907,1.354318654992107e-05,0.012477528987358433,0.07638846755280711
3->1,72.73036213250707,0.003833149061171214,-0.3214049849430928,0.0045014092216844005,0.0,0.39878024539700097,0.0035884490931424582,0.0,0.916035451379308,0.2150324878688601
3->2,33.54878299492382,0.001350295095786686,-0.11483001787321674,0.0019226305187748948,0.0,-0.011495110134445014,0.0017869476677487164,1.4425960499934947e-10,0.9713805436151141,0.07580917924409929
3->4,35.18889774674705,0.000924369655076087,-0.1375577651457229,0.0014067005856717317,0.0,0.004311882518025487,0.0013887260151892941,0.0019202325638959955,0.9876296904586195,0.05188835250631398
4->1,76.73137963615052,0.0077397101590097,-0.3537218901377416,0.013983073232864109,1.5947688058999218e-129,0.6303730492926658,0.013483831479188265,0.0,0.8895510683217539,0.45182940395838433
4->2,37.62309674269007,0.0014065204160327068,-0.013746485712240639,0.00279203804840254,8.90540850885271e-07,0.0050365255768487615,0.0030430058333148395,0.09799294103206257,0.17836648889333273,0.08225439142107563
4->3,23.757017543857916,18.916903841613543,-39.51101364123931,36.91586242262019,0.28456030273022437,36.13730171091878,37.14723756462146,0.33071529490169027,0.0004902265381677706,1106.275028308403
