dir_link,init_id,resp_id,loaded,gt_m,count,mean_raw_m,mean_cfo_m,bias_cfo_m,std_m,median_m,mad_m,skewness,kurtosis,cfo_ppm_mean,rssi_mean,noise_mean,rx_quality_mean,lde_error_rate
1->2,1,2,False,2.0,0,,,,,,,,,,,,,
1->3,1,3,False,2.828427,0,,,,,,,,,,,,,
1->4,1,4,False,2.0,0,,,,,,,,,,,,,
2->1,2,1,True,2.0,2970,60.53275040404041,80.1892021885522,78.1892021885522,1.3873372955723542,80.6144,1.5997253999999903,-0.45124375288673063,-1.2050262106064795,-52.45054208754209,-71.21112794612795,81.2983164983165,40.33424579124579,0.0
2->3,2,3,True,2.0,2972,43.087398553162856,45.609741655450875,43.609741655450875,0.5033918557263958,45.79775,0.298743899999999,-1.5367408369466986,1.4554378136575812,-6.7278162853297445,-64.72771197846568,17.679676985195155,269.4747947510094,0.0
2->4,2,4,True,2.828427,2972,42.223490612382236,42.837452557200535,40.00902555720054,0.07684366626003192,42.8344,0.03528588000000204,-1.3740230125986848,8.474452348445707,-1.6351749663526245,-70.3414737550471,16.30820995962315,251.37776581426647,0.0
3->1,3,1,True,2.828427,3147,58.58517616777884,75.55878913250714,72.73036213250714,0.7418532614572457,75.8237,0.8978625599999932,-0.25512149364786546,-1.4099301332854468,-45.291290117572295,-76.92663806800127,52.95455989831586,60.6936161423578,0.0
3->2,3,2,True,2.0,3152,38.05661383248731,35.54878299492386,33.54878299492386,0.44797443803611814,35.3451,0.11037957000000348,2.154532148708671,4.02085812088569,6.695348984771574,-64.16004124365483,18.861675126903553,240.85853109137054,0.0
3->4,3,4,True,2.0,3151,39.08404738178356,37.18889774674706,35.18889774674706,0.46638189546458986,36.9676,0.11045370000000067,1.9036985730675933,2.9300597124192356,5.060266582037448,-76.59129165344335,14.659473183116472,232.15655347508726,0.0
4->1,4,1,True,2.0,3408,59.672593720657275,78.73137963615024,76.73137963615024,1.3591463461321982,79.05879999999999,1.6567313700000181,-0.39727169851949745,-1.3255080659680565,-50.85556044600939,-inf,86.85915492957747,41.459374999999994,0.0
4->2,4,2,True,2.828427,3420,41.03128520467837,40.45152374269006,37.62309674269006,0.09071789417804366,40.4348,0.04536755999999961,2.3763787971131403,7.462583248248256,1.550081871345029,-70.72398830409357,15.16842105263158,274.28697953216374,0.0
4->3,4,3,True,2.0,3420,23.897350877192974,25.75701754385964,23.75701754385964,1106.222597211438,44.8411,0.37405998000000784,-58.45509855488322,3414.9991292021255,-4.959447368421052,-inf,15.225730994152046,236.98333333333332,0.0
