dir_link,model,n_params,r2_score,rmse_m,cv_rmse_m,aic,bic
2->1,M0_Static,1,1.1102230246251565e-16,1.3871037174419718,1.3877340893348118,1945.6744257539178,1951.6707429857145
2->1,M1_Linear_Temp,3,0.9267224341073534,0.37548660867802386,0.37640529226273783,-5812.422878070396,-5794.433926375006
2->1,M2_Parabolic_Temp,5,0.9878864268041289,0.15266696416172618,0.15309878411765593,-11154.20882318937,-11124.227237030387
2->1,M3_Temp_Vbat,4,0.9267224341073539,0.37548660867802286,0.3764052922627374,-5810.422878070412,-5786.437609143225
2->1,M4_Full_Multivariate,5,0.935958359644754,0.3510267064963894,0.35582636709399795,-6208.544250867,-6178.562664708016
2->3,M0_Static,1,0.0,0.5033071595273062,0.5038284979709112,-4078.880780947575,-4072.8837905417377
2->3,M1_Linear_Temp,3,0.9708948325447613,0.08586539249151313,0.08609763518107891,-14586.367908057518,-14568.376936840006
2->3,M2_Parabolic_Temp,5,0.9743808688497949,0.08055923004501182,0.08079793399997753,-14961.524823976162,-14931.539871946974
2->3,M3_Temp_Vbat,4,0.9708948325447613,0.08586539249151315,0.08609763518107826,-14584.367908057518,-14560.379946434168
2->3,M4_Full_Multivariate,5,0.9708967340634211,0.08586258753749271,0.08614414051715048,-14582.562083132496,-14552.577131103308
2->4,M0_Static,1,-2.220446049250313e-16,0.0768307372339019,0.07683768598944331,-15251.19853929117,-15245.201548885332
2->4,M1_Linear_Temp,3,0.012477528987358433,0.07634990374678886,0.07648737257245225,-15284.515051564658,-15266.524080347146
2->4,M2_Parabolic_Temp,5,0.07452352294543518,0.07391246610786713,0.07414560468651575,-15473.369726798479,-15443.38477476929
2->4,M3_Temp_Vbat,4,0.012477528987360431,0.07634990374678878,0.07648737257245218,-15282.515051564664,-15258.527089941314
2->4,M4_Full_Multivariate,5,0.024762240243713318,0.07587352381534332,0.07600937707293866,-15317.718412463943,-15287.733460434754
3->1,M0_Static,1,1.1102230246251565e-16,0.7417353853523533,0.7420830936054891,-1878.4125781490716,-1872.3583732520071
3->1,M1_Linear_Temp,3,0.916035451379308,0.2149299693944425,0.21513521040943462,-9670.666416096792,-9652.503801405599
3->1,M2_Parabolic_Temp,5,0.9722986366430977,0.12345240928443763,0.12378405935155769,-13156.41574947288,-13126.144724987558
3->1,M3_Temp_Vbat,4,0.9160354513793083,0.21492996939444212,0.21513521040943442,-9668.666416096805,-9644.449596508548
3->1,M4_Full_Multivariate,5,0.916306655298003,0.21458257876438905,0.21547862124800127,-9676.84761853988,-9646.576594054557
3->2,M0_Static,1,-2.220446049250313e-16,0.44790337046399875,0.44831399682175044,-5061.2326038333085,-5055.176811382331
3->2,M1_Linear_Temp,3,0.9713805436151141,0.07577309395245027,0.0760463340302146,-16258.395713541837,-16240.228336188904
3->2,M2_Parabolic_Temp,5,0.9754855422987319,0.070128649523931,0.07042221525895974,-16742.4000977337,-16712.12113547881
3->2,M3_Temp_Vbat,4,0.9713805436151142,0.07577309395245004,0.07604633403021362,-16256.395713541857,-16232.172543737946
3->2,M4_Full_Multivariate,5,0.971538029910265,0.07556432538869072,0.07584039301048391,-16271.788343421478,-16241.50938116659
3->4,M0_Static,1,3.3306690738754696e-16,0.4663078842135541,0.4666936355947246,-4805.853572214891,-4799.798097073133
3->4,M1_Linear_Temp,3,0.9876296904586195,0.051863645726479966,0.05192780814969889,-18642.482646690765,-18624.316221265493
3->4,M2_Parabolic_Temp,5,0.9892521389958195,0.048343020191101975,0.0484090100726153,-19081.489460506364,-19051.21208479758
3->4,M3_Temp_Vbat,4,0.9876296904586195,0.051863645726479966,0.05192780814969889,-18640.482646690765,-18616.260746123735
3->4,M4_Full_Multivariate,5,0.9877565334718006,0.05159706016128917,0.05167825083951366,-18670.959246100934,-18640.68187039215
4->1,M0_Static,1,0.0,1.3591412778770167,1.3602690314339227,2092.8969347968264,2099.0305222144875
4->1,M1_Linear_Temp,3,0.8895557692356192,0.45168546955159994,0.4523767056982385,-5409.5573642287645,-5391.156601975782
4->1,M2_Parabolic_Temp,5,0.9712134224983511,0.23060016797349894,0.23095900381449494,-9986.614589749322,-9955.946652661018
4->1,M3_Temp_Vbat,4,0.889555769235617,0.4516854695516045,0.4523767056982394,-5407.5573642286945,-5383.023014558051
4->1,M4_Full_Multivariate,5,0.8913483270731337,0.4480049486630914,0.4486844520898012,-5461.3081174423505,-5430.640180354046
4->2,M0_Static,1,0.0,0.09070463035836927,0.0907298994118012,-16415.004603138896,-16408.86720730884
4->2,M1_Linear_Temp,3,0.17836648889333273,0.08221830701862796,0.082328668347065,-17082.900653989072,-17064.488466498904
4->2,M2_Parabolic_Temp,5,0.3848503537726933,0.07114098059126227,0.07144274875336572,-18068.747423568842,-18038.06044441856
4->2,M3_Temp_Vbat,4,0.17836648889333262,0.08221830701862798,0.08232866834706576,-17080.900653989072,-17056.351070668847
4->2,M4_Full_Multivariate,5,0.18516714131724354,0.08187733995140002,0.08204841781953284,-17107.32576019201,-17076.638781041725
4->3,M0_Static,1,0.0,1106.222548847556,1106.4246419061596,47927.534236103274,47933.67133949291
4->3,M1_Linear_Temp,3,0.0004901555812747427,1105.9514050395962,1106.7779017039097,47929.857983325004,47948.26929349392
4->3,M2_Parabolic_Temp,5,0.0010261737733914256,1105.6548148781635,1107.147355220471,47932.02394658033,47962.709463528525
4->3,M3_Temp_Vbat,4,0.0004901555812747427,1105.9514050395962,1106.7779017039097,47931.857983325004,47956.40639688356
4->3,M4_Full_Multivariate,5,0.000507328684302033,1105.9419040331231,1106.7922235733106,47933.799239187574,47964.48475613577
