t_ms,x,y,heading,v_cmd,omega_cmd,rpm_l,rpm_r,gyro_z,imu_temp_c,imu_accel_x,vbat,current_a,duty_l,duty_r,target_rpm_l,target_rpm_r,uwb1_peer_id,uwb1_lde_err,uwb1_std_noise,uwb1_fp_ampl1,uwb1_fp_ampl2,uwb1_cir_pwr,uwb1_raw,uwb1_clean,uwb1_rssi,uwb1_fp_power,uwb1_resp_temp,uwb2_peer_id,uwb2_lde_err,uwb2_std_noise,uwb2_fp_ampl1,uwb2_fp_ampl2,uwb2_cir_pwr,uwb2_raw,uwb2_clean,uwb2_rssi,uwb2_fp_power,uwb2_resp_temp,uwb3_peer_id,uwb3_lde_err,uwb3_std_noise,uwb3_fp_ampl1,uwb3_fp_ampl2,uwb3_cir_pwr,uwb3_raw,uwb3_clean,uwb3_rssi,uwb3_fp_power,uwb3_resp_temp,rxpacc,eskf_var_x,eskf_var_y,eskf_var_theta,eskf_var_bias,tdma_frame_id,tdma_slot_index,tdma_sync_lost,maneuver_id,robot_state
9311,0.9999966025352478,1.0,-0.0022736748214811087,0.0,0.0,0.34392112493515015,-0.23294588923454285,-0.002128450432792306,26.5390625,0.14484919607639313,7.807499885559082,0.0024999999441206455,0.0,0.0,0.0,0.0,1,0,0,0,0,0,0.0,0.0,0.0,0.0,0.0,2,0,0,0,0,0,0.0,0.0,0.0,0.0,0.0,4,0,0,0,0,0,0.0,0.0,0.0,0.0,0.0,0,0.0001078677669283934,0.0001078677669283934,1.049632487593044e-07,8.902063086679846e-08,42,0,0,1,1
9551,0.9999879002571106,1.0,-0.0023466681595891714,-0.00010192492482019588,0.002523939125239849,-0.051681797951459885,-0.2039358764886856,-0.002128450432792306,26.462890625,0.14784196019172668,7.807499885559082,0.002749999985098839,0.0,0.0,-0.0884481817483902,0.015948263928294182,1,0,0,0,0,0,0.0,0.0,0.0,0.0,0.0,2,0,0,0,0,0,0.0,0.0,0.0,0.0,0.0,4,0,0,0,0,0,0.0,0.0,0.0,0.0,0.0,0,0.0001081076989066787,0.0001081076989066787,1.0489922175338506e-07,8.629790215763933e-08,43,0,0,1,1
9791,0.9999855160713196,1.0,-0.0024054530076682568,-0.0013988838763907552,0.028355799615383148,-0.0007409952231682837,-0.18634174764156342,-0.001064225216396153,26.44921875,0.181959331035614,7.737499713897705,0.08675000071525574,-0.34880751371383667,0.0,-1.0839513540267944,0.08891547471284866,1,0,0,0,0,0,0.0,0.0,0.0,0.0,0.0,2,0,0,0,0,0,0.0,0.0,0.0,0.0,0.0,4,0,0,0,0,0,0.0,0.0,0.0,0.0,0.0,0,0.00010834763088496402,0.00010834763088496402,1.0483909562708504e-07,8.373819326834564e-08,44,0,0,1,1
10031,0.999992311000824,1.0,-0.002477871021255851,-0.003236548975110054,0.06487071514129639,-1.419607258412725e-07,0.2344953715801239,-0.002128450432792306,26.48828125,0.14664486050605774,7.747499942779541,0.0925000011920929,-0.3746853470802307,0.0,-2.4926974773406982,0.1905175894498825,1,0,0,0,0,0,0.0,0.0,0.0,0.0,0.0,2,0,0,0,0,0,0.0,0.0,0.0,0.0,0.0,4,0,0,0,0,0,0.0,0.0,0.0,0.0,0.0,0,0.00010858756286324933,0.00010858756286324933,1.0478245116019025e-07,8.132734308219369e-08,45,0,0,1,1
10271,0.9999591708183289,1.0,-0.002190257655456662,-0.00772802485153079,0.1551104635000229,-0.008689424023032188,-0.0032066660933196545,-0.001064225216396153,26.517578125,0.13108254969120026,7.759999752044678,0.09825000166893005,-0.41269469261169434,0.0,-5.9563775062561035,0.4593793749809265,1,0,0,0,0,0,0.0,0.0,0.0,0.0,0.0,2,0,0,0,0,0,0.0,0.0,0.0,0.0,0.0,4,0,0,0,0,0,0.0,0.0,0.0,0.0,0.0,0,0.00010882749484153464,0.00010882749484153464,1.0472896150304223e-07,7.905272525476903e-08,46,0,0,1,1
10511,0.9999716281890869,1.0,-0.0022160091903060675,-0.012171750888228416,0.24224582314491272,-1.6647302345518256e-06,-0.3881514370441437,-0.003192675532773137,26.484375,0.1215057373046875,7.716249942779541,0.18424999713897705,-0.44989901781082153,0.39949145913124084,-9.338872909545898,0.6810209155082703,1,0,0,0,0,0,0.0,0.0,0.0,0.0,0.0,2,0,0,0,0,0,0.0,0.0,0.0,0.0,0.0,4,0,0,0,0,0,0.0,0.0,0.0,0.0,0.0,0,0.00010906742681981996,0.00010906742681981996,1.0467841349282025e-07,7.690319137054757e-08,47,0,0,1,1
10751,0.9999794960021973,1.0,-0.0022568702697753906,-0.017816778272390366,0.3533088266849518,-3.189309372153559e-10,0.0009400518028996885,-0.001064225216396153,26.48046875,0.16340427100658417,7.707499980926514,0.2045000046491623,-0.49719029664993286,0.407685786485672,-13.643467903137207,0.9702690243721008,1,0,0,0,0,0,0.0,0.0,0.0,0.0,0.0,2,0,0,0,0,0,0.0,0.0,0.0,0.0,0.0,4,0,0,0,0,0,0.0,0.0,0.0,0.0,0.0,0,0.00010930735879810527,0.00010930735879810527,1.0463060817755832e-07,7.486871567152775e-08,48,0,0,1,1
10991,0.9991814494132996,0.9999970197677612,0.010630957782268524,-0.028045155107975006,0.5711314082145691,-9.558484077453613,-0.017221568152308464,0.18517518043518066,26.51953125,0.2059013396501541,7.694999694824219,0.22624999284744263,-0.5388543605804443,0.42099833488464355,-21.786069869995117,1.8373545408248901,1,0,0,0,0,0,0.0,0.0,0.0,0.0,0.0,2,0,0,0,0,0,0.0,0.0,0.0,0.0,0.0,4,0,0,0,0,0,0.0,0.0,0.0,0.0,0.0,0,0.00010954729077639058,0.00010954729077639058,1.0458526844558946e-07,7.294035242466634e-08,49,0,0,1,1
11231,0.9938584566116333,0.9996916651725769,0.10258745402097702,-0.02734900265932083,0.7916451692581177,-20.488855361938477,-0.38920509815216064,0.4161120355129242,26.515625,0.3621230125427246,7.691249847412109,0.22599999606609344,-0.5315852165222168,0.47470399737358093,-26.098981857299805,6.645443916320801,1,0,0,0,0,0,0.0,0.0,0.0,0.0,0.0,2,0,0,0,0,0,0.0,0.0,0.0,0.0,0.0,4,0,0,0,0,0,0.0,0.0,0.0,0.0,0.0,0,0.0001097872227546759,0.0001097872227546759,1.0454228771550333e-07,7.111002986448511e-08,50,0,0,1,1
11471,0.9863302111625671,0.9984148144721985,0.2481345683336258,-0.014936069026589394,1.2288167476654053,-26.960939407348633,6.754357814788818,0.9216189980506897,26.51171875,0.002394201699644327,7.672499656677246,0.28199997544288635,-0.5500531196594238,0.5840820670127869,-30.72553253173828,20.101404190063477,1,0,0,0,0,0,0.0,0.0,0.0,0.0,0.0,2,0,0,0,0,0,0.0,0.0,0.0,0.0,0.0,4,0,0,0,0,0,0.0,0.0,0.0,0.0,0.0,0,0.00011002715473296121,0.00011002715473296121,1.0450141019191506e-07,6.93704862442246e-08,51,0,0,1,1
11711,0.9825025796890259,0.9970570802688599,0.49687543511390686,-0.0020588436163961887,1.5841834545135498,-30.431076049804688,26.32789421081543,1.2994189262390137,26.51171875,0.578798234462738,7.667500019073486,0.2849999964237213,-0.5631299018859863,0.6148478388786316,-33.49513244628906,32.030662536621094,1,0,0,0,0,0,0.0,0.0,0.0,0.0,0.0,2,0,0,0,0,0,0.0,0.0,0.0,0.0,0.0,4,0,0,0,0,0,0.0,0.0,0.0,0.0,0.0,0,0.00011026708671124652,0.00011026708671124652,1.044624724499954e-07,6.7715149043579e-08,52,0,0,1,1
11951,0.9831425547599792,0.9977455735206604,0.8390900492668152,0.018210021778941154,1.9405537843704224,-33.47188186645508,42.945011138916016,1.4750161170959473,26.4453125,-0.9558850526809692,7.654999732971191,0.31200000643730164,-0.5497000217437744,0.6889666318893433,-33.65662384033203,46.60953903198242,1,0,0,0,0,0,0.0,0.0,0.0,0.0,0.0,2,0,0,0,0,0,0.0,0.0,0.0,0.0,0.0,4,0,0,0,0,0,0.0,0.0,0.0,0.0,0.0,0,0.00011050701868953183,0.00011050701868953183,1.17632424689873e-07,6.626253679087313e-08,53,0,0,1,1
12191,0.9864116907119751,1.0037403106689453,1.2579474449157715,0.06148654595017433,2.0,-25.617469787597656,54.6428337097168,1.9294402599334717,26.48828125,0.5626373887062073,7.644999980926514,0.34975001215934753,-0.4103509783744812,0.8097006678581238,-19.494598388671875,63.23040771484375,1,0,0,0,0,0,0.0,0.0,0.0,0.0,0.0,2,0,0,0,0,0,0.0,0.0,0.0,0.0,0.0,4,0,0,0,0,0,0.0,0.0,0.0,0.0,0.0,0,0.00011074695066781715,0.00011074695066781715,1.0540021833094215e-07,6.464298252240042e-08,54,0,0,1,1
12431,0.9871144890785217,1.018516182899475,1.7442171573638916,0.09828822314739227,2.0,-14.117856979370117,71.80425262451172,2.188046932220459,26.484375,-0.3908534348011017,7.648749828338623,0.31700000166893005,-0.3190879821777344,0.8650287389755249,-6.405951976776123,76.31905364990234,1,0,0,0,0,0,0.0,0.0,0.0,0.0,0.0,2,0,0,0,0,0,0.0,0.0,0.0,0.0,0.0,4,0,0,0,0,0,0.0,0.0,0.0,0.0,0.0,0,0.00011098688264610246,0.00011098688264610246,1.044047053255781e-07,6.319807965837754e-08,55,0,0,1,1
12671,0.9764491319656372,1.0418330430984497,2.2028541564941406,0.12699854373931885,1.1493220329284668,11.430706024169922,76.10504150390625,1.5654752254486084,26.45703125,0.46088382601737976,7.671249866485596,0.2762500047683716,0.5375077128410339,0.7451914548873901,21.39805793762207,68.9368896484375,1,0,0,0,0,0,0.0,0.0,0.0,0.0,0.0,2,0,0,0,0,0,0.0,0.0,0.0,0.0,0.0,4,0,0,0,0,0,0.0,0.0,0.0,0.0,0.0,0,0.00011122681462438777,0.00011122681462438777,1.0432635377810584e-07,6.182492029438436e-08,56,0,0,1,1
12911,0.9539199471473694,1.0640437602996826,2.4887046813964844,0.11961877346038818,0.568955659866333,29.085206985473633,68.29755401611328,0.8002973198890686,26.515625,1.3078327178955078,7.684999942779541,0.23600001633167267,0.5517289042472839,0.6172332763671875,30.776119232177734,54.309547424316406,1,0,0,0,0,0,0.0,0.0,0.0,0.0,0.0,2,0,0,0,0,0,0.0,0.0,0.0,0.0,0.0,4,0,0,0,0,0,0.0,0.0,0.0,0.0,0.0,0,0.00011146674660267308,0.00011146674660267308,1.0429326380290149e-07,6.051153178532331e-08,57,0,0,1,1
13151,0.9283882975578308,1.0806090831756592,2.624443769454956,0.10500910133123398,0.18670059740543365,35.96784210205078,48.91642761230469,0.26924896240234375,26.505859375,0.14903905987739563,7.691249847412109,0.2330000102519989,0.5395689010620117,0.5728652477264404,33.48564910888672,41.20805740356445,1,0,0,0,0,0,0.0,0.0,0.0,0.0,0.0,2,0,0,0,0,0,0.0,0.0,0.0,0.0,0.0,4,0,0,0,0,0,0.0,0.0,0.0,0.0,0.0,0,0.0001117066785809584,0.0001117066785809584,1.0426362706539294e-07,5.925376456161757e-08,58,0,0,1,1
13391,0.9046797752380371,1.0933268070220947,2.6635665893554688,0.09326432645320892,-0.16784127056598663,33.99643325805664,35.480125427246094,0.03831210732460022,26.517578125,1.326986312866211,7.686249732971191,0.23025000095367432,0.567658007144928,0.5159401893615723,36.640953063964844,29.69861602783203,1,0,0,0,0,0,0.0,0.0,0.0,0.0,0.0,2,0,0,0,0,0,0.0,0.0,0.0,0.0,0.0,4,0,0,0,0,0,0.0,0.0,0.0,0.0,0.0,0,0.00011194661055924371,0.00011194661055924371,1.0423528351566347e-07,5.8048140516575586e-08,59,0,0,1,1
13631,0.8833606839179993,1.1044726371765137,2.6473135948181152,0.09424819052219391,-0.3155663311481476,37.45941162109375,33.778648376464844,-0.15005575120449066,26.513671875,0.6661866307258606,7.678750038146973,0.23749999701976776,0.6000033020973206,0.49527707695961,40.04600524902344,26.993391036987305,1,0,0,0,0,0,0.0,0.0,0.0,0.0,0.0,2,0,0,0,0,0,0.0,0.0,0.0,0.0,0.0,4,0,0,0,0,0,0.0,0.0,0.0,0.0,0.0,0,0.00011218654253752902,0.00011218654253752902,1.0420807683431121e-07,5.6891547473014725e-08,60,0,0,1,1
13871,0.8629627823829651,1.1161874532699585,2.5866856575012207,0.1044454500079155,-0.35785332322120667,43.87997817993164,29.60681915283203,-0.3714146018028259,26.48046875,0.7015010714530945,7.673749923706055,0.27175000309944153,0.6282608509063721,0.5458632111549377,44.547245025634766,29.745534896850586,1,0,0,0,0,0,0.0,0.0,0.0,0.0,0.0,2,0,0,0,0,0,0.0,0.0,0.0,0.0,0.0,4,0,0,0,0,0,0.0,0.0,0.0,0.0,0.0,0,0.00011242647451581433,0.00011242647451581433,1.0418201412676353e-07,5.5781068653004695e-08,61,0,0,1,1
14111,0.8420473337173462,1.1301873922348022,2.518033027648926,0.11260949075222015,-0.2720458507537842,45.499900817871094,34.0424919128418,-0.25434979796409607,26.48828125,1.4640543460845947,7.659999847412109,0.28299999237060547,0.6317911744117737,0.5842252969741821,45.676204681396484,34.423709869384766,1,0,0,0,0,0,0.0,0.0,0.0,0.0,0.0,2,0,0,0,0,0,0.0,0.0,0.0,0.0,0.0,4,0,0,0,0,0,0.0,0.0,0.0,0.0,0.0,0,0.00011266640649409965,0.00011266640649409965,1.0415689644105441e-07,5.471402886314536e-08,62,0,0,1,1
14351,0.8196245431900024,1.1471424102783203,2.476158618927002,0.11923731118440628,-0.13378757238388062,45.66270446777344,41.32838439941406,-0.1915605217218399,26.505859375,0.11552023142576218,7.66124963760376,0.28325000405311584,0.622009813785553,0.6057666540145874,45.17406463623047,39.64027404785156,1,0,0,0,0,0,0.0,0.0,0.0,0.0,0.0,2,0,0,0,0,0,0.0,0.0,0.0,0.0,0.0,4,0,0,0,0,0,0.0,0.0,0.0,0.0,0.0,0,0.00011290633847238496,0.00011290633847238496,1.0413277351517536e-07,5.368792344029316e-08,63,0,0,1,1
14591,0.796142578125,1.1659263372421265,2.4634876251220703,0.12604862451553345,0.08277148008346558,45.898162841796875,45.36641311645508,0.1553768664598465,26.498046875,0.67815762758255,7.66124963760376,0.2957499921321869,0.587544322013855,0.6582765579223633,43.11781311035156,46.54145431518555,1,0,0,0,0,0,0.0,0.0,0.0,0.0,0.0,2,0,0,0,0,0,0.0,0.0,0.0,0.0,0.0,4,0,0,0,0,0,0.0,0.0,0.0,0.0,0.0,0,0.00011314627045067027,0.00011314627045067027,1.0410958140028015e-07,5.270048930583471e-08,64,0,0,1,1
14831,0.7719008922576904,1.1851228475570679,2.4864227771759033,0.13182364404201508,0.1889570653438568,46.266334533691406,50.30731964111328,0.10642251372337341,26.478515625,0.5327098965644836,7.658750057220459,0.30149999260902405,0.5718954205513,0.6935769319534302,42.97567367553711,50.79140853881836,1,0,0,0,0,0,0.0,0.0,0.0,0.0,0.0,2,0,0,0,0,0,0.0,0.0,0.0,0.0,0.0,4,0,0,0,0,0,0.0,0.0,0.0,0.0,0.0,0,0.00011338620242895558,0.00011338620242895558,1.0408722772581314e-07,5.1749577067994323e-08,65,0,0,1,1
15071,0.745225191116333,1.2042549848556519,2.55602765083313,0.14133106172084808,0.17324133217334747,45.3217658996582,57.88248825073242,0.17134025692939758,26.5234375,-0.7386112213134766,7.647500038146973,0.3047500252723694,0.6258131265640259,0.6807549595832825,46.682037353515625,53.84773635864258,1,0,0,0,0,0,0.0,0.0,0.0,0.0,0.0,2,0,0,0,0,0,0.0,0.0,0.0,0.0,0.0,4,0,0,0,0,0,0.0,0.0,0.0,0.0,0.0,0,0.0001136261344072409,0.0001136261344072409,1.0406570538634696e-07,5.0833211417966595e-08,66,0,0,1,1
15311,0.715737521648407,1.22258460521698,2.609990119934082,0.14655479788780212,0.11731880903244019,47.97063446044922,53.87504577636719,0.18836785852909088,26.4765625,1.058835744857788,7.638749599456787,0.31575000286102295,0.656233549118042,0.6922287344932556,49.6964225769043,54.54902648925781,1,0,0,0,0,0,0.0,0.0,0.0,0.0,0.0,2,0,0,0,0,0,0.0,0.0,0.0,0.0,0.0,4,0,0,0,0,0,0.0,0.0,0.0,0.0,0.0,0,0.00011386606638552621,0.00011386606638552621,1.0404491490589862e-07,4.99495698136343e-08,67,0,0,1,1
15551,0.6836147904396057,1.2404917478561401,2.6513543128967285,0.1521485596895218,0.06649749726057053,54.97645568847656,61.32842254638672,0.12451434880495071,26.4765625,-0.3513490855693817,7.66124963760376,0.30550000071525574,0.6586239337921143,0.6647799015045166,52.736915588378906,55.487422943115234,1,0,0,0,0,0,0.0,0.0,0.0,0.0,0.0,2,0,0,0,0,0,0.0,0.0,0.0,0.0,0.0,4,0,0,0,0,0,0.0,0.0,0.0,0.0,0.0,0,0.00011410599836381152,0.00011410599836381152,1.0402488470617755e-07,4.9096925636149535e-08,68,0,0,1,1
15791,0.6497003436088562,1.2580492496490479,2.6703062057495117,0.15802237391471863,0.0356987789273262,56.59751510620117,58.78982925415039,0.04895435646176338,26.484375,-0.08379705995321274,7.643749713897705,0.33000001311302185,0.6806131601333618,0.6931307315826416,55.462913513183594,56.93950271606445,1,0,0,0,0,0,0.0,0.0,0.0,0.0,0.0,2,0,0,0,0,0,0.0,0.0,0.0,0.0,0.0,4,0,0,0,0,0,0.0,0.0,0.0,0.0,0.0,0,0.00011434593034209684,0.00011434593034209684,1.0400549399491865e-07,4.8273715691493635e-08,69,0,0,1,1
16031,0.6149125099182129,1.2755439281463623,2.68066668510437,0.1634935587644577,0.08680018782615662,58.961639404296875,60.288761138916016,0.02234872803092003,26.46875,1.4425065517425537,7.633749961853027,0.31949999928474426,0.6632466912269592,0.7257720828056335,56.3519172668457,59.94218826293945,1,0,0,0,0,0,0.0,0.0,0.0,0.0,0.0,2,0,0,0,0,0,0.0,0.0,0.0,0.0,0.0,4,0,0,0,0,0,0.0,0.0,0.0,0.0,0.0,0,0.00011458586232038215,0.00011458588414825499,1.0398682803725023e-07,4.7478437181780464e-08,70,0,0,1,1
16271,0.5782843828201294,1.293155550956726,2.7095463275909424,0.17026552557945251,0.134532168507576,57.55473327636719,61.95926284790039,0.18836785852909088,26.455078125,0.26575639843940735,7.634999752044678,0.3422499895095825,0.6805053353309631,0.7469567060470581,57.77323532104492,63.33782196044922,1,0,0,0,0,0,0.0,0.0,0.0,0.0,0.0,2,0,0,0,0,0,0.0,0.0,0.0,0.0,0.0,4,0,0,0,0,0,0.0,0.0,0.0,0.0,0.0,0,0.00011482579429866746,0.00011482602712931111,1.0396875893547985e-07,4.670971165410265e-08,71,0,0,1,1
16511,0.5398036241531372,1.3098160028457642,2.7571756839752197,0.17545175552368164,0.09203717112541199,59.41537857055664,69.89260864257812,0.22242306172847748,26.470703125,-0.3878606855869293,7.631249904632568,0.32475000619888306,0.7074089050292969,0.7170226573944092,60.496585845947266,64.30347442626953,1,0,0,0,0,0,0.0,0.0,0.0,0.0,0.0,2,0,0,0,0,0,0.0,0.0,0.0,0.0,0.0,4,0,0,0,0,0,0.0,0.0,0.0,0.0,0.0,0,0.00011506572627695277,0.00011506613373057917,1.0395129379503487e-07,4.5966242367967425e-08,72,0,0,1,1
16751,0.4992850422859192,1.3252828121185303,2.7919600009918213,0.17813847959041595,0.04065272957086563,61.24436569213867,62.355796813964844,0.12664279341697693,26.478515625,0.28790274262428284,7.625,0.3504999876022339,0.7281631827354431,0.754195511341095,62.514827728271484,64.19631958007812,1,0,0,0,0,0,0.0,0.0,0.0,0.0,0.0,2,0,0,0,0,0,0.0,0.0,0.0,0.0,0.0,4,0,0,0,0,0,0.0,0.0,0.0,0.0,0.0,0,0.00011530565825523809,0.00011530624033184722,1.0393440419420585e-07,4.5246814295296645e-08,73,0,0,1,1
16991,0.457637220621109,1.3400219678878784,2.8129169940948486,0.18519484996795654,0.06201639398932457,66.66363525390625,69.91111755371094,0.20539546012878418,26.498046875,1.095347285270691,7.639999866485596,0.32875001430511475,0.7162998914718628,0.747600257396698,64.5826187133789,67.14777374267578,1,0,0,0,0,0,0.0,0.0,0.0,0.0,0.0,2,0,0,0,0,0,0.0,0.0,0.0,0.0,0.0,4,0,0,0,0,0,0.0,0.0,0.0,0.0,0.0,0,0.0001155455902335234,0.00011554634693311527,1.0391800486786451e-07,4.455029056771309e-08,74,0,0,1,1
17232,0.41440868377685547,1.3541979789733887,2.8443899154663086,0.18754224479198456,0.09815514832735062,64.47857666015625,70.08984375,0.16921178996562958,26.44140625,0.45190557837486267,7.637499809265137,0.3395000100135803,0.722267210483551,0.7637681365013123,64.67008209228516,68.73002624511719,1,0,0,0,0,0,0.0,0.0,0.0,0.0,0.0,2,0,0,0,0,0,0.0,0.0,0.0,0.0,0.0,4,0,0,0,0,0,0.0,0.0,0.0,0.0,0.0,0,0.00011578552221180871,0.00011578645353438333,1.0390214555400235e-07,4.387561247654048e-08,75,0,0,1,1
17472,0.369236558675766,1.3668369054794312,2.887521505355835,0.1916038691997528,0.026014482602477074,66.88672637939453,72.7645492553711,0.14260616898536682,26.513671875,-0.25677812099456787,7.62624979019165,0.3504999876022339,0.7541624903678894,0.7498831748962402,67.60657501220703,68.6825942993164,1,0,0,0,0,0,0.0,0.0,0.0,0.0,0.0,2,0,0,0,0,0,0.0,0.0,0.0,0.0,0.0,4,0,0,0,0,0,0.0,0.0,0.0,0.0,0.0,0,0.00011602545419009402,0.00011602656013565138,1.0388679072548257e-07,4.322177105109404e-08,76,0,0,1,1
17712,0.32420814037323,1.37801992893219,2.9067633152008057,0.1950189769268036,0.04802875965833664,68.06227111816406,68.45947265625,0.021284503862261772,26.5078125,0.21428105235099792,7.617499828338623,0.3700000047683716,0.7590869069099426,0.7953590154647827,68.36589050292969,70.35247039794922,1,0,0,0,0,0,0.0,0.0,0.0,0.0,0.0,2,0,0,0,0,0,0.0,0.0,0.0,0.0,0.0,4,0,0,0,0,0,0.0,0.0,0.0,0.0,0.0,0,0.00011626538616837934,0.00011626666673691943,1.038719048551684e-07,4.258783548038991e-08,77,0,0,1,1
17952,0.2770964503288269,1.3888341188430786,2.92620849609375,0.1984195113182068,0.1500106006860733,70.15509796142578,73.76695251464844,0.03511942923069,26.482421875,-0.2651578485965729,7.649999618530273,0.34025001525878906,0.7288640737533569,0.7900316715240479,68.01851654052734,72.87071228027344,1,0,0,0,0,0,0.0,0.0,0.0,0.0,0.0,2,0,0,0,0,0,0.0,0.0,0.0,0.0,0.0,4,0,0,0,0,0,0.0,0.0,0.0,0.0,0.0,0,0.00011650531814666465,0.00011650677333818749,1.0385739557250417e-07,4.197290692786737e-08,78,0,0,1,1
18192,0.22943155467510223,1.3982352018356323,2.9719648361206055,0.20069429278373718,0.14886777102947235,67.68307495117188,79.78621673583984,0.22029460966587067,26.513671875,0.1711854189634323,7.632499694824219,0.3372499942779541,0.7420032620429993,0.777033805847168,68.2988510131836,74.4563980102539,1,0,0,0,0,0,0.0,0.0,0.0,0.0,0.0,2,0,0,0,0,0,0.0,0.0,0.0,0.0,0.0,4,0,0,0,0,0,0.0,0.0,0.0,0.0,0.0,0,0.00011674525012494996,0.00011674687993945554,1.0384340498603706e-07,4.1376175374807644e-08,79,0,0,1,1
18432,0.1806526929140091,1.405385136604309,3.014906406402588,0.20133288204669952,0.08894103765487671,67.95726013183594,73.15513610839844,0.18198250234127045,26.48828125,0.690727174282074,7.623749732971191,0.35074999928474426,0.758995532989502,0.7994896173477173,69.76532745361328,73.44416046142578,1,0,0,0,0,0,0.0,0.0,0.0,0.0,0.0,2,0,0,0,0,0,0.0,0.0,0.0,0.0,0.0,4,0,0,0,0,0,0.0,0.0,0.0,0.0,0.0,0,0.00011698518210323527,0.00011698698654072359,1.038297909872199e-07,4.0796837907919326e-08,80,0,0,1,1
18672,0.132243350148201,1.4107393026351929,3.0467517375946045,0.20558516681194305,0.11191856116056442,72.68684387207031,78.39580535888672,0.18091829121112823,26.48046875,0.4920084476470947,7.62999963760376,0.34375,0.7554869651794434,0.7945026159286499,70.8024673461914,75.43170166015625,1,0,0,0,0,0,0.0,0.0,0.0,0.0,0.0,2,0,0,0,0,0,0.0,0.0,0.0,0.0,0.0,4,0,0,0,0,0,0.0,0.0,0.0,0.0,0.0,0,0.00011722511408152059,0.00011722709314199165,1.0381657489233476e-07,4.02341591154709e-08,81,0,0,1,1
18912,0.08216461539268494,1.414659857749939,3.0847859382629395,0.20573286712169647,0.11913710832595825,71.64319610595703,80.47279357910156,0.1894320845603943,26.501953125,-0.22505496442317963,7.643749713897705,0.34325000643730164,0.7489461302757263,0.7862938046455383,70.7057113647461,75.63351440429688,1,0,0,0,0,0,0.0,0.0,0.0,0.0,0.0,2,0,0,0,0,0,0.0,0.0,0.0,0.0,0.0,4,0,0,0,0,0,0.0,0.0,0.0,0.0,0.0,0,0.0001174650460598059,0.0001174671997432597,1.038037140688175e-07,3.968743911286765e-08,82,0,0,1,1
19152,0.03140820935368538,1.4164752960205078,3.124631643295288,0.20510470867156982,0.08565343916416168,71.63835144042969,75.2284164428711,-0.005321125965565443,26.521484375,-0.018555063754320145,7.636250019073486,0.34299999475479126,0.7551147937774658,0.8026396036148071,71.17478942871094,74.71762084960938,1,0,0,0,0,0,0.0,0.0,0.0,0.0,0.0,2,0,0,0,0,0,0.0,0.0,0.0,0.0,0.0,4,0,0,0,0,0,0.0,0.0,0.0,0.0,0.0,0,0.00011770497803809121,0.00011770730634452775,1.0379121562209548e-07,3.9156017095365314e-08,83,0,0,1,1
19392,-0.017910003662109375,1.4167025089263916,-3.126673460006714,0.20662802457809448,0.09746754169464111,70.1131820678711,79.27996063232422,0.16389068961143494,26.46875,-0.26575639843940735,7.634999752044678,0.3294999897480011,0.7685526609420776,0.7913603782653809,71.47222900390625,75.50373077392578,1,0,0,0,0,0,0.0,0.0,0.0,0.0,0.0,2,0,0,0,0,0,0.0,0.0,0.0,0.0,0.0,4,0,0,0,0,0,0.0,0.0,0.0,0.0,0.0,0,0.00011794491001637653,0.0001179474129457958,1.0377908665759605e-07,3.8639260679929066e-08,84,0,0,1,1
19632,-0.06824196130037308,1.4150562286376953,-3.0914409160614014,0.20581328868865967,0.0847523957490921,72.08638000488281,75.12617492675781,0.2766985297203064,26.482421875,-0.0077811554074287415,7.621249675750732,0.34975001215934753,0.7532014846801758,0.8056674599647522,71.44542694091797,74.95100402832031,1,0,0,0,0,0,0.0,0.0,0.0,0.0,0.0,2,0,0,0,0,0,0.0,0.0,0.0,0.0,0.0,4,0,0,0,0,0,0.0,0.0,0.0,0.0,0.0,0,0.00011818484199466184,0.00011818751954706386,1.03767263226473e-07,3.813659432694294e-08,85,0,0,1,1
19872,-0.11923053115606308,1.4114116430282593,-3.052809953689575,0.20234748721122742,0.06648428738117218,71.64327239990234,77.21355438232422,0.2415791153907776,26.5390625,-0.9307458996772766,7.636250019073486,0.33274999260902405,0.7460746765136719,0.7778651118278503,70.59061431884766,73.34056854248047,1,0,0,0,0,0,0.0,0.0,0.0,0.0,0.0,2,0,0,0,0,0,0.0,0.0,0.0,0.0,0.0,4,0,0,0,0,0,0.0,0.0,0.0,0.0,0.0,0,0.00011842477397294715,0.00011842762614833191,1.0375577375043576e-07,3.764745315493201e-08,86,0,0,1,1
20112,-0.16815677285194397,1.4063361883163452,-3.024559497833252,0.20181302726268768,0.0757160410284996,70.1048583984375,77.73461151123047,0.13302814960479736,26.51953125,0.5644330382347107,7.625,0.3205000162124634,0.7496393322944641,0.7752689719200134,70.20960235595703,73.34141540527344,1,0,0,0,0,0,0.0,0.0,0.0,0.0,0.0,2,0,0,0,0,0,0.0,0.0,0.0,0.0,0.0,4,0,0,0,0,0,0.0,0.0,0.0,0.0,0.0,0,0.00011866470595123246,0.00011866773274959996,1.0374458270234754e-07,3.717130780955813e-08,87,0,0,1,1
20352,-0.2169376015663147,1.3999806642532349,-2.996873378753662,0.20056463778018951,0.12213628739118576,71.0037841796875,73.83061981201172,0.09365181624889374,26.427734375,0.3190273642539978,7.639999866485596,0.33924999833106995,0.7297634482383728,0.8003627061843872,68.80558776855469,73.8574447631836,1,0,0,0,0,0,0.0,0.0,0.0,0.0,0.0,2,0,0,0,0,0,0.0,0.0,0.0,0.0,0.0,4,0,0,0,0,0,0.0,0.0,0.0,0.0,0.0,0,0.00011890463792951778,0.00011890783935086802,1.0373369008220834e-07,3.670763604191052e-08,88,0,0,1,1
20592,-0.26619023084640503,1.3917148113250732,-2.952310800552368,0.19602829217910767,0.10640115290880203,68.41878509521484,78.73448181152344,0.20539546012878418,26.509765625,0.6775590777397156,7.646249771118164,0.31724998354911804,0.7286122441291809,0.7549279928207397,67.51763916015625,71.91865539550781,1,0,0,0,0,0,0.0,0.0,0.0,0.0,0.0,2,0,0,0,0,0,0.0,0.0,0.0,0.0,0.0,4,0,0,0,0,0,0.0,0.0,0.0,0.0,0.0,0,0.00011914456990780309,0.00011914794595213607,1.0372304615202665e-07,3.625598665735197e-08,89,0,0,1,1
20832,-0.3133794367313385,1.3817834854125977,-2.9175658226013184,0.19267582893371582,0.09388856589794159,68.88660430908203,72.14382934570312,0.1734687089920044,26.494140625,-0.9175778031349182,7.636250019073486,0.32624998688697815,0.7160704731941223,0.7722341418266296,66.58409881591797,70.46756744384766,1,0,0,0,0,0,0.0,0.0,0.0,0.0,0.0,2,0,0,0,0,0,0.0,0.0,0.0,0.0,0.0,4,0,0,0,0,0,0.0,0.0,0.0,0.0,0.0,0,0.0001193845018860884,0.00011938805255340412,1.0371272196607606e-07,3.5815897803104235e-08,90,0,0,1,1
21072,-0.35935840010643005,1.370429277420044,-2.8817577362060547,0.1893126219511032,0.08016392588615417,65.58914947509766,72.38426208496094,0.13515660166740417,26.462890625,0.40043023228645325,7.638749599456787,0.32249999046325684,0.722743034362793,0.7550733089447021,65.67180633544922,68.98758697509766,1,0,0,0,0,0,0.0,0.0,0.0,0.0,0.0,2,0,0,0,0,0,0.0,0.0,0.0,0.0,0.0,4,0,0,0,0,0,0.0,0.0,0.0,0.0,0.0,0,0.00011962443386437371,0.00011962815915467218,1.0370264647008298e-07,3.5386939600812184e-08,91,0,0,1,1
21312,-0.40433934330940247,1.35752272605896,-2.8423004150390625,0.1866815835237503,0.05433578044176102,66.81293487548828,74.59970092773438,0.17666137218475342,26.478515625,0.933738648891449,7.649999618530273,0.3047500252723694,0.7120793461799622,0.7281461954116821,65.27022552490234,67.51769256591797,1,0,0,0,0,0,0.0,0.0,0.0,0.0,0.0,2,0,0,0,0,0,0.0,0.0,0.0,0.0,0.0,4,0,0,0,0,0,0.0,0.0,0.0,0.0,0.0,0,0.00011986436584265903,0.00011986826575594023,1.0369281255862006e-07,3.4968696382975395e-08,92,0,0,1,1
21552,-0.4487432539463043,1.3430460691452026,-2.8149776458740234,0.18083082139492035,0.03849439322948456,65.86441040039062,68.05248260498047,-0.10003716498613358,26.4765625,-0.23822307586669922,7.641249656677246,0.31075000762939453,0.6976608037948608,0.7349117994308472,63.51700210571289,65.1092300415039,1,0,0,0,0,0,0.0,0.0,0.0,0.0,0.0,2,0,0,0,0,0,0.0,0.0,0.0,0.0,0.0,4,0,0,0,0,0,0.0,0.0,0.0,0.0,0.0,0,0.00012010429782094434,0.00012010837235720828,1.0368319180997787e-07,3.4560795114657594e-08,93,0,0,1,1
21792,-0.4902479648590088,1.3285512924194336,-2.79109787940979,0.1763571947813034,0.07332442700862885,61.918148040771484,67.69026184082031,0.10322984308004379,26.4921875,-1.303044319152832,7.637499809265137,0.3192500174045563,0.6921307444572449,0.7273337841033936,61.20561218261719,64.23849487304688,1,0,0,0,0,0,0.0,0.0,0.0,0.0,0.0,2,0,0,0,0,0,0.0,0.0,0.0,0.0,0.0,4,0,0,0,0,0,0.0,0.0,0.0,0.0,0.0,0,0.00012034422979922965,0.00012034847895847633,1.0367384106757527e-07,3.416283433921308e-08,94,0,0,1,1
22032,-0.530857503414154,1.3130241632461548,-2.761408805847168,0.17199070751667023,0.08334732800722122,60.74168395996094,64.3219985961914,0.12557856738567352,26.49609375,0.15023615956306458,7.639999866485596,0.31599998474121094,0.6787752509117126,0.7296646237373352,59.445369720458984,62.892822265625,1,0,0,0,0,0,0.0,0.0,0.0,0.0,0.0,2,0,0,0,0,0,0.0,0.0,0.0,0.0,0.0,4,0,0,0,0,0,0.0,0.0,0.0,0.0,0.0,0,0.00012058416177751496,0.00012058858555974439,1.0366474612055754e-07,3.377448010155604e-08,95,0,0,1,1
22272,-0.5705693960189819,1.296286702156067,-2.72503662109375,0.16479966044425964,0.06677696853876114,60.92083740234375,68.68045043945312,0.1553768664598465,26.458984375,0.42616790533065796,7.664999961853027,0.28224998712539673,0.6536734700202942,0.6765993237495422,57.23054504394531,59.99260711669922,1,0,0,0,0,0,0.0,0.0,0.0,0.0,0.0,2,0,0,0,0,0,0.0,0.0,0.0,0.0,0.0,4,0,0,0,0,0,0.0,0.0,0.0,0.0,0.0,0,0.00012082409375580028,0.00012082869216101244,1.0365582880922375e-07,3.3395398446600666e-08,96,0,0,1,1
22512,-0.6084095239639282,1.2788785696029663,-2.6999967098236084,0.15860339999198914,0.059209130704402924,56.52474594116211,61.372955322265625,0.10642251372337341,26.484375,0.9139865040779114,7.644999980926514,0.2985000014305115,0.6532797813415527,0.6876863241195679,55.18333435058594,57.63237380981445,1,0,0,0,0,0,0.0,0.0,0.0,0.0,0.0,2,0,0,0,0,0,0.0,0.0,0.0,0.0,0.0,4,0,0,0,0,0,0.0,0.0,0.0,0.0,0.0,0,0.00012106402573408559,0.0001210687987622805,1.0364711755528333e-07,3.3025258971974836e-08,97,0,0,1,1
22752,-0.6435099244117737,1.2618086338043213,-2.6762051582336426,0.1547192633152008,0.08683666586875916,56.42424011230469,62.50669860839844,0.14686307311058044,26.49609375,-0.6009446382522583,7.648749828338623,0.2842499911785126,0.6324401497840881,0.673283040523529,53.230552673339844,56.82234191894531,1,0,0,0,0,0,0.0,0.0,0.0,0.0,0.0,2,0,0,0,0,0,0.0,0.0,0.0,0.0,0.0,4,0,0,0,0,0,0.0,0.0,0.0,0.0,0.0,0,0.0001213039577123709,0.00012130883987993002,1.0363863367501835e-07,3.266375259158849e-08,98,0,0,1,1
22992,-0.6773249506950378,1.2442675828933716,-2.6465508937835693,0.1470700353384018,0.09981759637594223,52.43577194213867,56.541133880615234,0.11067941784858704,26.474609375,-0.14425064623355865,7.646249771118164,0.2915000021457672,0.619716227054596,0.6766706705093384,50.24162292480469,54.370323181152344,1,0,0,0,0,0,0.0,0.0,0.0,0.0,0.0,2,0,0,0,0,0,0.0,0.0,0.0,0.0,0.0,4,0,0,0,0,0,0.0,0.0,0.0,0.0,0.0,0,0.00012154388969065621,0.00012154878641013056,1.036303132195826e-07,3.231058443020629e-08,99,0,0,1,1
23232,-0.7093735933303833,1.2261505126953125,-2.6082675457000732,0.14238223433494568,0.07280606776475906,51.552886962890625,57.550819396972656,0.08088111132383347,26.44921875,-0.11851298063993454,7.65749979019165,0.28074997663497925,0.612014651298523,0.6476207375526428,49.133018493652344,52.14445877075195,1,0,0,0,0,0,0.0,0.0,0.0,0.0,0.0,2,0,0,0,0,0,0.0,0.0,0.0,0.0,0.0,4,0,0,0,0,0,0.0,0.0,0.0,0.0,0.0,0,0.00012178382166894153,0.00012178871838841587,1.036222201378223e-07,3.196549513972968e-08,100,0,0,1,1
23472,-0.7400103807449341,1.207499623298645,-2.58147931098938,0.1315615475177765,0.03913181275129318,48.827598571777344,50.41001892089844,-0.042569007724523544,26.48046875,0.5476736426353455,7.666249752044678,0.26624998450279236,0.5911927819252014,0.6343176364898682,45.98103332519531,47.5996208190918,1,0,0,0,0,0,0.0,0.0,0.0,0.0,0.0,2,0,0,0,0,0,0.0,0.0,0.0,0.0,0.0,4,0,0,0,0,0,0.0,0.0,0.0,0.0,0.0,0,0.00012202375364722684,0.00012202865036670119,1.0361429758631857e-07,3.162820050306436e-08,101,0,0,1,1
23712,-0.7674127817153931,1.1900824308395386,-2.56561017036438,0.12700234353542328,0.05488381162285805,45.74312210083008,47.42535400390625,0.16069799661636353,26.505859375,0.4016273319721222,7.666249752044678,0.2745000123977661,0.5853331685066223,0.6352691054344177,44.03376007080078,46.30389404296875,1,0,0,0,0,0,0.0,0.0,0.0,0.0,0.0,2,0,0,0,0,0,0.0,0.0,0.0,0.0,0.0,4,0,0,0,0,0,0.0,0.0,0.0,0.0,0.0,0,0.00012226369290146977,0.0001222685823449865,1.0360653845964407e-07,3.129844827753914e-08,102,0,0,1,1
23952,-0.7934579849243164,1.1727403402328491,-2.5427451133728027,0.12234228849411011,0.05620924383401871,42.91133499145508,46.820011138916016,0.16389068961143494,26.482421875,0.322618693113327,7.659999847412109,0.27024999260902405,0.5810791254043579,0.6207199692726135,42.34898376464844,44.6739387512207,1,0,0,0,0,0,0.0,0.0,0.0,0.0,0.0,2,0,0,0,0,0,0.0,0.0,0.0,0.0,0.0,4,0,0,0,0,0,0.0,0.0,0.0,0.0,0.0,0,0.00012250362487975508,0.0001225085143232718,1.0359894986322615e-07,3.097599332591017e-08,103,0,0,1,1
24192,-0.8175804018974304,1.155951738357544,-2.523388624191284,0.11405817419290543,0.05279356613755226,39.19943618774414,42.28019714355469,0.22987262904644012,26.421875,1.3060370683670044,7.668749809265137,0.26624998450279236,0.5683063864707947,0.6108876466751099,39.473350524902344,41.65702819824219,1,0,0,0,0,0,0.0,0.0,0.0,0.0,0.0,2,0,0,0,0,0,0.0,0.0,0.0,0.0,0.0,4,0,0,0,0,0,0.0,0.0,0.0,0.0,0.0,0,0.0001227435568580404,0.00012274844630155712,1.0359153890249218e-07,3.066060116907465e-08,104,0,0,1,1
24432,-0.8398533463478088,1.1396801471710205,-2.4996864795684814,0.10918775200843811,0.04247518256306648,38.645477294921875,43.7992057800293,0.11174364387989044,26.48046875,0.40462008118629456,7.673749923706055,0.2527500092983246,0.5543814301490784,0.5823133587837219,37.954566955566406,39.711448669433594,1,0,0,0,0,0,0.0,0.0,0.0,0.0,0.0,2,0,0,0,0,0,0.0,0.0,0.0,0.0,0.0,4,0,0,0,0,0,0.0,0.0,0.0,0.0,0.0,0,0.0001229834888363257,0.00012298837827984244,1.0358432689372421e-07,3.035205153878451e-08,105,0,0,1,1
24672,-0.861015796661377,1.1235694885253906,-2.4846627712249756,0.09910327941179276,0.03925841301679611,36.17008972167969,37.78834533691406,-0.004256900865584612,26.505859375,0.26994624733924866,7.673749923706055,0.23800000548362732,0.5282873511314392,0.5729761719703674,34.434513092041016,36.05834197998047,1,0,0,0,0,0,0.0,0.0,0.0,0.0,0.0,2,0,0,0,0,0,0.0,0.0,0.0,0.0,0.0,4,0,0,0,0,0,0.0,0.0,0.0,0.0,0.0,0,0.00012322342081461102,0.00012322831025812775,1.0357719304465718e-07,3.005012061407797e-08,106,0,0,1,1
24912,-0.8801934719085693,1.1086368560791016,-2.474635362625122,0.0929928869009018,0.05530800670385361,34.448585510253906,36.21257019042969,0.09365181624889374,26.5078125,0.5710170865058899,7.686249732971191,0.23250000178813934,0.5095163583755493,0.561000645160675,31.929405212402344,34.21708297729492,1,0,0,0,0,0,0.0,0.0,0.0,0.0,0.0,2,0,0,0,0,0,0.0,0.0,0.0,0.0,0.0,4,0,0,0,0,0,0.0,0.0,0.0,0.0,0.0,0,0.00012346335279289633,0.00012346824223641306,1.035702510421288e-07,2.975461477205954e-08,107,0,0,1,1
25152,-0.8972858786582947,1.0950757265090942,-2.46401309967041,0.08759935945272446,0.07169366627931595,31.644826889038086,32.42695617675781,-0.021284503862261772,26.4296875,0.7439981698989868,7.677499771118164,0.23325000703334808,0.49886709451675415,0.5671499967575073,29.672304153442383,32.637733459472656,1,0,0,0,0,0,0.0,0.0,0.0,0.0,0.0,2,0,0,0,0,0,0.0,0.0,0.0,0.0,0.0,4,0,0,0,0,0,0.0,0.0,0.0,0.0,0.0,0,0.00012370328477118164,0.00012370817421469837,1.0356344404272022e-07,2.946536348247264e-08,108,0,0,1,1
25392,-0.9132673740386963,1.0819474458694458,-2.4451355934143066,0.07909949123859406,0.06970809400081635,27.34249496459961,32.136329650878906,0.07768843322992325,26.44921875,0.22385786473751068,7.681249618530273,0.2202499955892563,0.4877887964248657,0.5313118100166321,26.690359115600586,29.57366180419922,1,0,0,0,0,0,0.0,0.0,0.0,0.0,0.0,2,0,0,0,0,0,0.0,0.0,0.0,0.0,0.0,4,0,0,0,0,0,0.0,0.0,0.0,0.0,0.0,0,0.00012394321674946696,0.0001239481061929837,1.0355678625728615e-07,2.9182144700712342e-08,109,0,0,1,1
25632,-0.9277142882347107,1.0696475505828857,-2.429104804992676,0.07231276482343674,0.07075231522321701,24.95220947265625,26.767011642456055,-0.01383492723107338,26.474609375,0.4866214990615845,7.6875,0.21700000762939453,0.4731244444847107,0.5325090885162354,24.255041122436523,27.181533813476562,1,0,0,0,0,0,0.0,0.0,0.0,0.0,0.0,2,0,0,0,0,0,0.0,0.0,0.0,0.0,0.0,4,0,0,0,0,0,0.0,0.0,0.0,0.0,0.0,0,0.00012418314872775227,0.000124188038171269,1.0355028479125394e-07,2.890477546202419e-08,110,0,0,1,1
25872,-0.9401692748069763,1.0587469339370728,-2.415618896484375,0.06410679966211319,0.0665828287601471,21.649097442626953,23.335163116455078,0.025541404262185097,26.521484375,0.6482301354408264,7.691249847412109,0.20874999463558197,0.45868608355522156,0.5202131271362305,21.422792434692383,24.176822662353516,1,0,0,0,0,0,0.0,0.0,0.0,0.0,0.0,2,0,0,0,0,0,0.0,0.0,0.0,0.0,0.0,4,0,0,0,0,0,0.0,0.0,0.0,0.0,0.0,0,0.00012442308070603758,0.0001244279701495543,1.035438899066321e-07,2.8633081683437922e-08,111,0,0,1,1
26112,-0.9506636261940002,1.0491865873336792,-2.3897528648376465,0.060017384588718414,0.05053753778338432,20.728727340698242,21.511287689208984,0.04150478169322014,26.505859375,0.07661445438861847,7.6875,0.2110000103712082,0.46293914318084717,0.5160679221153259,20.300212860107422,22.39057159423828,1,0,0,0,0,0,0.0,0.0,0.0,0.0,0.0,2,0,0,0,0,0,0.0,0.0,0.0,0.0,0.0,4,0,0,0,0,0,0.0,0.0,0.0,0.0,0.0,0,0.0001246630126843229,0.00012466790212783962,1.0353761581427534e-07,2.8366891058340116e-08,112,0,0,1,1
26352,-0.9607162475585938,1.039726734161377,-2.381847381591797,0.05419650301337242,0.04373019188642502,18.488737106323242,19.797657012939453,0.004256900865584612,26.5078125,0.31124621629714966,7.694999694824219,0.20149999856948853,0.44614002108573914,0.5011337995529175,18.37078094482422,20.1795711517334,1,0,0,0,0,0,0.0,0.0,0.0,0.0,0.0,2,0,0,0,0,0,0.0,0.0,0.0,0.0,0.0,4,0,0,0,0,0,0.0,0.0,0.0,0.0,0.0,0,0.0001249029446626082,0.00012490783410612494,1.0353151225217516e-07,2.8106043714615225e-08,113,0,0,1,1
26592,-0.9695420265197754,1.0312613248825073,-2.372122287750244,0.044336218386888504,0.0371938981115818,14.996403694152832,17.73906707763672,0.05001858249306679,26.498046875,0.13527239859104156,7.702499866485596,0.1862500011920929,0.4220463037490845,0.46272939443588257,14.999114036560059,16.537548065185547,1,0,0,0,0,0,0.0,0.0,0.0,0.0,0.0,2,0,0,0,0,0,0.0,0.0,0.0,0.0,0.0,4,0,0,0,0,0,0.0,0.0,0.0,0.0,0.0,0,0.00012514287664089352,0.00012514776608441025,1.0352550106063063e-07,2.785039576735926e-08,114,0,0,1,1
26832,-0.9767617583274841,1.0242120027542114,-2.363330125808716,0.03885458782315254,0.032907817512750626,12.788260459899902,14.946831703186035,0.058532387018203735,26.484375,0.17417816817760468,7.697499752044678,0.1850000023841858,0.41406166553497314,0.4547125995159149,13.138195037841797,14.499344825744629,1,0,0,0,0,0,0.0,0.0,0.0,0.0,0.0,2,0,0,0,0,0,0.0,0.0,0.0,0.0,0.0,4,0,0,0,0,0,0.0,0.0,0.0,0.0,0.0,0,0.00012538280861917883,0.00012538769806269556,1.0351960355592382e-07,2.7599776686315636e-08,115,0,0,1,1
27072,-0.9829686284065247,1.0180574655532837,-2.3567237854003906,0.030755775049328804,0.027251945808529854,10.763467788696289,12.291232109069824,0.025541404262185097,26.501953125,0.36152446269989014,7.698750019073486,0.17524999380111694,0.39236968755722046,0.4356701672077179,10.374794006347656,11.502002716064453,1,0,0,0,0,0,0.0,0.0,0.0,0.0,0.0,2,0,0,0,0,0,0.0,0.0,0.0,0.0,0.0,4,0,0,0,0,0,0.0,0.0,0.0,0.0,0.0,0,0.00012562274059746414,0.00012562763004098088,1.0351383394890945e-07,2.7354056797435078e-08,116,0,0,1,1
27312,-0.9876876473426819,1.0133202075958252,-2.352302074432373,0.02632082626223564,0.024860111996531487,7.989125728607178,8.362927436828613,0.02766985446214676,26.470703125,0.7003039717674255,7.712499618530273,0.17550000548362732,0.39068812131881714,0.44238555431365967,8.846955299377441,9.875231742858887,1,0,0,0,0,0,0.0,0.0,0.0,0.0,0.0,2,0,0,0,0,0,0.0,0.0,0.0,0.0,0.0,4,0,0,0,0,0,0.0,0.0,0.0,0.0,0.0,0,0.00012586267257574946,0.0001258675620192662,1.035081780287328e-07,2.7113095768527273e-08,117,0,0,1,1
27552,-0.9912090301513672,1.0097521543502808,-2.346677780151367,0.023052260279655457,0.02266455441713333,6.543150424957275,7.65502405166626,0.020220277830958366,26.451171875,0.2579752206802368,7.703749656677246,0.17675000429153442,0.395474374294281,0.44327595829963684,7.729885578155518,8.66734790802002,1,0,0,0,0,0,0.0,0.0,0.0,0.0,0.0,2,0,0,0,0,0,0.0,0.0,0.0,0.0,0.0,4,0,0,0,0,0,0.0,0.0,0.0,0.0,0.0,0,0.00012610260455403477,0.0001261074939975515,1.0350260737368444e-07,2.6876762149186106e-08,118,0,0,1,1
27792,-0.9947604537010193,1.0061227083206177,-2.3432517051696777,0.01632099226117134,0.020466439425945282,6.477309226989746,7.989102363586426,0.03831210732460022,26.478515625,0.4854243993759155,7.713749885559082,0.16724999248981476,0.3637496829032898,0.41198623180389404,5.381346702575684,6.2278900146484375,1,0,0,0,0,0,0.0,0.0,0.0,0.0,0.0,2,0,0,0,0,0,0.0,0.0,0.0,0.0,0.0,4,0,0,0,0,0,0.0,0.0,0.0,0.0,0.0,0,0.00012634253653232008,0.0001263474259758368,1.0349718593261059e-07,2.66449262653623e-08,119,0,0,1,1
28032,-0.9969761371612549,1.0038379430770874,-2.3392632007598877,0.011912954971194267,0.018985707312822342,2.7460103034973145,2.5848987102508545,0.008513801731169224,26.4921875,0.2621650993824005,7.707499980926514,0.16775000095367432,0.3669314682483673,0.42338529229164124,3.844235897064209,4.629532337188721,1,0,0,0,0,0,0.0,0.0,0.0,0.0,0.0,2,0,0,0,0,0,0.0,0.0,0.0,0.0,0.0,4,0,0,0,0,0,0.0,0.0,0.0,0.0,0.0,0,0.0001265824685106054,0.00012658735795412213,1.034918213349556e-07,2.64174637720771e-08,120,0,0,1,1
28272,-0.9978996515274048,1.002881407737732,-2.3376734256744385,0.009566389955580235,0.018450235947966576,1.563397765159607,2.1630563735961914,0.02447717823088169,26.482421875,-0.02274491637945175,7.710000038146973,0.1704999953508377,0.3771432340145111,0.43108654022216797,3.0207462310791016,3.7838940620422363,1,0,0,0,0,0,0.0,0.0,0.0,0.0,0.0,2,0,0,0,0,0,0.0,0.0,0.0,0.0,0.0,4,0,0,0,0,0,0.0,0.0,0.0,0.0,0.0,0,0.0001268224004888907,0.00012682728993240744,1.0348655621328362e-07,2.619425387706542e-08,121,0,0,1,1
28512,-0.9990851879119873,1.0016480684280396,-2.335965633392334,0.006994014140218496,0.018264390528202057,3.3736214637756348,3.4496078491210938,0.002128450432792306,26.509765625,0.8098387122154236,7.710000038146973,0.16500000655651093,0.3597053587436676,0.4140664339065552,2.109715223312378,2.86517596244812,1,0,0,0,0,0,0.0,0.0,0.0,0.0,0.0,2,0,0,0,0,0,0.0,0.0,0.0,0.0,0.0,4,0,0,0,0,0,0.0,0.0,0.0,0.0,0.0,0,0.00012706233246717602,0.00012706722191069275,1.0348140477844936e-07,2.597519532798742e-08,122,0,0,1,1
28752,-1.0009498596191406,0.9997007846832275,-2.3333630561828613,0.0025156938936561346,0.01834503747522831,3.196983814239502,3.681971311569214,-0.004256900865584612,26.490234375,0.6416460275650024,7.721250057220459,0.15575000643730164,0.3224470317363739,0.3766879737377167,0.5153169631958008,1.2741135358810425,1,0,0,0,0,0,0.0,0.0,0.0,0.0,0.0,2,0,0,0,0,0,0.0,0.0,0.0,0.0,0.0,4,0,0,0,0,0,0.0,0.0,0.0,0.0,0.0,0,0.00012730226444546133,0.00012730715388897806,1.0347635992502546e-07,2.5760162003507503e-08,123,0,0,1,1
28992,-1.001307725906372,0.9993259310722351,-2.332430839538574,-0.0020107279997318983,0.018875299021601677,-0.13332940638065338,0.0023029556032270193,-0.001064225216396153,26.470703125,0.13946224749088287,7.732499599456787,0.09425000101327896,-0.3495140075683594,0.0,-1.1054872274398804,-0.3247576653957367,1,0,0,0,0,0,0.0,0.0,0.0,0.0,0.0,2,0,0,0,0,0,0.0,0.0,0.0,0.0,0.0,4,0,0,0,0,0,0.0,0.0,0.0,0.0,0.0,0,0.00012754219642374665,0.00012754708586726338,1.0347142165301193e-07,2.554904909857214e-08,124,0,0,1,1
29232,-1.001163363456726,0.9994779229164124,-2.3301033973693848,-0.002187601523473859,0.019272996112704277,-0.014146466739475727,4.4120287157056737e-07,0.0,26.455078125,0.15921440720558167,7.733749866485596,0.09224999696016312,-0.355416476726532,0.0,-1.1766178607940674,-0.37943845987319946,1,0,0,0,0,0,0.0,0.0,0.0,0.0,0.0,2,0,0,0,0,0,0.0,0.0,0.0,0.0,0.0,4,0,0,0,0,0,0.0,0.0,0.0,0.0,0.0,0,0.00012778212840203196,0.0001277870178455487,1.0346656154069933e-07,2.5341758913555168e-08,125,0,0,1,1
29472,-1.001163125038147,0.9994782209396362,-2.3301146030426025,-0.0023702329490333796,0.01026993989944458,-2.71019621322921e-06,8.452617078491542e-11,-0.001064225216396153,26.486328125,0.19452889263629913,7.710000038146973,0.15450000762939453,-0.35889458656311035,-0.38287153840065,-1.0553768873214722,-0.6305864453315735,1,0,0,0,0,0,0.0,0.0,0.0,0.0,0.0,2,0,0,0,0,0,0.0,0.0,0.0,0.0,0.0,4,0,0,0,0,0,0.0,0.0,0.0,0.0,0.0,0,0.00012802206038031727,0.000128026949823834,1.0346176537723295e-07,2.5138193748830417e-08,126,0,0,1,1
29712,-1.000907301902771,0.9997467398643494,-2.3330488204956055,-0.0020700418390333652,-0.03771483525633812,-0.6263764500617981,-1.8796004056930542,-0.015963377431035042,26.4765625,0.24181437492370605,7.728749752044678,0.08550000190734863,0.0,-0.38347765803337097,0.04377235844731331,-1.5162074565887451,1,0,0,0,0,0,0.0,0.0,0.0,0.0,0.0,2,0,0,0,0,0,0.0,0.0,0.0,0.0,0.0,4,0,0,0,0,0,0.0,0.0,0.0,0.0,0.0,0,0.00012826199235860258,0.00012826688180211931,1.0345705447889486e-07,2.4938247022987525e-08,127,0,0,1,1
29952,-1.0009628534317017,0.9996885657310486,-2.336001396179199,-0.0015907854540273547,-0.13366378843784332,2.668247699737549,-0.09281707555055618,-0.05746815726161003,26.482421875,0.2645592987537384,7.699999809265137,0.16724999248981476,0.36458954215049744,-0.4260617196559906,2.19856595993042,-3.3301026821136475,1,0,0,0,0,0,0.0,0.0,0.0,0.0,0.0,2,0,0,0,0,0,0.0,0.0,0.0,0.0,0.0,4,0,0,0,0,0,0.0,0.0,0.0,0.0,0.0,0,0.0001285019243368879,0.00012850681378040463,1.0345240752940299e-07,2.4741842352682397e-08,128,0,0,1,1
30192,-1.0011725425720215,0.9994713068008423,-2.342864990234375,-0.0027392960619181395,-0.3815537989139557,0.45307275652885437,-0.8056966662406921,-0.034055206924676895,26.49609375,0.35494041442871094,7.693749904632568,0.19950000941753387,0.43412864208221436,-0.4842061996459961,6.916769504547119,-8.865249633789062,1,0,0,0,0,0,0.0,0.0,0.0,0.0,0.0,2,0,0,0,0,0,0.0,0.0,0.0,0.0,0.0,4,0,0,0,0,0,0.0,0.0,0.0,0.0,0.0,0,0.0001287418563151732,0.00012874674575868994,1.0344787426674884e-07,2.4548878485575187e-08,129,0,0,1,1
30432,-1.0005691051483154,1.000078558921814,-2.3619375228881836,-0.0018926705233752728,-0.6232330799102783,0.1509699821472168,-5.790477275848389,-0.19581742584705353,26.482421875,0.29209262132644653,7.676249980926514,0.2290000021457672,0.49355602264404297,-0.511648416519165,12.216104507446289,-13.562374114990234,1,0,0,0,0,0,0.0,0.0,0.0,0.0,0.0,2,0,0,0,0,0,0.0,0.0,0.0,0.0,0.0,4,0,0,0,0,0,0.0,0.0,0.0,0.0,0.0,0,0.00012898178829345852,0.00012898667773697525,1.0344343337465034e-07,2.4359268380180765e-08,130,0,0,1,1
30672,-0.9996433854103088,1.000942587852478,-2.4696738719940186,0.007342817261815071,-1.1002434492111206,13.343859672546387,-14.26794719696045,-0.689617931842804,26.4921875,0.22625206410884857,7.65749979019165,0.2770000100135803,0.5713069438934326,-0.5426245331764221,25.365907669067383,-20.142911911010742,1,0,0,0,0,0,0.0,0.0,0.0,0.0,0.0,2,0,0,0,0,0,0.0,0.0,0.0,0.0,0.0,4,0,0,0,0,0,0.0,0.0,0.0,0.0,0.0,0,0.00012922172027174383,0.00012922660971526057,1.0343904222054334e-07,2.4172932100441358e-08,131,0,0,1,1
30912,-1.000941276550293,1.0001769065856934,-2.6932475566864014,0.020585015416145325,-1.452225685119629,27.267244338989258,-18.948883056640625,-1.0237846374511719,26.494140625,-0.8200140595436096,7.638749599456787,0.2997500002384186,0.6327195763587952,-0.5478693842887878,37.354976654052734,-22.712709426879883,1,0,0,0,0,0,0.0,0.0,0.0,0.0,0.0,2,0,0,0,0,0,0.0,0.0,0.0,0.0,0.0,4,0,0,0,0,0,0.0,0.0,0.0,0.0,0.0,0,0.00012946165225002915,0.00012946654169354588,1.0343475054241935e-07,2.3989787933942353e-08,132,0,0,1,1
31152,-1.006285309791565,0.9987432360649109,-3.0275068283081055,0.042697787284851074,-1.7403541803359985,45.813724517822266,-20.460216522216797,-1.6091084480285645,26.45703125,0.28311434388160706,7.638749599456787,0.31049999594688416,0.6910637617111206,-0.5190677046775818,51.17831802368164,-20.807085037231445,1,0,0,0,0,0,0.0,0.0,0.0,0.0,0.0,2,0,0,0,0,0,0.0,0.0,0.0,0.0,0.0,4,0,0,0,0,0,0.0,0.0,0.0,0.0,0.0,0,0.00012970158422831446,0.0001297064736718312,1.0343052991856894e-07,2.380977193183753e-08,133,0,0,1,1
31392,-1.0187857151031494,1.0000770092010498,2.8428397178649902,0.0895303413271904,-1.6812430620193481,62.7753791809082,-12.814244270324707,-1.8155680894851685,26.5,-0.4866214990615845,7.658750057220459,0.28125,0.7749313712120056,-0.32997655868530273,66.61199188232422,-2.9284310340881348,1,0,0,0,0,0,0.0,0.0,0.0,0.0,0.0,2,0,0,0,0,0,0.0,0.0,0.0,0.0,0.0,4,0,0,0,0,0,0.0,0.0,0.0,0.0,0.0,0,0.00012994151620659977,0.0001299464056501165,1.0342635192728267e-07,2.363278106543021e-08,134,0,0,1,1
31632,-1.037919044494629,1.010308861732483,2.4998223781585693,0.1102968379855156,-1.295161485671997,66.58635711669922,8.845438957214355,-1.351565957069397,26.470703125,-0.5566518902778625,7.638749599456787,0.29624998569488525,0.7478872537612915,0.49103403091430664,66.01300811767578,12.441896438598633,1,0,0,0,0,0,0.0,0.0,0.0,0.0,0.0,2,0,0,0,0,0,0.0,0.0,0.0,0.0,0.0,4,0,0,0,0,0,0.0,0.0,0.0,0.0,0.0,0,0.00013018144818488508,0.00013018633762840182,1.0444598075309841e-07,2.345998773023439e-08,135,0,0,1,1
31872,-1.0575480461120605,1.030134916305542,2.234771966934204,0.11325060576200485,-0.5570739507675171,61.348873138427734,24.34233283996582,-0.9397108554840088,26.453125,0.5973533391952515,7.667500019073486,0.25575000047683716,0.5921710133552551,0.5894755721092224,51.7989616394043,28.756988525390625,1,0,0,0,0,0,0.0,0.0,0.0,0.0,0.0,2,0,0,0,0,0,0.0,0.0,0.0,0.0,0.0,4,0,0,0,0,0,0.0,0.0,0.0,0.0,0.0,0,0.0001304213801631704,0.00013042626960668713,1.0346732892685395e-07,2.3287681116812564e-08,136,0,0,1,1
32112,-1.0732507705688477,1.0539662837982178,2.0939736366271973,0.10678405314683914,-0.1140197291970253,50.11656188964844,35.64080810546875,-0.44484612345695496,26.46875,1.0797849893569946,7.667500019073486,0.2510000169277191,0.5230549573898315,0.6069805026054382,40.3361930847168,35.620052337646484,1,0,0,0,0,0,0.0,0.0,0.0,0.0,0.0,2,0,0,0,0,0,0.0,0.0,0.0,0.0,0.0,4,0,0,0,0,0,0.0,0.0,0.0,0.0,0.0,0,0.0001306613121414557,0.00013066620158497244,1.0341668144064897e-07,2.311931801557421e-08,137,0,0,1,1
33015,-1.127690076828003,1.1370595693588257,2.3282217979431152,0.11633129417896271,0.3886446952819824,30.68330192565918,51.13774490356445,0.4352681040763855,26.41796875,1.3180080652236938,7.625,0.2842499911785126,0.55324786901474,0.6743377447128296,33.335975646972656,49.411285400390625,1,0,0,0,0,0,0.0,0.0,0.0,0.0,0.0,2,0,0,0,0,0,0.0,0.0,0.0,0.0,0.0,4,0,0,0,0,0,0.0,0.0,0.0,0.0,0.0,0,0.00013156105706002563,0.00013156594650354236,1.0340002631892276e-07,2.2512214314929224e-08,141,0,0,1,1
33735,-1.1952117681503296,1.1972053050994873,2.4269118309020996,0.1288212090730667,-0.11025302857160568,47.54468536376953,43.21013641357422,0.020220277830958366,26.482421875,1.4598644971847534,7.614999771118164,0.29874998331069946,0.6470892429351807,0.628517210483551,48.095882415771484,43.53554153442383,1,0,0,0,0,0,0.0,0.0,0.0,0.0,0.0,2,0,0,0,0,0,0.0,0.0,0.0,0.0,0.0,4,0,0,0,0,0,0.0,0.0,0.0,0.0,0.0,0,0.00013228085299488157,0.0001322857424383983,1.033892260693392e-07,2.205228888385591e-08,145,0,0,1,1
33975,-1.219244360923767,1.2186788320541382,2.396282434463501,0.13046789169311523,-0.12446069717407227,50.829837799072266,45.54405212402344,-0.21923038363456726,26.4453125,0.4818331003189087,7.651249885559082,0.28824999928474426,0.6315417289733887,0.6179711222648621,48.975364685058594,43.827362060546875,1,0,0,0,0,0,0.0,0.0,0.0,0.0,0.0,2,0,0,0,0,0,0.0,0.0,0.0,0.0,0.0,4,0,0,0,0,0,0.0,0.0,0.0,0.0,0.0,0,0.00013252078497316688,0.00013252567441668361,1.0338574440993398e-07,2.1903771241227332e-08,146,0,0,1,1
34215,-1.2424066066741943,1.2407506704330444,2.36772084236145,0.13087472319602966,-0.08988862484693527,47.410587310791016,42.90553283691406,-0.007449576165527105,26.4765625,0.5488707423210144,7.637499809265137,0.2982500195503235,0.6264767050743103,0.6439775824546814,48.40506362915039,44.68703842163086,1,0,0,0,0,0,0.0,0.0,0.0,0.0,0.0,2,0,0,0,0,0,0.0,0.0,0.0,0.0,0.0,4,0,0,0,0,0,0.0,0.0,0.0,0.0,0.0,0,0.0001327607169514522,0.00013276560639496893,1.0338229117223818e-07,2.1757562862489976e-08,147,0,0,1,1
34455,-1.2652661800384521,1.263262152671814,2.3599703311920166,0.1312631517648697,-0.07356446236371994,48.13017272949219,47.27939987182617,-0.08939491212368011,26.439453125,0.8834604024887085,7.654999732971191,0.28949999809265137,0.6192682981491089,0.6236943602561951,48.20560836791992,45.16278839111328,1,0,0,0,0,0,0.0,0.0,0.0,0.0,0.0,2,0,0,0,0,0,0.0,0.0,0.0,0.0,0.0,4,0,0,0,0,0,0.0,0.0,0.0,0.0,0.0,0,0.0001330006489297375,0.00013300553837325424,1.0337890898881597e-07,2.161360868058182e-08,148,0,0,1,1
34695,-1.287962794303894,1.2860851287841797,2.3482306003570557,0.12587149441242218,-0.030223488807678223,47.62605667114258,44.647193908691406,0.06704618781805038,26.501953125,-0.0802057534456253,7.654999732971191,0.2775000035762787,0.5907595753669739,0.6258435845375061,45.39169692993164,44.14157485961914,1,0,0,0,0,0,0.0,0.0,0.0,0.0,0.0,2,0,0,0,0,0,0.0,0.0,0.0,0.0,0.0,4,0,0,0,0,0,0.0,0.0,0.0,0.0,0.0,0,0.00013324058090802282,0.00013324547035153955,1.0337556943795789e-07,2.1471864286581877e-08,149,0,0,1,1
34935,-1.3091552257537842,1.3078892230987549,2.3389244079589844,0.12493302673101425,0.0003678344946820289,45.9506721496582,44.131717681884766,-0.061725057661533356,26.44140625,0.02753331884741783,7.648749828338623,0.28349998593330383,0.588574230670929,0.6349000930786133,44.425262451171875,44.44047546386719,1,0,0,0,0,0,0.0,0.0,0.0,0.0,0.0,2,0,0,0,0,0,0.0,0.0,0.0,0.0,0.0,4,0,0,0,0,0,0.0,0.0,0.0,0.0,0.0,0,0.00013348051288630813,0.00013348540232982486,1.0337227962509132e-07,2.1332278166141805e-08,150,0,0,1,1
35175,-1.330233097076416,1.3295315504074097,2.345893621444702,0.1218864843249321,0.005455520935356617,45.77608871459961,48.08238983154297,0.026605628430843353,26.42578125,1.1803414821624756,7.667500019073486,0.25949999690055847,0.5764553546905518,0.601341724395752,43.23652648925781,43.462181091308594,1,0,0,0,0,0,0.0,0.0,0.0,0.0,0.0,2,0,0,0,0,0,0.0,0.0,0.0,0.0,0.0,4,0,0,0,0,0,0.0,0.0,0.0,0.0,0.0,0,0.00013372044486459345,0.00013372533430811018,1.0336905376107097e-07,2.119480591034062e-08,151,0,0,1,1
35415,-1.3510446548461914,1.3506741523742676,2.3501980304718018,0.11721471697092056,0.002121634315699339,41.67216110229492,41.77728271484375,0.07130308449268341,26.466796875,0.5057750940322876,7.664999961853027,0.2757500112056732,0.5795695185661316,0.6142075061798096,41.643943786621094,41.73170471191406,1,0,0,0,0,0,0.0,0.0,0.0,0.0,0.0,2,0,0,0,0,0,0.0,0.0,0.0,0.0,0.0,4,0,0,0,0,0,0.0,0.0,0.0,0.0,0.0,0,0.00013396037684287876,0.0001339652662863955,1.0336587052961477e-07,2.1059404886614175e-08,152,0,0,1,1
35655,-1.370527982711792,1.3702783584594727,2.3560428619384766,0.11350737512111664,-0.0022179249208420515,40.21009826660156,40.64961624145508,-0.08407378941774368,26.443359375,0.6374561786651611,7.658750057220459,0.2695000171661377,0.573621928691864,0.6074907183647156,40.4151611328125,40.323429107666016,1,0,0,0,0,0,0.0,0.0,0.0,0.0,0.0,2,0,0,0,0,0,0.0,0.0,0.0,0.0,0.0,4,0,0,0,0,0,0.0,0.0,0.0,0.0,0.0,0,0.00013420030882116407,0.0001342051982646808,1.0336272993072271e-07,2.092602180425729e-08,153,0,0,1,1
35895,-1.3898156881332397,1.3894442319869995,2.360844135284424,0.10486067831516266,-0.019168509170413017,39.56779479980469,41.072792053222656,-0.025541404262185097,26.4375,0.33099839091300964,7.668749809265137,0.24450001120567322,0.5468838214874268,0.5656040906906128,37.69049835205078,36.89763641357422,1,0,0,0,0,0,0.0,0.0,0.0,0.0,0.0,2,0,0,0,0,0,0.0,0.0,0.0,0.0,0.0,4,0,0,0,0,0,0.0,0.0,0.0,0.0,0.0,0,0.00013444024079944938,0.00013444513024296612,1.0335965328067687e-07,2.0794617583419495e-08,154,0,0,1,1
36135,-1.4079744815826416,1.4075191020965576,2.35780668258667,0.09711608290672302,-0.013151461258530617,37.141334533691406,35.252830505371094,-0.051082808524370193,26.47265625,0.10714052617549896,7.666249752044678,0.24050000309944153,0.5275530815124512,0.5663450360298157,34.81166458129883,34.26768493652344,1,0,0,0,0,0,0.0,0.0,0.0,0.0,0.0,2,0,0,0,0,0,0.0,0.0,0.0,0.0,0.0,4,0,0,0,0,0,0.0,0.0,0.0,0.0,0.0,0,0.0001346801727777347,0.00013468506222125143,1.0335661926319517e-07,2.0665153144250326e-08,155,0,0,1,1
36375,-1.42414391040802,1.4237961769104004,2.3508410453796387,0.08661600947380066,-0.000294026656774804,32.30897903442383,30.609054565429688,0.030862528830766678,26.431640625,-0.4297592043876648,7.669999599456787,0.2317499816417694,0.5079952478408813,0.5530536770820618,30.81136703491211,30.799205780029297,1,0,0,0,0,0,0.0,0.0,0.0,0.0,0.0,2,0,0,0,0,0,0.0,0.0,0.0,0.0,0.0,4,0,0,0,0,0,0.0,0.0,0.0,0.0,0.0,0,0.00013492010475602,0.00013492499419953674,1.0335360656199555e-07,2.0537587630542475e-08,156,0,0,1,1
36615,-1.4385006427764893,1.4383788108825684,2.349832057952881,0.08003180474042892,0.008431815542280674,29.480789184570312,30.48761749267578,0.0,26.447265625,0.07062894850969315,7.679999828338623,0.2212499976158142,0.494571328163147,0.5324561595916748,28.28921127319336,28.637971878051758,1,0,0,0,0,0,0.0,0.0,0.0,0.0,0.0,2,0,0,0,0,0,0.0,0.0,0.0,0.0,0.0,4,0,0,0,0,0,0.0,0.0,0.0,0.0,0.0,0,0.00013516003673430532,0.00013516492617782205,1.0335067202049686e-07,2.0411880186088638e-08,157,0,0,1,1
36855,-1.4516823291778564,1.4516959190368652,2.353854179382324,0.07249652594327927,0.007093220949172974,25.832496643066406,26.669710159301758,-0.006385351065546274,26.46484375,-0.5171475410461426,7.676249980926514,0.21625001728534698,0.4841856360435486,0.5193588733673096,25.636945724487305,25.930339813232422,1,0,0,0,0,0,0.0,0.0,0.0,0.0,0.0,2,0,0,0,0,0,0.0,0.0,0.0,0.0,0.0,4,0,0,0,0,0,0.0,0.0,0.0,0.0,0.0,0,0.00013539996871259063,0.00013540485815610737,1.0334774458442553e-07,2.0287995283752025e-08,158,0,0,1,1
37095,-1.4632577896118164,1.4633724689483643,2.3524320125579834,0.06005590781569481,0.009923013858497143,21.861940383911133,22.241106033325195,0.07875265926122665,26.423828125,-0.26994624733924866,7.6875,0.2017499953508377,0.4546828269958496,0.49442294239997864,21.153871536254883,21.564313888549805,1,0,0,0,0,0,0.0,0.0,0.0,0.0,0.0,2,0,0,0,0,0,0.0,0.0,0.0,0.0,0.0,4,0,0,0,0,0,0.0,0.0,0.0,0.0,0.0,0,0.00013563990069087595,0.00013564479013439268,1.0334488109720041e-07,2.016589206732533e-08,159,0,0,1,1
37335,-1.4724137783050537,1.4725532531738281,2.361314296722412,0.05326110124588013,0.002883115317672491,16.615245819091797,17.054018020629883,0.028734078630805016,26.458984375,0.7248445749282837,7.691249847412109,0.2072499841451645,0.4679991602897644,0.4978925883769989,18.882869720458984,19.00212287902832,1,0,0,0,0,0,0.0,0.0,0.0,0.0,0.0,2,0,0,0,0,0,0.0,0.0,0.0,0.0,0.0,4,0,0,0,0,0,0.0,0.0,0.0,0.0,0.0,0,0.00013587983266916126,0.000135884722112678,1.033420673479668e-07,2.0045536786028606e-08,160,0,0,1,1
37575,-1.480499267578125,1.4805612564086914,2.3605406284332275,0.04268426448106766,-0.0019613951444625854,16.270387649536133,15.144835472106934,-0.010642251931130886,26.419921875,-1.0648212432861328,7.697499752044678,0.19224999845027924,0.4305213689804077,0.47386398911476135,15.221370697021484,15.140244483947754,1,0,0,0,0,0,0.0,0.0,0.0,0.0,0.0,2,0,0,0,0,0,0.0,0.0,0.0,0.0,0.0,4,0,0,0,0,0,0.0,0.0,0.0,0.0,0.0,0,0.00013611976464744657,0.0001361246540909633,1.0333926780958791e-07,1.9926893912725063e-08,161,0,0,1,1
37815,-1.487473726272583,1.4874675273895264,2.3630757331848145,0.03416130319237709,-0.004081005696207285,13.019166946411133,12.987895965576172,0.001064225216396153,26.435546875,0.3250128924846649,7.694999694824219,0.1809999942779541,0.40831834077835083,0.4467725157737732,12.233987808227539,12.065186500549316,1,0,0,0,0,0,0.0,0.0,0.0,0.0,0.0,2,0,0,0,0,0,0.0,0.0,0.0,0.0,0.0,4,0,0,0,0,0,0.0,0.0,0.0,0.0,0.0,0,0.00013635969662573189,0.00013636458606924862,1.0333651090377316e-07,1.9809929696634754e-08,162,0,0,1,1
38055,-1.492583155632019,1.4925004243850708,2.3657498359680176,0.026520704850554466,-0.005687323864549398,8.036961555480957,9.031606674194336,0.026605628430843353,26.4609375,0.32620999217033386,7.701249599456787,0.17649999260902405,0.40568986535072327,0.4336492121219635,9.549802780151367,9.314560890197754,1,0,0,0,0,0,0.0,0.0,0.0,0.0,0.0,2,0,0,0,0,0,0.0,0.0,0.0,0.0,0.0,4,0,0,0,0,0,0.0,0.0,0.0,0.0,0.0,0,0.0001365996286040172,0.00013660451804753393,1.0333379663052256e-07,1.969460861062089e-08,163,0,0,1,1
38295,-1.4960291385650635,1.4958866834640503,2.3632187843322754,0.017177822068333626,-0.006438996642827988,5.667582988739014,5.370053291320801,-0.01383492723107338,26.47265625,-0.1867477297782898,7.704999923706055,0.16975000500679016,0.38541024923324585,0.41911864280700684,6.242518901824951,5.9761857986450195,1,0,0,0,0,0,0.0,0.0,0.0,0.0,0.0,2,0,0,0,0,0,0.0,0.0,0.0,0.0,0.0,4,0,0,0,0,0,0.0,0.0,0.0,0.0,0.0,0,0.0001368395605823025,0.00013684445002581924,1.0333113920069081e-07,1.958090223297404e-08,164,0,0,1,1
38535,-1.4981459379196167,1.4979726076126099,2.364602565765381,0.012218437157571316,-0.006559069734066725,3.1726438999176025,3.903931140899658,0.008513801731169224,26.4609375,0.04728548228740692,7.707499980926514,0.1679999977350235,0.38776859641075134,0.4120614230632782,4.481179714202881,4.2098798751831055,1,0,0,0,0,0,0.0,0.0,0.0,0.0,0.0,2,0,0,0,0,0,0.0,0.0,0.0,0.0,0.0,4,0,0,0,0,0,0.0,0.0,0.0,0.0,0.0,0,0.00013707949256058782,0.00013708438200410455,1.0332847466543171e-07,1.946877148384374e-08,165,0,0,1,1
38775,-1.4995037317276,1.4993053674697876,2.3658885955810547,0.005385051481425762,-0.006641537882387638,1.802690863609314,1.8977258205413818,-0.01489915233105421,26.46484375,0.4513070285320282,7.703749656677246,0.1627499908208847,0.3731728494167328,0.3965708315372467,2.052567720413208,1.7778570652008057,1,0,0,0,0,0,0.0,0.0,0.0,0.0,0.0,2,0,0,0,0,0,0.0,0.0,0.0,0.0,0.0,4,0,0,0,0,0,0.0,0.0,0.0,0.0,0.0,0,0.00013731942453887314,0.00013732431398238987,1.0332586697359147e-07,1.9358191494234234e-08,166,0,0,1,1
39015,-1.500098466873169,1.4998888969421387,2.3645172119140625,0.0020954411011189222,-0.0062673394568264484,1.2829759120941162,0.241525799036026,-0.02234872803092003,26.4921875,0.2190694510936737,7.707499980926514,0.16050000488758087,0.36342960596084595,0.3940558135509491,0.8748673796653748,0.615634560585022,1,0,0,0,0,0,0.0,0.0,0.0,0.0,0.0,2,0,0,0,0,0,0.0,0.0,0.0,0.0,0.0,4,0,0,0,0,0,0.0,0.0,0.0,0.0,0.0,0,0.00013755935651715845,0.00013756424596067518,1.0332335165230688e-07,1.9249132066079255e-08,167,0,0,1,1
39255,-1.5001226663589478,1.4999122619628906,2.3641035556793213,0.0003814919327851385,-0.0060018510557711124,-0.0004806550277862698,-0.13942484557628632,-0.001064225216396153,26.4453125,0.1430535465478897,7.788749694824219,0.003000000026077032,0.0,0.0,0.25980472564697266,0.011553150601685047,1,0,0,0,0,0,0.0,0.0,0.0,0.0,0.0,2,0,0,0,0,0,0.0,0.0,0.0,0.0,0.0,4,0,0,0,0,0,0.0,0.0,0.0,0.0,0.0,0,0.00013779928849544376,0.0001378041779389605,1.033208008038855e-07,1.9141563001312534e-08,168,0,0,1,1
