robot,motor,step,pwm_target,rpm_ss_fixed,tau_s,tau_se,tau_ms,r2,rmse_rpm
1,L,step1_pos_0.50,0.5,6.836111111111112,0.19821902665822694,0.0666934837212559,198.21902665822694,0.041422811143067895,5.102419645751997
1,L,step2_pos_0.80,0.8,63.739305555555546,0.14491968119296944,0.016174284065497747,144.91968119296945,0.582979430190035,13.49296254866598
1,L,step3_neg_0.60,-0.6,-25.922638888888887,2.9999999999997082,1.581592042808456,2999.999999999708,-7.727346496959919,33.309630251661666
2,L,step1_pos_0.50,0.5,25.350416666666668,0.2494812946967271,0.011465990748578084,249.4812946967271,0.87453641630697,2.8987086298399625
2,L,step2_pos_0.80,0.8,75.3413888888889,0.14989170101207833,0.010094113363729697,149.89170101207833,0.808270372606181,9.786709500393835
2,L,step3_neg_0.60,-0.6,-43.69013888888888,2.9999999999999996,1.3790072221818657,2999.9999999999995,-14.813786333352537,48.94755711867802
3,L,step1_pos_0.50,0.5,0.0,0.2,0.0,200.0,-7.97806087603869,20.290699840074517
3,L,step2_pos_0.80,0.8,72.37541666666667,0.16033841095891402,0.008576958582422032,160.338410958914,0.8613479845814918,7.723259727936216
3,L,step3_neg_0.60,-0.6,-45.03972222222222,2.9999999999999996,1.3378236585018861,2999.9999999999995,-13.565455244148037,48.95491171268485
4,L,step1_pos_0.50,0.5,0.0,0.2,0.0,200.0,-8.093973359244357,25.680439400158924
4,L,step2_pos_0.80,0.8,85.21333333333334,0.1737557933555546,0.008228867118185254,173.7557933555546,0.8779118792146378,8.380872291942119
4,L,step3_neg_0.60,-0.6,-52.306250000000006,2.9999999999999996,1.3297088416832896,2999.9999999999995,-14.715282623179016,56.50500824698452
