robot,motor,step,pwm,rpm_ss,rpm_ss_se,tau_s,tau_se,tau_ms,td_s,td_se,td_ms,r2,rmse
1,L,step1_pos_0.50,0.5,11.70333991215965,0.07180665385053948,0.020424129065114708,0.0035629614890515067,20.42412906511471,0.3564806350335364,0.002378089402299892,356.4806350335364,0.94175312788107,1.023590846649742
1,L,step2_pos_0.80,0.8,71.13783743765492,0.9372206806119239,0.15513562206564066,0.02174245781653536,155.13562206564066,0.033630574146389765,0.01451388719563636,33.63057414638976,0.5602665190908885,12.634759552671268
1,L,step3_neg_0.60,-0.6,30.740132458967306,0.46968972456151425,0.14488074612056703,0.022993367440919715,144.88074612056704,0.16843527638244582,0.014860905677045831,168.4352763824458,0.6694626179658623,6.176962351393967
2,L,step1_pos_0.50,0.5,27.870599517960436,0.1268171420703483,0.2543358695138802,0.008976680519948106,254.3358695138802,0.05641009936255419,0.00553880477643385,56.41009936255419,0.9524445925890913,1.5044102481470594
2,L,step2_pos_0.80,0.8,84.43762719740141,0.18875404683923427,0.13700516573128269,0.0034502737564843333,137.0051657312827,0.05499615069008238,0.002302477430654847,54.99615069008238,0.9795948224909534,2.5806612959719333
2,L,step3_neg_0.60,-0.6,45.60607837340062,0.11591706275717326,0.2349496150874439,0.0049678818021120525,234.9496150874439,0.04211651635057526,0.0031698409135591733,42.11651635057526,0.9821278120630711,1.4163654810194863
3,L,step1_pos_0.50,0.5,24.52012807779777,0.047352605029106716,0.28208547386716054,0.004036865870023655,282.08547386716054,0.041490151495810625,0.0024896162264504574,41.49015149581062,0.9915370572250272,0.5419374818367801
3,L,step2_pos_0.80,0.8,80.48506289558257,0.12031262537202057,0.1594945269078197,0.002466801359994452,159.4945269078197,0.0451001939003351,0.0016259552040838435,45.1001939003351,0.9910354304264948,1.6098480715469776
3,L,step3_neg_0.60,-0.6,46.48055598758737,0.11819813920894279,0.30523496286718055,0.005346923350238518,305.23496286718057,0.029311782655921353,0.0031490204313081517,29.311782655921352,0.9859497919319465,1.316831328230106
4,L,step1_pos_0.50,0.5,30.866784936713653,0.1974632796410743,0.3032967965601453,0.01374838697365151,303.2967965601453,0.021139326276214353,0.008346601471549865,21.139326276214355,0.9135526328774284,2.197695387403106
4,L,step2_pos_0.80,0.8,92.74475980183949,0.38672473683834463,0.18024327370075757,0.007320954627392246,180.24327370075758,0.03356927748584226,0.004814216230232726,33.56927748584226,0.9356157231423082,5.069391717648313
4,L,step3_neg_0.60,-0.6,53.19477946732737,0.2673223033584115,0.2985960261118326,0.010627182456985265,298.5960261118326,0.016046303865054228,0.006372994518846994,16.046303865054227,0.9414121900492582,3.019630302379905
