robot,motor,step,pwm_target,rpm_ss,rpm_ss_se,tau_s,tau_se,tau_ms,r2,n_samples,fit_ok
1,L,step1_pos_0.50,0.5,52.9819533322386,46.29507324183502,2.9999998740237137,2.9669836198677624,2999.999874023714,0.7777316349004326,100,True
1,L,step2_pos_0.80,0.8,72.0008840192381,2.0796009151652393,0.2016136241428564,0.021669838554313824,201.61362414285642,0.752421474149574,100,True
1,L,step3_neg_0.60,-0.6,,,,,,,100,False
2,L,step1_pos_0.50,0.5,30.997597208836456,0.6799145475630599,0.3961495208272024,0.020079717189017906,396.1495208272024,0.9652108875189365,100,True
2,L,step2_pos_0.80,0.8,90.02832401228541,1.0913309123750918,0.22455832626858316,0.009393636561781243,224.55832626858316,0.9587466628252254,100,True
2,L,step3_neg_0.60,-0.6,,,,,,,100,False
3,L,step1_pos_0.50,0.5,25.336106616160645,0.371024232847054,0.35121740902189974,0.012903545687039008,351.21740902189975,0.9784854920528607,100,True
3,L,step2_pos_0.80,0.8,82.44877182902631,0.8450628173198486,0.22010048769155657,0.007896506841563828,220.10048769155657,0.9681120584488546,100,True
3,L,step3_neg_0.60,-0.6,,,,,,,100,False
4,L,step1_pos_0.50,0.5,30.662327177895424,0.5165235762438499,0.32537405393015206,0.01440472013539785,325.37405393015206,0.9650104521962615,99,True
4,L,step2_pos_0.80,0.8,95.6096920941474,1.227512772072236,0.23228746470428155,0.0100478855759569,232.28746470428155,0.9543023639224497,100,True
4,L,step3_neg_0.60,-0.6,,,,,,,100,False
