robot,motor,segment,direction,rpm0_exp,tau_coast_s,r2_exp,rpm0_lin,slope_rpm_per_s,r2_lin,t_stop_s
1,L,coast_pos,1,75.14785259964252,0.238418990897302,0.9334059070473462,67.56092152853203,153.64287974621993,0.9782266783663476,0.43972699314231795
1,R,coast_pos,1,84.08765474502796,0.27850104706966,0.9457922891363504,71.80895128810634,124.17676521648355,0.976886898664639,0.5782800925995956
1,L,coast_neg,-1,73.78555498717479,0.25373421396537416,0.8876271213073931,68.06095204292711,153.19788679719377,0.9652070743546988,0.4442682171786578
1,R,coast_neg,-1,82.20699032866386,0.31996046856149213,0.9382768384549661,73.71562584381957,124.57188420342267,0.9817162034410125,0.5917517127977598
2,L,coast_pos,1,94.8942836068551,0.3261778346608296,0.9592974113026025,81.83365555999325,124.27009680913855,0.98255941157837,0.6585144589182889
2,R,coast_pos,1,90.07225925125101,0.3314004663268906,0.953261165730351,78.14899688150771,118.19894524831369,0.9822116123064017,0.6611649259418636
2,L,coast_neg,-1,93.09983833307473,0.34998524736901326,0.954815517192815,81.87633184759017,120.87424832629709,0.9912041794014992,0.6773678676914457
2,R,coast_neg,-1,90.1771028466203,0.34440557785629455,0.9564675219649146,79.97202424634348,122.96158666944287,0.9857226912170659,0.6503821755434236
3,L,coast_pos,1,89.25870465891032,0.3067533888041328,0.920911068212222,80.04653400204259,139.1221410096787,0.9893246661143502,0.5753687617305556
3,R,coast_pos,1,81.4406184175508,0.2795384394242596,0.9463465002559015,72.05863412922004,134.7442245476117,0.9850056820892646,0.5347808736971744
3,L,coast_neg,-1,87.8952815012623,0.3116005347821884,0.9468980223965934,78.16458867795224,132.73256908446342,0.9895901672581078,0.5888877855457824
3,R,coast_neg,-1,85.90309943894994,0.2719991015779492,0.924705741023849,76.39602053999519,146.94478341171657,0.984381092009547,0.5198961049603602
4,L,coast_pos,1,104.79497175859296,0.33047188474216016,0.9584134973986002,90.51247451236182,136.3159628832682,0.9796307161210227,0.6639902810932758
4,R,coast_pos,1,102.19878749262176,0.3355594398014993,0.9463560845875704,88.0389093752855,128.61894564529936,0.9872878902452124,0.6844940994779727
4,L,coast_neg,-1,104.7868253855618,0.3283186338360617,0.9558063321925268,91.84729634172493,144.27355173949573,0.976250447004269,0.6366190839161353
4,R,coast_neg,-1,98.33693219565022,0.33514485351434237,0.9541007005968456,86.8592994729512,135.66825337038944,0.984927701712888,0.6402330487429188
