robot,level,pwm_cmd,rpm_ss,rpm_std,current_ma,vbus_v
1,0,-0.1,0.0,0.442846108774073,27.96805555555556,7.712361111111111
1,1,-0.15,-0.016388888888888894,0.4388182130451704,30.32638888888889,7.711944444444445
1,2,-0.2,0.04097222222222222,0.34766083408338605,34.37361111111111,7.709305555555555
1,3,-0.25,-0.024583333333333332,0.2876369851240752,39.85555555555556,7.706111111111111
1,4,-0.3,0.024583333333333332,0.4251956881712661,46.94166666666667,7.703472222222223
1,5,-0.35,3.0839528461809902e-18,0.442846108774073,56.59166666666667,7.697638888888889
1,6,-0.4,0.016388888888888883,0.29661140488627047,68.21666666666665,7.692916666666668
1,7,-0.45,0.03277777777777779,0.34143533907143087,80.01388888888889,7.685416666666665
1,8,-0.5,-0.008194444444444442,0.43719762633818493,92.82638888888889,7.678472222222221
1,9,-0.55,-19.384027777777778,0.9294973042748151,104.21666666666665,7.673611111111111
1,10,-0.6,-25.922638888888887,8.586794970637303,120.84722222222223,7.666666666666667
1,11,-0.65,-42.767500000000005,1.8582907108946058,137.86944444444444,7.658333333333331
1,12,-0.75,-60.52277777777777,10.190182408935895,175.04027777777776,7.642222222222222
1,13,-0.9,-81.5436111111111,15.064880464043888,208.96666666666664,7.628333333333334
2,0,-0.1,0.1101388888888889,0.7830897508606356,48.36527777777778,0.0
2,1,-0.15,0.0,0.0,52.52394366197182,0.00014084507042253522
2,2,-0.2,0.0,0.0,53.77916666666667,0.0
2,3,-0.25,0.0,0.0,61.705555555555556,0.0001388888888888889
2,4,-0.3,0.0,0.0,69.97916666666667,0.0
2,5,-0.35,0.0,0.1088350606309162,81.78472222222223,0.0006944444444444445
2,6,-0.4,0.0,0.0,93.39722222222223,0.0015277777777777779
2,7,-0.45,0.0,0.0,105.07916666666665,0.0002777777777777778
2,8,-0.5,0.0,0.0,121.5111111111111,0.0
2,9,-0.55,-31.924999999999997,1.6347183932873939,127.25972222222224,0.0002777777777777778
2,10,-0.6,-43.69013888888888,1.622794922570279,140.0013888888889,0.00041666666666666664
2,11,-0.65,-54.88625,1.670405565580147,151.00833333333333,0.001527777777777778
2,12,-0.75,-76.16694444444445,1.4204171564292531,164.5875,0.0022222222222222222
2,13,-0.9,-98.76333333333332,3.1628958027660223,173.8180555555556,0.0018055555555555557
3,0,-0.1,0.012535211267605633,0.21203583463892672,61.50140845070423,7.700704225352116
3,1,-0.15,0.0,0.0,65.52916666666665,7.69888888888889
3,2,-0.2,0.0,0.0,72.18333333333334,7.694999999999999
3,3,-0.25,0.0,0.0,80.1875,7.688333333333333
3,4,-0.3,0.0,0.0,87.67638888888888,7.683194444444443
3,5,-0.35,0.0,0.0,97.72083333333333,7.678472222222222
3,6,-0.4,0.0,0.0,104.62083333333334,7.677083333333333
3,7,-0.45,0.0,0.0,116.45694444444445,7.667361111111112
3,8,-0.5,0.0,0.0,133.3777777777778,7.655555555555556
3,9,-0.55,-31.125555555555554,2.3397435088083816,141.26527777777778,7.649027777777778
3,10,-0.6,-45.03972222222222,0.6703750731151519,152.27638888888887,7.6450000000000005
3,11,-0.65,-56.114861111111104,0.510498218549694,164.91111111111113,7.638333333333334
3,12,-0.75,-75.13361111111112,1.292837588304873,178.54166666666666,7.631388888888888
3,13,-0.9,-90.52624999999999,1.140171024359385,176.4138888888889,7.640694444444446
4,0,-0.1,0.2604166666666667,1.1221250432443128,51.69166666666667,8.386805555555558
4,1,-0.15,0.0,0.0,55.97605633802817,8.384507042253523
4,2,-0.2,0.0,0.0,62.093055555555566,8.381388888888889
4,3,-0.25,0.0,0.0,70.35138888888888,8.37875
4,4,-0.3,0.0,0.0,79.56944444444444,8.375555555555556
4,5,-0.35,0.0,0.0,90.48194444444445,8.371111111111112
4,6,-0.4,0.0,0.0,98.14722222222223,8.365555555555554
4,7,-0.45,0.0,0.0,110.3125,8.360833333333334
4,8,-0.5,0.0,0.0,130.06944444444446,8.354027777777778
4,9,-0.55,-36.873194444444444,1.677611335394691,137.14722222222224,8.349305555555555
4,10,-0.6,-52.306250000000006,2.7314487913925816,147.47222222222223,8.34486111111111
4,11,-0.65,-64.83972222222224,3.6284358063256374,158.6138888888889,8.339444444444446
4,12,-0.75,-83.53722222222221,4.668306150641679,178.4375,8.330833333333334
4,13,-0.9,-102.90875,5.730963082424513,185.56388888888887,8.328194444444442
