robot,motor,step,pwm,rpm_ss,tau_s,tau_ms,td_s,td_ms,r2,rmse
1,R,step1_pos_0.50,0.5,13.743032842787992,0.4113920787700829,411.3920787700829,0.0024335481857120536,2.433548185712054,0.9593308412483423,0.6781057526088066
1,R,step2_pos_0.80,0.8,77.85928751345122,0.17865214102479282,178.65214102479283,0.036441243144419606,36.44124314441961,0.9848252304844244,2.0336614545594762
1,R,step3_neg_0.60,-0.6,35.31914909810441,0.24043881880029244,240.43881880029244,0.03724146796340755,37.24146796340755,0.9799634391064478,1.1529065557708709
2,R,step1_pos_0.50,0.5,28.85405166192364,0.3881412822790621,388.14128227906207,0.02748490871033481,27.48490871033481,0.9903997482043735,0.7095648869136219
2,R,step2_pos_0.80,0.8,81.71278586773107,0.1470029305622891,147.0029305622891,0.04535046733624691,45.35046733624691,0.988833300263066,1.7956514123523248
2,R,step3_neg_0.60,-0.6,48.900418101404945,0.27456913345456246,274.56913345456246,0.032090592384319556,32.09059238431956,0.9902784921030556,1.127930334525565
3,R,step1_pos_0.50,0.5,17.373467222609403,0.24268648425252634,242.68648425252633,0.0438829989215879,43.882998921587905,0.968424080297352,0.733189430719982
3,R,step2_pos_0.80,0.8,73.63216501743727,0.14969197239895787,149.6919723989579,0.036194070008117606,36.194070008117606,0.9707736410627559,2.573075644955317
3,R,step3_neg_0.60,-0.6,37.80181100256562,0.27186551553369465,271.86551553369463,0.02932081064970223,29.320810649702228,0.9684950895171257,1.5711290115546896
4,R,step1_pos_0.50,0.5,28.749204206676236,0.2530471304255436,253.0471304255436,0.042502393694327595,42.502393694327594,0.9898078286561128,0.6850505807219107
4,R,step2_pos_0.80,0.8,90.0893778946005,0.1651193287120091,165.1193287120091,0.042828249307361954,42.82824930736196,0.9896100584866369,1.95127080983321
4,R,step3_neg_0.60,-0.6,50.911759966481746,0.24405758809320824,244.05758809320824,0.03406297818289805,34.06297818289805,0.9908372520506771,1.1131441048272994
