t_s,bias_1_2_m,bias_1_3_m,bias_1_4_m
0.0,2.8992022366154773,2.6411001482050764,2.491748328059787
5.0,2.8523077082096187,2.437852644439362,2.4203159086745805
10.0,2.3474371860630323,2.3170259601542047,2.361334956540166
15.0,2.1554296303545986,2.2111250211221347,2.3313226669517872
20.0,2.1085695382387613,2.1368145386859525,2.267835131006317
25.0,2.064714580059048,2.0749901406946623,2.2280567339980473
30.0,2.099842097622939,2.0978716696198223,2.1665706660260895
35.0,2.011157579902668,2.002956406863611,2.163385416260465
40.0,1.9516633756582438,1.9992644437375777,2.1142143057897083
45.0,1.9818992352360545,1.9237294643309382,2.100217195378053
50.0,1.8963021387043637,1.9568069957585776,2.0912298679253776
55.0,1.9235544598832317,1.8661117526472388,2.049940156590918
60.0,1.8753534566460512,1.827998790805552,2.077318513059229
65.0,1.909179333402019,1.8584133109254017,1.9988485759869494
70.0,1.8346843874862058,1.7803956476508025,1.9531496309985121
75.0,1.8122697052592163,1.7800925037484943,1.9150622597341396
80.0,1.7404953762973998,1.7619097785807925,1.8965655424565502
85.0,1.7758241182168815,1.672277515144097,1.8569960940818449
90.0,1.686833675235576,1.6809677027472052,1.8548497096344578
95.0,1.6871088583817042,1.6953776330331007,1.828885733950332
100.0,1.655008355210105,1.7110705697800155,1.788087032406453
105.0,1.6058124925876025,1.5802468986985343,1.7556987700194395
110.0,1.6020523490023295,1.552157829838205,1.7384998442843564
115.0,1.5209771778728551,1.5316488556143522,1.7175054841545818
120.0,1.4587964957242139,1.508970070842683,1.6798179556569757
125.0,1.481454300621201,1.4227663291748993,1.6285097851209531
130.0,1.4513108190098498,1.4252553051412507,1.5744221947799903
135.0,1.4260109074434104,1.4598047125622784,1.4992412690171109
140.0,1.3788201148705448,1.3905015332008384,1.4085325274654994
145.0,1.3074110346168628,1.3466399773135571,1.3815250860482347
150.0,1.2746847124808507,1.321215368997814,1.3186313291335792
155.0,1.2411868211794568,1.2946493556262946,1.2271537531945018
160.0,1.1566199683418998,1.211236634357795,1.1868338854916487
165.0,1.0994851140238568,1.1811628379061863,1.1506357224478891
170.0,1.1188376039862875,1.1012097845032143,1.128635891958674
175.0,1.0443567768267383,1.0959912115639705,1.067957430230506
180.0,0.9802717303427488,1.02122779759926,0.9714748473978045
185.0,0.9315432434411693,0.9945619253134143,0.9516633667321112
190.0,0.8622073098087408,0.8561355394940168,0.8988999571593524
195.0,0.8148104352370417,0.7975023774319822,0.836588881979257
200.0,0.7777776874496622,0.8161390685243255,0.7547744966169307
205.0,0.6830213323890674,0.7292408431840572,0.7751859289410147
210.0,0.6676501823712553,0.6941776462319685,0.6574273801736823
215.0,0.6247649911946697,0.6488996471917391,0.6675942878004917
220.0,0.6099737227882269,0.6447401348532527,0.5856267147216474
225.0,0.5651846804063143,0.4617980073080087,0.4909951811093456
230.0,0.48193093611974036,0.43193814126283303,0.47233159370957567
235.0,0.39917826323794003,0.3768094090594014,0.406281617507076
240.0,0.36379356755318343,0.32771281197411395,0.37362169750807384
245.0,0.304136949375417,0.28076015558217804,0.3080942936680993
250.0,0.21764137196445224,0.24974374656218862,0.21818287016479287
255.0,0.18439738380136916,0.18557506011459884,0.16646798796092646
260.0,0.114600131959355,0.15933589887063507,0.14477625901444155
265.0,0.05063538120984594,0.08550250488029683,0.07406463032502675
270.0,-0.010867342011686668,0.06034418032833619,0.051350274974202526
275.0,-0.03886631619060262,0.01612334299174871,-0.039856261385134206
280.0,-0.12619754395868316,-0.08474193810661597,-0.063976545407498
285.0,-0.14830533996672363,-0.18016104403554095,-0.1019359294074974
290.0,-0.2112778406871605,-0.21545126182352536,-0.20189300342115332
295.0,-0.2667329101423466,-0.24134145877958232,-0.24113043953111254
300.0,-0.3368757573657084,-0.280573996328613,-0.28281774133685755
305.0,-0.31422575251443774,-0.33360965941837634,-0.3131287354661406
310.0,-0.43176933163760095,-0.3958567767999714,-0.38669901008796354
315.0,-0.3892749646981387,-0.41466173482112323,-0.42481176574098006
320.0,-0.4891499975622592,-0.43136574954169193,-0.42637890019644575
325.0,-0.500323259371571,-0.4967194165165968,-0.5094052227262704
330.0,-0.510285318521158,-0.47295356382294973,-0.5431678265203872
335.0,-0.5797599765483333,-0.5392052147918012,-0.6058233007844042
340.0,-0.6241370368699113,-0.5407003983106746,-0.644152994339643
345.0,-0.6546721614212385,-0.6298556665976257,-0.6959755054188894
350.0,-0.6941348396188762,-0.6804386369138303,-0.7278392009073988
355.0,-0.7481211348058443,-0.7047722082346662,-0.7788151176003071
360.0,-0.7982369787744256,-0.752040296524563,-0.8091827057517467
365.0,-0.8324117329533962,-0.7525771150380044,-0.8416480529661404
370.0,-0.8797649213152133,-0.8143678329501393,-0.9117617443617348
375.0,-0.8964249453897569,-0.7903921141539546,-0.9441550510829856
380.0,-0.9505490642324599,-0.8849166660919797,-0.99506501080487
385.0,-0.9562145515813529,-0.893829982142836,-0.9759458757629466
390.0,-1.0042579604723485,-0.9582622586949988,-1.0126376311120355
395.0,-1.0860577815635655,-0.9191226255571636,-1.0585615617333983
400.0,-1.0643002047531085,-1.0894952118640597,-1.0697502075243774
405.0,-1.0758927814382218,-1.1105842171001936,-1.1308727421772096
410.0,-1.070392806475789,-1.1131292970523485,-1.116567874439468
415.0,-1.164805075887067,-1.1415732947083073,-1.1964924410933475
420.0,-1.1243846220725042,-1.1054778440458908,-1.2102155139215975
425.0,-1.1168075751134585,-1.1281090851370836,-1.24280236200135
430.0,-1.155858958034628,-1.1795101136375639,-1.2058849424237272
435.0,-1.167145140500808,-1.2199676581173362,-1.2456084350990102
440.0,-1.2150767702230858,-1.2255403560051543,-1.2907582936679194
445.0,-1.222898849315123,-1.2154974939585772,-1.2892193847796407
450.0,-1.2297922580061338,-1.2719935632824386,-1.2845304393394388
455.0,-1.2444680381299666,-1.2416293836433676,-1.325033805165209
460.0,-1.2878383161656648,-1.2529633723404685,-1.3194194524351275
465.0,-1.2815488580132897,-1.2914457386028537,-1.3438480201295049
470.0,-1.2695758083728816,-1.2584469462245278,-1.347120519899762
475.0,-1.2978015889463,-1.2701177880971066,-1.3495650460218385
480.0,-1.2992729556044949,-1.2930797925909547,-1.357435418073857
485.0,-1.2994208180230955,-1.3266967673368038,-1.3256761598070694
490.0,-1.3022867703598078,-1.2825331539039893,-1.4118237262320736
495.0,-1.3191921789804004,-1.2702051300205253,-1.3790325814981534
500.0,-1.306746109181178,-1.2532398269597143,-1.3486288155455117
505.0,-1.291168167852306,-1.2727227462185016,-1.3730178084644067
510.0,-1.306791635977064,-1.3536853262026214,-1.3836429412896338
515.0,-1.3154010603486816,-1.3054206492498754,-1.386651357930714
520.0,-1.3088840275038898,-1.195524255413194,-1.3771479237284938
525.0,-1.2841610140675501,-1.2813727423262278,-1.3598705195969114
530.0,-1.2929620706050216,-1.2159148775172288,-1.3585672867052305
535.0,-1.2928428990755667,-1.3339988766897162,-1.3051799373073971
540.0,-1.3237965675624193,-1.3337039944565605,-1.3212986072063249
545.0,-1.2548796420727233,-1.304115579564233,-1.3186255165240406
550.0,-1.2296829193360574,-1.295397493507629,-1.3234424335456196
555.0,-1.2197608592534988,-1.2056584255500222,-1.2994656342377664
560.0,-1.198034050610168,-1.3072703367404035,-1.3045100513392998
565.0,-1.1863636048564261,-1.215917781109722,-1.2356343574988045
570.0,-1.1291369034662306,-1.2398018027409083,-1.253001739766238
575.0,-1.1461032752478608,-1.2027050099765235,-1.2350237380436602
580.0,-1.1755443686165086,-1.1644407291171441,-1.2075991197906888
585.0,-1.127775775013836,-1.166389139705218,-1.2384150157797782
590.0,-1.1055906718421613,-1.1352704668974676,-1.161631029183732
595.0,-1.0234089738793553,-1.1013523319870278,-1.1524836681427144
600.0,-0.9996291799144754,-1.018171153516454,-1.1279469774750994
605.0,-0.9816238878806233,-1.0599836790276003,-1.1004436589793327
610.0,-1.0020274067307504,-1.0562176748896797,-1.0943990501531273
615.0,-0.9301204848690401,-0.986330846896667,-1.02024257471083
620.0,-0.8800418289545713,-0.916028759847973,-1.0296204326862193
625.0,-0.8644574064668381,-0.897685269921034,-0.9752578961583513
630.0,-0.9060858998005265,-0.929529304104467,-1.0011903384399583
635.0,-0.9202898167756536,-0.9212974960087158,-0.9837398751874069
640.0,-0.8908828229745304,-0.9468951775381093,-0.9956633573186693
