rx_ms,senderId,senderSlot,frameId,uptimeMs,manStartFrame,nPeers,vbat,senderTempUwb,posX,posY,headingRad,p1_id,p1_lde,p1_raw,p1_clean,p1_rssi,p1_fp,p1_temp,p1_cfo,p2_id,p2_lde,p2_raw,p2_clean,p2_rssi,p2_fp,p2_temp,p2_cfo
6909,2,0,0,1428,0,0,7.672,23.00,0.0000,1.1547,-0.0000,0,0,0,0,0,0,0,0,0,0,0,0,0,0,0,0
7146,2,0,1,1666,0,0,7.672,23.00,0.0000,1.1547,-0.0001,0,0,0,0,0,0,0,0,0,0,0,0,0,0,0,0
7386,2,0,2,1906,0,0,7.672,23.00,0.0000,1.1547,-0.0002,0,0,0,0,0,0,0,0,0,0,0,0,0,0,0,0
7626,2,0,3,2146,0,0,7.672,23.00,0.0000,1.1547,-0.0002,0,0,0,0,0,0,0,0,0,0,0,0,0,0,0,0
7866,2,0,4,2386,0,0,7.672,23.00,0.0000,1.1547,-0.0003,0,0,0,0,0,0,0,0,0,0,0,0,0,0,0,0
8106,2,0,5,2626,0,0,7.641,26.42,0.0000,1.1547,-0.0004,0,0,0,0,0,0,0,0,0,0,0,0,0,0,0,0
8346,2,0,6,2866,0,0,7.641,26.42,0.0000,1.1547,-0.0004,0,0,0,0,0,0,0,0,0,0,0,0,0,0,0,0
8586,2,0,7,3106,0,0,7.641,26.42,-0.0002,1.1547,0.0021,0,0,0,0,0,0,0,0,0,0,0,0,0,0,0,0
15284,2,0,0,1428,0,0,7.668,23.00,0.0000,1.1547,-0.0000,0,0,0,0,0,0,0,0,0,0,0,0,0,0,0,0
15521,2,0,1,1666,0,0,7.668,23.00,0.0000,1.1547,-0.0001,0,0,0,0,0,0,0,0,0,0,0,0,0,0,0,0
15761,2,0,2,1906,0,0,7.668,23.00,0.0000,1.1547,-0.0001,0,0,0,0,0,0,0,0,0,0,0,0,0,0,0,0
16001,2,0,3,2146,0,0,7.668,23.00,0.0000,1.1547,-0.0002,0,0,0,0,0,0,0,0,0,0,0,0,0,0,0,0
16241,2,0,4,2386,0,0,7.668,23.00,0.0000,1.1547,-0.0002,0,0,0,0,0,0,0,0,0,0,0,0,0,0,0,0
16482,2,0,5,2626,0,0,7.634,27.56,0.0000,1.1547,-0.0002,0,0,0,0,0,0,0,0,0,0,0,0,0,0,0,0
16721,2,0,6,2866,0,0,7.634,27.56,0.0000,1.1547,-0.0003,0,0,0,0,0,0,0,0,0,0,0,0,0,0,0,0
16961,2,0,7,3106,0,0,7.634,27.56,0.0000,1.1547,-0.0003,0,0,0,0,0,0,0,0,0,0,0,0,0,0,0,0
17201,2,0,8,3346,0,0,7.634,27.56,0.0000,1.1547,-0.0004,0,0,0,0,0,0,0,0,0,0,0,0,0,0,0,0
17441,2,0,9,3586,0,0,7.634,28.70,0.0000,1.1547,-0.0004,0,0,0,0,0,0,0,0,0,0,0,0,0,0,0,0
17682,2,0,10,3826,0,0,7.635,28.70,0.0000,1.1547,-0.0005,0,0,0,0,0,0,0,0,0,0,0,0,0,0,0,0
17911,3,4,0,1478,0,0,7.676,21.86,-1.0000,-0.5774,-0.0000,0,0,0,0,0,0,0,0,0,0,0,0,0,0,0,0
18093,2,0,11,4237,0,0,7.635,28.70,0.0000,1.1547,-0.0006,0,0,0,0,0,0,0,0,0,0,0,0,0,0,0,0
18154,3,4,11,1722,0,0,7.676,21.86,-1.0000,-0.5774,-0.0002,0,0,0,0,0,0,0,0,0,0,0,0,0,0,0,0
18336,2,0,12,4481,0,0,7.635,29.84,0.0000,1.1547,-0.0007,0,0,0,0,0,0,0,0,0,0,0,0,0,0,0,0
18398,3,4,12,1966,0,0,7.676,21.86,-1.0000,-0.5774,-0.0002,0,0,0,0,0,0,0,0,0,0,0,0,0,0,0,0
18580,2,0,13,4725,0,0,7.635,29.84,0.0000,1.1547,-0.0008,0,0,0,0,0,0,0,0,0,0,0,0,0,0,0,0
18642,3,4,13,2210,0,0,7.676,21.86,-1.0000,-0.5774,-0.0003,0,0,0,0,0,0,0,0,0,0,0,0,0,0,0,0
18824,2,0,14,4969,0,0,7.634,29.84,0.0000,1.1547,-0.0009,0,0,0,0,0,0,0,0,0,0,0,0,0,0,0,0
18886,3,4,14,2454,0,0,7.676,26.42,-1.0000,-0.5774,-0.0004,0,0,0,0,0,0,0,0,0,0,0,0,0,0,0,0
19068,2,0,15,5213,0,0,7.634,29.84,0.0000,1.1547,-0.0010,0,0,0,0,0,0,0,0,0,0,0,0,0,0,0,0
19131,3,4,15,2698,0,0,7.677,26.42,-1.0000,-0.5774,-0.0004,0,0,0,0,0,0,0,0,0,0,0,0,0,0,0,0
19313,2,0,16,5457,0,0,7.634,30.98,0.0000,1.1547,-0.0011,0,0,0,0,0,0,0,0,0,0,0,0,0,0,0,0
19375,3,4,16,2942,0,0,7.677,26.42,-1.0000,-0.5774,-0.0005,0,0,0,0,0,0,0,0,0,0,0,0,0,0,0,0
19556,2,0,17,5701,0,0,7.634,30.98,0.0000,1.1547,-0.0011,0,0,0,0,0,0,0,0,0,0,0,0,0,0,0,0
19618,3,4,17,3186,0,0,7.677,26.42,-1.0000,-0.5774,-0.0006,0,0,0,0,0,0,0,0,0,0,0,0,0,0,0,0
19800,2,0,18,5945,0,0,7.634,30.98,0.0000,1.1547,-0.0012,0,0,0,0,0,0,0,0,0,0,0,0,0,0,0,0
19862,3,4,18,3430,0,0,7.677,27.56,-1.0000,-0.5774,-0.0007,0,0,0,0,0,0,0,0,0,0,0,0,0,0,0,0
20045,2,0,19,6189,0,0,7.634,30.98,0.0000,1.1547,-0.0012,0,0,0,0,0,0,0,0,0,0,0,0,0,0,0,0
20106,3,4,19,3674,0,0,7.677,27.56,-1.0000,-0.5774,-0.0008,0,0,0,0,0,0,0,0,0,0,0,0,0,0,0,0
20168,4,8,19,1610,119,0,7.400,23.00,1.0000,-0.5774,0.0002,0,0,0,0,0,0,0,0,0,0,0,0,0,0,0,0
20288,2,0,20,6433,119,0,7.634,30.98,0.0000,1.1547,-0.0012,0,0,0,0,0,0,0,0,0,0,0,0,0,0,0,0
20351,3,4,20,3918,119,0,7.675,27.56,-1.0000,-0.5774,-0.0008,0,0,0,0,0,0,0,0,0,0,0,0,0,0,0,0
20410,4,8,20,1854,119,0,7.400,23.00,1.0000,-0.5774,0.0003,0,0,0,0,0,0,0,0,0,0,0,0,0,0,0,0
20533,2,0,21,6677,119,0,7.634,32.12,0.0000,1.1547,-0.0014,0,0,0,0,0,0,0,0,0,0,0,0,0,0,0,0
20595,3,4,21,4163,119,0,7.675,27.56,-1.0000,-0.5774,-0.0008,0,0,0,0,0,0,0,0,0,0,0,0,0,0,0,0
20655,4,8,21,2098,119,0,7.400,23.00,1.0000,-0.5774,0.0003,0,0,0,0,0,0,0,0,0,0,0,0,0,0,0,0
20777,2,0,22,6921,119,0,7.634,32.12,0.0000,1.1547,-0.0014,0,0,0,0,0,0,0,0,0,0,0,0,0,0,0,0
20839,3,4,22,4407,119,0,7.675,27.56,-1.0000,-0.5774,-0.0009,0,0,0,0,0,0,0,0,0,0,0,0,0,0,0,0
20899,4,8,22,2342,119,0,7.400,23.00,1.0000,-0.5774,0.0005,0,0,0,0,0,0,0,0,0,0,0,0,0,0,0,0
21021,2,0,23,7165,119,0,7.634,32.12,0.0000,1.1547,-0.0015,0,0,0,0,0,0,0,0,0,0,0,0,0,0,0,0
21083,3,4,23,4650,119,0,7.675,28.70,-1.0000,-0.5774,-0.0010,0,0,0,0,0,0,0,0,0,0,0,0,0,0,0,0
21143,4,8,23,2586,119,0,7.400,27.56,1.0000,-0.5774,0.0005,0,0,0,0,0,0,0,0,0,0,0,0,0,0,0,0
21265,2,0,24,7409,119,0,7.632,32.12,0.0000,1.1547,-0.0016,0,0,0,0,0,0,0,0,0,0,0,0,0,0,0,0
21327,3,4,24,4895,119,0,7.675,28.70,-1.0000,-0.5774,-0.0010,0,0,0,0,0,0,0,0,0,0,0,0,0,0,0,0
21387,4,8,24,2830,119,0,7.400,27.56,1.0000,-0.5774,0.0006,0,0,0,0,0,0,0,0,0,0,0,0,0,0,0,0
21509,2,0,25,7653,119,0,7.632,33.26,0.0000,1.1547,-0.0017,0,0,0,0,0,0,0,0,0,0,0,0,0,0,0,0
21574,3,4,25,5139,119,0,7.672,28.70,-1.0000,-0.5774,-0.0011,0,0,0,0,0,0,0,0,0,0,0,0,0,0,0,0
21631,4,8,25,3074,119,0,7.400,27.56,1.0000,-0.5774,0.0007,0,0,0,0,0,0,0,0,0,0,0,0,0,0,0,0
21755,2,0,26,7900,119,0,7.632,33.26,0.0000,1.1547,-0.0017,0,0,0,0,0,0,0,0,0,0,0,0,0,0,0,0
21817,3,4,26,5385,119,0,7.672,28.70,-1.0000,-0.5774,-0.0010,0,0,0,0,0,0,0,0,0,0,0,0,0,0,0,0
21877,4,8,26,3321,119,0,7.400,27.56,1.0000,-0.5774,0.0007,0,0,0,0,0,0,0,0,0,0,0,0,0,0,0,0
21999,2,0,27,8144,119,0,7.632,33.26,0.0000,1.1547,-0.0018,0,0,0,0,0,0,0,0,0,0,0,0,0,0,0,0
22061,3,4,27,5629,119,0,7.672,29.84,-1.0000,-0.5774,-0.0010,0,0,0,0,0,0,0,0,0,0,0,0,0,0,0,0
22121,4,8,27,3565,119,0,7.400,29.84,1.0000,-0.5774,0.0008,0,0,0,0,0,0,0,0,0,0,0,0,0,0,0,0
22243,2,0,28,8388,119,0,7.632,33.26,0.0000,1.1547,-0.0018,0,0,0,0,0,0,0,0,0,0,0,0,0,0,0,0
22305,3,4,28,5873,119,0,7.672,29.84,-1.0000,-0.5774,-0.0010,0,0,0,0,0,0,0,0,0,0,0,0,0,0,0,0
22365,4,8,28,3809,119,0,7.400,29.84,1.0000,-0.5774,0.0009,0,0,0,0,0,0,0,0,0,0,0,0,0,0,0,0
22488,2,0,29,8632,119,0,7.630,33.26,0.0000,1.1547,-0.0019,0,0,0,0,0,0,0,0,0,0,0,0,0,0,0,0
22550,3,4,29,6117,119,0,7.672,29.84,-1.0000,-0.5774,-0.0011,0,0,0,0,0,0,0,0,0,0,0,0,0,0,0,0
22610,4,8,29,4053,119,0,7.400,29.84,1.0000,-0.5774,0.0010,0,0,0,0,0,0,0,0,0,0,0,0,0,0,0,0
22732,2,0,30,8876,119,0,7.630,33.26,0.0000,1.1547,-0.0020,0,0,0,0,0,0,0,0,0,0,0,0,0,0,0,0
22794,3,4,30,6361,119,0,7.672,29.84,-1.0000,-0.5774,-0.0011,0,0,0,0,0,0,0,0,0,0,0,0,0,0,0,0
22853,4,8,30,4297,119,0,7.400,29.84,1.0000,-0.5774,0.0011,0,0,0,0,0,0,0,0,0,0,0,0,0,0,0,0
22976,2,0,31,9121,119,0,7.630,33.26,0.0000,1.1547,-0.0021,0,0,0,0,0,0,0,0,0,0,0,0,0,0,0,0
23038,3,4,31,6606,119,0,7.672,30.98,-1.0000,-0.5774,-0.0011,0,0,0,0,0,0,0,0,0,0,0,0,0,0,0,0
23098,4,8,31,4541,119,0,7.400,30.98,1.0000,-0.5774,0.0011,0,0,0,0,0,0,0,0,0,0,0,0,0,0,0,0
23220,2,0,32,9364,119,0,7.630,33.26,0.0000,1.1547,-0.0022,0,0,0,0,0,0,0,0,0,0,0,0,0,0,0,0
23282,3,4,32,6850,119,0,7.672,30.98,-1.0000,-0.5774,-0.0011,0,0,0,0,0,0,0,0,0,0,0,0,0,0,0,0
23343,4,8,32,4785,119,0,7.400,30.98,1.0000,-0.5774,0.0011,0,0,0,0,0,0,0,0,0,0,0,0,0,0,0,0
23464,2,0,33,9608,119,0,7.630,34.40,0.0000,1.1547,-0.0022,0,0,0,0,0,0,0,0,0,0,0,0,0,0,0,0
23526,3,4,33,7094,119,0,7.672,30.98,-1.0000,-0.5774,-0.0011,0,0,0,0,0,0,0,0,0,0,0,0,0,0,0,0
23586,4,8,33,5029,119,0,7.400,30.98,1.0000,-0.5774,0.0012,0,0,0,0,0,0,0,0,0,0,0,0,0,0,0,0
23708,2,0,34,9852,119,0,7.632,34.40,0.0000,1.1547,-0.0022,0,0,0,0,0,0,0,0,0,0,0,0,0,0,0,0
23770,3,4,34,7338,119,0,7.672,30.98,-1.0000,-0.5774,-0.0011,0,0,0,0,0,0,0,0,0,0,0,0,0,0,0,0
23830,4,8,34,5273,119,0,7.400,30.98,1.0000,-0.5774,0.0013,0,0,0,0,0,0,0,0,0,0,0,0,0,0,0,0
23953,2,0,35,10097,119,0,7.632,34.40,0.0000,1.1547,-0.0023,0,0,0,0,0,0,0,0,0,0,0,0,0,0,0,0
24015,3,4,35,7582,119,0,7.674,30.98,-1.0000,-0.5774,-0.0011,0,0,0,0,0,0,0,0,0,0,0,0,0,0,0,0
24075,4,8,35,5518,119,0,7.400,30.98,1.0000,-0.5774,0.0014,0,0,0,0,0,0,0,0,0,0,0,0,0,0,0,0
24197,2,0,36,10341,119,0,7.632,34.40,0.0000,1.1547,-0.0024,0,0,0,0,0,0,0,0,0,0,0,0,0,0,0,0
24259,3,4,36,7827,119,0,7.674,30.98,-1.0000,-0.5774,-0.0012,0,0,0,0,0,0,0,0,0,0,0,0,0,0,0,0
24321,4,8,36,5762,119,0,7.400,30.98,1.0000,-0.5774,0.0015,0,0,0,0,0,0,0,0,0,0,0,0,0,0,0,0
24441,2,0,37,10585,119,0,7.632,34.40,0.0000,1.1547,-0.0024,0,0,0,0,0,0,0,0,0,0,0,0,0,0,0,0
24503,3,4,37,8070,119,0,7.674,30.98,-1.0000,-0.5774,-0.0012,0,0,0,0,0,0,0,0,0,0,0,0,0,0,0,0
24563,4,8,37,6006,119,0,7.400,30.98,1.0000,-0.5774,0.0015,0,0,0,0,0,0,0,0,0,0,0,0,0,0,0,0
24684,2,0,38,10829,119,0,7.632,34.40,0.0000,1.1547,-0.0024,0,0,0,0,0,0,0,0,0,0,0,0,0,0,0,0
24746,3,4,38,8314,119,0,7.674,30.98,-1.0000,-0.5774,-0.0013,0,0,0,0,0,0,0,0,0,0,0,0,0,0,0,0
24806,4,8,38,6250,119,0,7.400,30.98,1.0000,-0.5774,0.0016,0,0,0,0,0,0,0,0,0,0,0,0,0,0,0,0
24929,2,0,39,11073,119,0,7.634,34.40,0.0000,1.1547,-0.0024,0,0,0,0,0,0,0,0,0,0,0,0,0,0,0,0
24991,3,4,39,8558,119,0,7.674,32.12,-1.0000,-0.5774,-0.0013,0,0,0,0,0,0,0,0,0,0,0,0,0,0,0,0
25051,4,8,39,6494,119,0,7.400,32.12,1.0000,-0.5774,0.0017,0,0,0,0,0,0,0,0,0,0,0,0,0,0,0,0
25173,2,0,40,11317,119,0,7.634,34.40,0.0000,1.1547,-0.0025,0,0,0,0,0,0,0,0,0,0,0,0,0,0,0,0
25235,3,4,40,8802,119,0,7.670,32.12,-1.0000,-0.5774,-0.0014,0,0,0,0,0,0,0,0,0,0,0,0,0,0,0,0
25295,4,8,40,6738,119,0,7.400,32.12,1.0000,-0.5774,0.0017,0,0,0,0,0,0,0,0,0,0,0,0,0,0,0,0
25417,2,0,41,11561,119,0,7.634,34.40,0.0000,1.1547,-0.0025,0,0,0,0,0,0,0,0,0,0,0,0,0,0,0,0
25479,3,4,41,9047,119,0,7.670,32.12,-1.0000,-0.5774,-0.0014,0,0,0,0,0,0,0,0,0,0,0,0,0,0,0,0
25539,4,8,41,6982,119,0,7.400,32.12,1.0000,-0.5774,0.0018,0,0,0,0,0,0,0,0,0,0,0,0,0,0,0,0
25661,2,0,42,11805,119,0,7.634,34.40,0.0000,1.1547,-0.0026,0,0,0,0,0,0,0,0,0,0,0,0,0,0,0,0
25723,3,4,42,9291,119,0,7.670,32.12,-1.0000,-0.5774,-0.0014,0,0,0,0,0,0,0,0,0,0,0,0,0,0,0,0
25783,4,8,42,7226,119,0,7.400,32.12,1.0000,-0.5774,0.0019,0,0,0,0,0,0,0,0,0,0,0,0,0,0,0,0
25905,2,0,43,12049,119,0,7.634,34.40,0.0000,1.1547,-0.0027,0,0,0,0,0,0,0,0,0,0,0,0,0,0,0,0
25967,3,4,43,9534,119,0,7.670,32.12,-1.0000,-0.5774,-0.0014,0,0,0,0,0,0,0,0,0,0,0,0,0,0,0,0
26027,4,8,43,7470,119,0,7.400,32.12,1.0000,-0.5774,0.0020,0,0,0,0,0,0,0,0,0,0,0,0,0,0,0,0
26149,2,0,44,12293,119,0,7.631,34.40,0.0000,1.1547,-0.0027,0,0,0,0,0,0,0,0,0,0,0,0,0,0,0,0
26212,3,4,44,9779,119,0,7.670,32.12,-1.0000,-0.5774,-0.0014,0,0,0,0,0,0,0,0,0,0,0,0,0,0,0,0
26271,4,8,44,7714,119,0,7.400,32.12,1.0000,-0.5774,0.0021,0,0,0,0,0,0,0,0,0,0,0,0,0,0,0,0
26393,2,0,45,12538,119,0,7.631,34.40,0.0000,1.1547,-0.0028,0,0,0,0,0,0,0,0,0,0,0,0,0,0,0,0
26456,3,4,45,10023,119,0,7.672,32.12,-1.0000,-0.5774,-0.0015,0,0,0,0,0,0,0,0,0,0,0,0,0,0,0,0
26515,4,8,45,7959,119,0,7.400,32.12,1.0000,-0.5774,0.0022,0,0,0,0,0,0,0,0,0,0,0,0,0,0,0,0
26638,2,0,46,12782,119,0,7.631,34.40,0.0000,1.1547,-0.0029,0,0,0,0,0,0,0,0,0,0,0,0,0,0,0,0
26700,3,4,46,10267,119,0,7.672,32.12,-1.0000,-0.5774,-0.0014,0,0,0,0,0,0,0,0,0,0,0,0,0,0,0,0
26760,4,8,46,8203,119,0,7.400,32.12,1.0000,-0.5774,0.0022,0,0,0,0,0,0,0,0,0,0,0,0,0,0,0,0
26882,2,0,47,13026,119,0,7.631,34.40,0.0000,1.1547,-0.0030,0,0,0,0,0,0,0,0,0,0,0,0,0,0,0,0
26944,3,4,47,10511,119,0,7.672,32.12,-1.0000,-0.5774,-0.0015,0,0,0,0,0,0,0,0,0,0,0,0,0,0,0,0
27003,4,8,47,8447,119,0,7.400,33.26,1.0000,-0.5774,0.0023,0,0,0,0,0,0,0,0,0,0,0,0,0,0,0,0
27125,2,0,48,13270,119,0,7.631,34.40,0.0000,1.1547,-0.0030,0,0,0,0,0,0,0,0,0,0,0,0,0,0,0,0
27188,3,4,48,10755,119,0,7.672,32.12,-1.0000,-0.5774,-0.0015,0,0,0,0,0,0,0,0,0,0,0,0,0,0,0,0
27247,4,8,48,8690,119,0,7.400,33.26,1.0000,-0.5774,0.0023,0,0,0,0,0,0,0,0,0,0,0,0,0,0,0,0
27370,2,0,49,13514,119,0,7.631,34.40,0.0000,1.1547,-0.0030,0,0,0,0,0,0,0,0,0,0,0,0,0,0,0,0
27432,3,4,49,11000,119,0,7.672,32.12,-1.0000,-0.5774,-0.0016,0,0,0,0,0,0,0,0,0,0,0,0,0,0,0,0
27492,4,8,49,8935,119,0,7.400,33.26,1.0000,-0.5774,0.0024,0,0,0,0,0,0,0,0,0,0,0,0,0,0,0,0
27614,2,0,50,13758,119,0,7.631,34.40,0.0000,1.1547,-0.0031,0,0,0,0,0,0,0,0,0,0,0,0,0,0,0,0
27677,3,4,50,11244,119,0,7.670,32.12,-1.0000,-0.5774,-0.0016,0,0,0,0,0,0,0,0,0,0,0,0,0,0,0,0
27736,4,8,50,9179,119,0,7.400,33.26,1.0000,-0.5774,0.0024,0,0,0,0,0,0,0,0,0,0,0,0,0,0,0,0
27858,2,0,51,14003,119,0,7.631,34.40,0.0000,1.1547,-0.0032,0,0,0,0,0,0,0,0,0,0,0,0,0,0,0,0
27920,3,4,51,11488,119,0,7.670,33.26,-1.0000,-0.5774,-0.0017,0,0,0,0,0,0,0,0,0,0,0,0,0,0,0,0
27980,4,8,51,9423,119,0,7.400,33.26,1.0000,-0.5774,0.0025,0,0,0,0,0,0,0,0,0,0,0,0,0,0,0,0
28103,2,0,52,14247,119,0,7.631,34.40,0.0000,1.1547,-0.0032,0,0,0,0,0,0,0,0,0,0,0,0,0,0,0,0
28165,3,4,52,11732,119,0,7.670,33.26,-1.0000,-0.5774,-0.0017,0,0,0,0,0,0,0,0,0,0,0,0,0,0,0,0
28225,4,8,52,9668,119,0,7.400,33.26,1.0000,-0.5774,0.0026,0,0,0,0,0,0,0,0,0,0,0,0,0,0,0,0
28347,2,0,53,14491,119,0,7.631,35.54,0.0000,1.1547,-0.0033,0,0,0,0,0,0,0,0,0,0,0,0,0,0,0,0
28408,3,4,53,11976,119,0,7.670,33.26,-1.0000,-0.5774,-0.0018,0,0,0,0,0,0,0,0,0,0,0,0,0,0,0,0
28469,4,8,53,9912,119,0,7.400,33.26,1.0000,-0.5774,0.0027,0,0,0,0,0,0,0,0,0,0,0,0,0,0,0,0
28591,2,0,54,14735,119,0,7.630,35.54,0.0000,1.1547,-0.0033,0,0,0,0,0,0,0,0,0,0,0,0,0,0,0,0
28653,3,4,54,12220,119,0,7.670,33.26,-1.0000,-0.5774,-0.0018,0,0,0,0,0,0,0,0,0,0,0,0,0,0,0,0
28713,4,8,54,10156,119,0,7.400,33.26,1.0000,-0.5774,0.0027,0,0,0,0,0,0,0,0,0,0,0,0,0,0,0,0
28835,2,0,55,14979,119,0,7.630,35.54,0.0000,1.1547,-0.0033,0,0,0,0,0,0,0,0,0,0,0,0,0,0,0,0
28897,3,4,55,12464,119,0,7.670,33.26,-1.0000,-0.5774,-0.0019,0,0,0,0,0,0,0,0,0,0,0,0,0,0,0,0
28957,4,8,55,10400,119,0,7.400,33.26,1.0000,-0.5774,0.0027,0,0,0,0,0,0,0,0,0,0,0,0,0,0,0,0
29079,2,0,56,15223,119,0,7.630,35.54,0.0000,1.1547,-0.0034,0,0,0,0,0,0,0,0,0,0,0,0,0,0,0,0
29141,3,4,56,12708,119,0,7.670,33.26,-1.0000,-0.5774,-0.0018,0,0,0,0,0,0,0,0,0,0,0,0,0,0,0,0
29201,4,8,56,10644,119,0,7.400,33.26,1.0000,-0.5774,0.0029,0,0,0,0,0,0,0,0,0,0,0,0,0,0,0,0
29323,2,0,57,15467,119,0,7.630,35.54,0.0000,1.1547,-0.0035,0,0,0,0,0,0,0,0,0,0,0,0,0,0,0,0
29385,3,4,57,12952,119,0,7.670,33.26,-1.0000,-0.5774,-0.0019,0,0,0,0,0,0,0,0,0,0,0,0,0,0,0,0
29445,4,8,57,10888,119,0,7.400,33.26,1.0000,-0.5774,0.0029,0,0,0,0,0,0,0,0,0,0,0,0,0,0,0,0
29567,2,0,58,15711,119,0,7.630,35.54,0.0000,1.1547,-0.0035,0,0,0,0,0,0,0,0,0,0,0,0,0,0,0,0
29629,3,4,58,13196,119,0,7.670,33.26,-1.0000,-0.5774,-0.0020,0,0,0,0,0,0,0,0,0,0,0,0,0,0,0,0
29689,4,8,58,11132,119,0,7.400,33.26,1.0000,-0.5774,0.0030,0,0,0,0,0,0,0,0,0,0,0,0,0,0,0,0
29811,2,0,59,15955,119,0,7.628,35.54,0.0000,1.1547,-0.0035,0,0,0,0,0,0,0,0,0,0,0,0,0,0,0,0
29873,3,4,59,13440,119,0,7.670,34.40,-1.0000,-0.5774,-0.0020,0,0,0,0,0,0,0,0,0,0,0,0,0,0,0,0
29933,4,8,59,11376,119,0,7.400,33.26,1.0000,-0.5774,0.0030,0,0,0,0,0,0,0,0,0,0,0,0,0,0,0,0
30055,2,0,60,16199,119,0,7.628,35.54,0.0000,1.1547,-0.0036,0,0,0,0,0,0,0,0,0,0,0,0,0,0,0,0
30117,3,4,60,13684,119,0,7.669,34.40,-1.0000,-0.5774,-0.0021,0,0,0,0,0,0,0,0,0,0,0,0,0,0,0,0
30177,4,8,60,11620,119,0,7.400,34.40,1.0000,-0.5774,0.0031,0,0,0,0,0,0,0,0,0,0,0,0,0,0,0,0
30299,2,0,61,16443,119,0,7.628,35.54,0.0000,1.1547,-0.0036,0,0,0,0,0,0,0,0,0,0,0,0,0,0,0,0
30362,3,4,61,13929,119,0,7.669,34.40,-1.0000,-0.5774,-0.0021,0,0,0,0,0,0,0,0,0,0,0,0,0,0,0,0
30421,4,8,61,11864,119,0,7.400,34.40,1.0000,-0.5774,0.0032,0,0,0,0,0,0,0,0,0,0,0,0,0,0,0,0
30544,2,0,62,16688,119,0,7.628,35.54,0.0000,1.1547,-0.0036,0,0,0,0,0,0,0,0,0,0,0,0,0,0,0,0
30606,3,4,62,14174,119,0,7.669,34.40,-1.0000,-0.5774,-0.0021,0,0,0,0,0,0,0,0,0,0,0,0,0,0,0,0
30667,4,8,62,12109,119,0,7.400,34.40,1.0000,-0.5774,0.0032,0,0,0,0,0,0,0,0,0,0,0,0,0,0,0,0
30788,2,0,63,16932,119,0,7.628,35.54,0.0000,1.1547,-0.0037,0,0,0,0,0,0,0,0,0,0,0,0,0,0,0,0
30850,3,4,63,14417,119,0,7.669,34.40,-1.0000,-0.5774,-0.0022,0,0,0,0,0,0,0,0,0,0,0,0,0,0,0,0
30910,4,8,63,12353,119,0,7.400,34.40,1.0000,-0.5774,0.0032,0,0,0,0,0,0,0,0,0,0,0,0,0,0,0,0
31032,2,0,64,17176,119,0,7.631,35.54,0.0000,1.1547,-0.0038,0,0,0,0,0,0,0,0,0,0,0,0,0,0,0,0
31094,3,4,64,14662,119,0,7.669,33.26,-1.0000,-0.5774,-0.0022,0,0,0,0,0,0,0,0,0,0,0,0,0,0,0,0
31154,4,8,64,12597,119,0,7.400,34.40,1.0000,-0.5774,0.0033,0,0,0,0,0,0,0,0,0,0,0,0,0,0,0,0
31276,2,0,65,17420,119,0,7.631,35.54,0.0000,1.1547,-0.0039,0,0,0,0,0,0,0,0,0,0,0,0,0,0,0,0
31339,3,4,65,14906,119,0,7.670,33.26,-1.0000,-0.5774,-0.0022,0,0,0,0,0,0,0,0,0,0,0,0,0,0,0,0
31398,4,8,65,12841,119,0,7.400,34.40,1.0000,-0.5774,0.0034,0,0,0,0,0,0,0,0,0,0,0,0,0,0,0,0
31520,2,0,66,17665,119,0,7.631,35.54,0.0000,1.1547,-0.0040,0,0,0,0,0,0,0,0,0,0,0,0,0,0,0,0
31582,3,4,66,15150,119,0,7.670,33.26,-1.0000,-0.5774,-0.0024,0,0,0,0,0,0,0,0,0,0,0,0,0,0,0,0
31642,4,8,66,13085,119,0,7.400,34.40,1.0000,-0.5774,0.0034,0,0,0,0,0,0,0,0,0,0,0,0,0,0,0,0
31764,2,0,67,17908,119,0,7.631,35.54,0.0000,1.1547,-0.0040,0,0,0,0,0,0,0,0,0,0,0,0,0,0,0,0
31826,3,4,67,15394,119,0,7.670,33.26,-1.0000,-0.5774,-0.0024,0,0,0,0,0,0,0,0,0,0,0,0,0,0,0,0
31888,4,8,67,13329,119,0,7.400,34.40,1.0000,-0.5774,0.0034,0,0,0,0,0,0,0,0,0,0,0,0,0,0,0,0
32008,2,0,68,18152,119,0,7.631,35.54,0.0000,1.1547,-0.0041,0,0,0,0,0,0,0,0,0,0,0,0,0,0,0,0
32070,3,4,68,15637,119,0,7.670,34.40,-1.0000,-0.5774,-0.0024,0,0,0,0,0,0,0,0,0,0,0,0,0,0,0,0
32130,4,8,68,13573,119,0,7.400,34.40,1.0000,-0.5774,0.0035,0,0,0,0,0,0,0,0,0,0,0,0,0,0,0,0
32252,2,0,69,18396,119,0,7.628,35.54,0.0000,1.1547,-0.0042,0,0,0,0,0,0,0,0,0,0,0,0,0,0,0,0
32316,3,4,69,15882,119,0,7.670,34.40,-1.0000,-0.5774,-0.0025,0,0,0,0,0,0,0,0,0,0,0,0,0,0,0,0
32374,4,8,69,13817,119,0,7.400,34.40,1.0000,-0.5774,0.0035,0,0,0,0,0,0,0,0,0,0,0,0,0,0,0,0
32498,2,0,70,18642,119,0,7.628,36.68,0.0000,1.1547,-0.0043,0,0,0,0,0,0,0,0,0,0,0,0,0,0,0,0
32560,3,4,70,16127,119,0,7.668,34.40,-1.0000,-0.5774,-0.0025,0,0,0,0,0,0,0,0,0,0,0,0,0,0,0,0
32619,4,8,70,14062,119,0,7.400,34.40,1.0000,-0.5774,0.0035,0,0,0,0,0,0,0,0,0,0,0,0,0,0,0,0
32742,2,0,71,18886,119,0,7.628,36.68,0.0000,1.1547,-0.0043,0,0,0,0,0,0,0,0,0,0,0,0,0,0,0,0
32804,3,4,71,16371,119,0,7.668,34.40,-1.0000,-0.5774,-0.0025,0,0,0,0,0,0,0,0,0,0,0,0,0,0,0,0
32864,4,8,71,14307,119,0,7.400,34.40,1.0000,-0.5774,0.0035,0,0,0,0,0,0,0,0,0,0,0,0,0,0,0,0
32986,2,0,72,19130,119,0,7.628,36.68,0.0000,1.1547,-0.0043,0,0,0,0,0,0,0,0,0,0,0,0,0,0,0,0
33048,3,4,72,16615,119,0,7.668,34.40,-1.0000,-0.5774,-0.0025,0,0,0,0,0,0,0,0,0,0,0,0,0,0,0,0
33108,4,8,72,14551,119,0,7.400,35.54,1.0000,-0.5774,0.0036,0,0,0,0,0,0,0,0,0,0,0,0,0,0,0,0
33230,2,0,73,19374,119,0,7.628,36.68,0.0000,1.1547,-0.0044,0,0,0,0,0,0,0,0,0,0,0,0,0,0,0,0
33292,3,4,73,16859,119,0,7.668,34.40,-1.0000,-0.5774,-0.0026,0,0,0,0,0,0,0,0,0,0,0,0,0,0,0,0
33352,4,8,73,14795,119,0,7.400,35.54,1.0000,-0.5774,0.0036,0,0,0,0,0,0,0,0,0,0,0,0,0,0,0,0
33474,2,0,74,19618,119,0,7.626,36.68,0.0000,1.1547,-0.0045,0,0,0,0,0,0,0,0,0,0,0,0,0,0,0,0
33537,3,4,74,17104,119,0,7.668,34.40,-1.0000,-0.5774,-0.0026,0,0,0,0,0,0,0,0,0,0,0,0,0,0,0,0
33598,4,8,74,15039,119,0,7.400,35.54,1.0000,-0.5774,0.0037,0,0,0,0,0,0,0,0,0,0,0,0,0,0,0,0
33719,2,0,75,19863,119,0,7.626,36.68,0.0000,1.1547,-0.0046,0,0,0,0,0,0,0,0,0,0,0,0,0,0,0,0
33782,3,4,75,17348,119,0,7.668,34.40,-1.0000,-0.5774,-0.0026,0,0,0,0,0,0,0,0,0,0,0,0,0,0,0,0
33841,4,8,75,15284,119,0,7.400,35.54,1.0000,-0.5774,0.0037,0,0,0,0,0,0,0,0,0,0,0,0,0,0,0,0
33964,2,0,76,20107,119,0,7.626,36.68,0.0000,1.1547,-0.0047,0,0,0,0,0,0,0,0,0,0,0,0,0,0,0,0
34026,3,4,76,17593,119,0,7.668,34.40,-1.0000,-0.5774,-0.0026,0,0,0,0,0,0,0,0,0,0,0,0,0,0,0,0
34086,4,8,76,15529,119,0,7.400,35.54,1.0000,-0.5774,0.0038,0,0,0,0,0,0,0,0,0,0,0,0,0,0,0,0
34208,2,0,77,20352,119,0,7.626,36.68,0.0000,1.1547,-0.0048,0,0,0,0,0,0,0,0,0,0,0,0,0,0,0,0
34269,3,4,77,17837,119,0,7.668,34.40,-1.0000,-0.5774,-0.0027,0,0,0,0,0,0,0,0,0,0,0,0,0,0,0,0
34329,4,8,77,15772,119,0,7.400,35.54,1.0000,-0.5774,0.0039,0,0,0,0,0,0,0,0,0,0,0,0,0,0,0,0
34451,2,0,78,20595,119,0,7.626,36.68,0.0000,1.1547,-0.0049,0,0,0,0,0,0,0,0,0,0,0,0,0,0,0,0
34513,3,4,78,18081,119,0,7.668,34.40,-1.0000,-0.5774,-0.0027,0,0,0,0,0,0,0,0,0,0,0,0,0,0,0,0
34573,4,8,78,16016,119,0,7.400,35.54,1.0000,-0.5774,0.0039,0,0,0,0,0,0,0,0,0,0,0,0,0,0,0,0
34696,2,0,79,20839,119,0,7.625,36.68,0.0000,1.1547,-0.0049,0,0,0,0,0,0,0,0,0,0,0,0,0,0,0,0
34758,3,4,79,18325,119,0,7.668,34.40,-1.0000,-0.5774,-0.0028,0,0,0,0,0,0,0,0,0,0,0,0,0,0,0,0
34818,4,8,79,16260,119,0,7.400,35.54,1.0000,-0.5774,0.0040,0,0,0,0,0,0,0,0,0,0,0,0,0,0,0,0
34939,2,0,80,21083,119,0,7.625,36.68,0.0000,1.1547,-0.0050,0,0,0,0,0,0,0,0,0,0,0,0,0,0,0,0
35004,3,4,80,18569,119,0,7.671,34.40,-1.0000,-0.5774,-0.0028,0,0,0,0,0,0,0,0,0,0,0,0,0,0,0,0
35062,4,8,80,16504,119,0,7.400,34.40,1.0000,-0.5774,0.0041,0,0,0,0,0,0,0,0,0,0,0,0,0,0,0,0
35186,2,0,81,21330,119,0,7.625,36.68,0.0000,1.1547,-0.0051,0,0,0,0,0,0,0,0,0,0,0,0,0,0,0,0
35248,3,4,81,18815,119,0,7.671,34.40,-1.0000,-0.5774,-0.0028,0,0,0,0,0,0,0,0,0,0,0,0,0,0,0,0
35308,4,8,81,16751,119,0,7.400,34.40,1.0000,-0.5774,0.0042,0,0,0,0,0,0,0,0,0,0,0,0,0,0,0,0
35430,2,0,82,21574,119,0,7.625,37.82,0.0000,1.1547,-0.0052,0,0,0,0,0,0,0,0,0,0,0,0,0,0,0,0
35492,3,4,82,19059,119,0,7.671,34.40,-1.0000,-0.5774,-0.0028,0,0,0,0,0,0,0,0,0,0,0,0,0,0,0,0
35552,4,8,82,16995,119,0,7.400,34.40,1.0000,-0.5774,0.0042,0,0,0,0,0,0,0,0,0,0,0,0,0,0,0,0
35674,2,0,83,21818,119,0,7.625,37.82,0.0000,1.1547,-0.0053,0,0,0,0,0,0,0,0,0,0,0,0,0,0,0,0
35736,3,4,83,19303,119,0,7.671,34.40,-1.0000,-0.5774,-0.0029,0,0,0,0,0,0,0,0,0,0,0,0,0,0,0,0
35797,4,8,83,17239,119,0,7.400,34.40,1.0000,-0.5774,0.0043,0,0,0,0,0,0,0,0,0,0,0,0,0,0,0,0
35918,2,0,84,22062,119,0,7.625,37.82,0.0000,1.1547,-0.0053,0,0,0,0,0,0,0,0,0,0,0,0,0,0,0,0
35980,3,4,84,19547,119,0,7.671,34.40,-1.0000,-0.5774,-0.0029,0,0,0,0,0,0,0,0,0,0,0,0,0,0,0,0
36040,4,8,84,17483,119,0,7.400,36.68,1.0000,-0.5774,0.0044,0,0,0,0,0,0,0,0,0,0,0,0,0,0,0,0
36162,2,0,85,22306,119,0,7.625,37.82,0.0000,1.1547,-0.0054,0,0,0,0,0,0,0,0,0,0,0,0,0,0,0,0
36225,3,4,85,19791,119,0,7.670,34.40,-1.0000,-0.5774,-0.0029,0,0,0,0,0,0,0,0,0,0,0,0,0,0,0,0
36284,4,8,85,17727,119,0,7.400,36.68,1.0000,-0.5774,0.0044,0,0,0,0,0,0,0,0,0,0,0,0,0,0,0,0
36406,2,0,86,22550,119,0,7.625,37.82,0.0000,1.1547,-0.0055,0,0,0,0,0,0,0,0,0,0,0,0,0,0,0,0
36468,3,4,86,20035,119,0,7.670,34.40,-1.0000,-0.5774,-0.0030,0,0,0,0,0,0,0,0,0,0,0,0,0,0,0,0
36528,4,8,86,17971,119,0,7.400,36.68,1.0000,-0.5774,0.0045,0,0,0,0,0,0,0,0,0,0,0,0,0,0,0,0
36650,2,0,87,22794,119,0,7.625,37.82,0.0000,1.1547,-0.0055,0,0,0,0,0,0,0,0,0,0,0,0,0,0,0,0
36712,3,4,87,20279,119,0,7.670,34.40,-1.0000,-0.5774,-0.0031,0,0,0,0,0,0,0,0,0,0,0,0,0,0,0,0
36772,4,8,87,18215,119,0,7.400,36.68,1.0000,-0.5774,0.0046,0,0,0,0,0,0,0,0,0,0,0,0,0,0,0,0
36894,2,0,88,23038,119,0,7.625,37.82,0.0000,1.1547,-0.0056,0,0,0,0,0,0,0,0,0,0,0,0,0,0,0,0
36956,3,4,88,20523,119,0,7.670,35.54,-1.0000,-0.5774,-0.0031,0,0,0,0,0,0,0,0,0,0,0,0,0,0,0,0
37019,4,8,88,18459,119,0,7.400,36.68,1.0000,-0.5774,0.0046,0,0,0,0,0,0,0,0,0,0,0,0,0,0,0,0
37138,2,0,89,23282,119,0,7.628,37.82,0.0000,1.1547,-0.0057,0,0,0,0,0,0,0,0,0,0,0,0,0,0,0,0
37200,3,4,89,20767,119,0,7.670,35.54,-1.0000,-0.5774,-0.0031,0,0,0,0,0,0,0,0,0,0,0,0,0,0,0,0
37260,4,8,89,18703,119,0,7.400,36.68,1.0000,-0.5774,0.0047,0,0,0,0,0,0,0,0,0,0,0,0,0,0,0,0
37382,2,0,90,23526,119,0,7.628,37.82,0.0000,1.1547,-0.0057,0,0,0,0,0,0,0,0,0,0,0,0,0,0,0,0
37445,3,4,90,21011,119,0,7.666,35.54,-1.0000,-0.5774,-0.0031,0,0,0,0,0,0,0,0,0,0,0,0,0,0,0,0
37504,4,8,90,18947,119,0,7.400,36.68,1.0000,-0.5774,0.0048,0,0,0,0,0,0,0,0,0,0,0,0,0,0,0,0
37626,2,0,91,23770,119,0,7.628,37.82,0.0000,1.1547,-0.0058,0,0,0,0,0,0,0,0,0,0,0,0,0,0,0,0
37688,3,4,91,21256,119,0,7.666,35.54,-1.0000,-0.5774,-0.0031,0,0,0,0,0,0,0,0,0,0,0,0,0,0,0,0
37748,4,8,91,19191,119,0,7.400,36.68,1.0000,-0.5774,0.0048,0,0,0,0,0,0,0,0,0,0,0,0,0,0,0,0
37870,2,0,92,24014,119,0,7.628,37.82,0.0000,1.1547,-0.0059,0,0,0,0,0,0,0,0,0,0,0,0,0,0,0,0
37932,3,4,92,21499,119,0,7.666,35.54,-1.0000,-0.5774,-0.0031,0,0,0,0,0,0,0,0,0,0,0,0,0,0,0,0
37992,4,8,92,19435,119,0,7.400,35.54,1.0000,-0.5774,0.0048,0,0,0,0,0,0,0,0,0,0,0,0,0,0,0,0
38114,2,0,93,24258,119,0,7.628,37.82,0.0000,1.1547,-0.0060,0,0,0,0,0,0,0,0,0,0,0,0,0,0,0,0
38176,3,4,93,21743,119,0,7.666,35.54,-1.0000,-0.5774,-0.0032,0,0,0,0,0,0,0,0,0,0,0,0,0,0,0,0
38237,4,8,93,19679,119,0,7.400,35.54,1.0000,-0.5774,0.0049,0,0,0,0,0,0,0,0,0,0,0,0,0,0,0,0
38358,2,0,94,24502,119,0,7.626,37.82,0.0000,1.1547,-0.0060,0,0,0,0,0,0,0,0,0,0,0,0,0,0,0,0
38420,3,4,94,21987,119,0,7.666,35.54,-1.0000,-0.5774,-0.0032,0,0,0,0,0,0,0,0,0,0,0,0,0,0,0,0
38480,4,8,94,19923,119,0,7.400,35.54,1.0000,-0.5774,0.0050,0,0,0,0,0,0,0,0,0,0,0,0,0,0,0,0
38602,2,0,95,24746,119,0,7.626,37.82,0.0000,1.1547,-0.0061,0,0,0,0,0,0,0,0,0,0,0,0,0,0,0,0
38665,3,4,95,22231,119,0,7.669,35.54,-1.0000,-0.5774,-0.0033,0,0,0,0,0,0,0,0,0,0,0,0,0,0,0,0
38724,4,8,95,20167,119,0,7.400,35.54,1.0000,-0.5774,0.0051,0,0,0,0,0,0,0,0,0,0,0,0,0,0,0,0
38846,2,0,96,24990,119,0,7.626,37.82,0.0000,1.1547,-0.0061,0,0,0,0,0,0,0,0,0,0,0,0,0,0,0,0
38908,3,4,96,22475,119,0,7.669,35.54,-1.0000,-0.5774,-0.0033,0,0,0,0,0,0,0,0,0,0,0,0,0,0,0,0
38969,4,8,96,20411,119,0,7.400,35.54,1.0000,-0.5774,0.0051,0,0,0,0,0,0,0,0,0,0,0,0,0,0,0,0
39090,2,0,97,25234,119,0,7.626,37.82,0.0000,1.1547,-0.0061,0,0,0,0,0,0,0,0,0,0,0,0,0,0,0,0
39152,3,4,97,22719,119,0,7.669,35.54,-1.0000,-0.5774,-0.0034,0,0,0,0,0,0,0,0,0,0,0,0,0,0,0,0
39214,4,8,97,20655,119,0,7.400,35.54,1.0000,-0.5774,0.0052,0,0,0,0,0,0,0,0,0,0,0,0,0,0,0,0
39334,2,0,98,25478,119,0,7.626,37.82,0.0000,1.1547,-0.0061,0,0,0,0,0,0,0,0,0,0,0,0,0,0,0,0
39396,3,4,98,22963,119,0,7.669,35.54,-1.0000,-0.5774,-0.0035,0,0,0,0,0,0,0,0,0,0,0,0,0,0,0,0
39457,4,8,98,20899,119,0,7.400,35.54,1.0000,-0.5774,0.0052,0,0,0,0,0,0,0,0,0,0,0,0,0,0,0,0
39579,2,0,99,25722,119,0,7.626,37.82,0.0000,1.1547,-0.0062,0,0,0,0,0,0,0,0,0,0,0,0,0,0,0,0
39641,3,4,99,23208,119,0,7.669,35.54,-1.0000,-0.5774,-0.0035,0,0,0,0,0,0,0,0,0,0,0,0,0,0,0,0
39700,4,8,99,21143,119,0,7.400,35.54,1.0000,-0.5774,0.0053,0,0,0,0,0,0,0,0,0,0,0,0,0,0,0,0
39822,2,0,100,25966,119,0,7.626,37.82,0.0000,1.1547,-0.0062,0,0,0,0,0,0,0,0,0,0,0,0,0,0,0,0
39886,3,4,100,23451,119,0,7.665,35.54,-1.0000,-0.5774,-0.0035,0,0,0,0,0,0,0,0,0,0,0,0,0,0,0,0
39944,4,8,100,21387,119,0,7.400,35.54,1.0000,-0.5774,0.0053,0,0,0,0,0,0,0,0,0,0,0,0,0,0,0,0
40068,2,0,101,26212,119,0,7.626,37.82,0.0000,1.1547,-0.0062,0,0,0,0,0,0,0,0,0,0,0,0,0,0,0,0
40130,3,4,101,23697,119,0,7.665,35.54,-1.0000,-0.5774,-0.0036,0,0,0,0,0,0,0,0,0,0,0,0,0,0,0,0
40190,4,8,101,21632,119,0,7.400,36.68,1.0000,-0.5774,0.0054,0,0,0,0,0,0,0,0,0,0,0,0,0,0,0,0
40312,2,0,102,26455,119,0,7.626,37.82,0.0000,1.1547,-0.0063,0,0,0,0,0,0,0,0,0,0,0,0,0,0,0,0
40374,3,4,102,23941,119,0,7.665,35.54,-1.0000,-0.5774,-0.0036,0,0,0,0,0,0,0,0,0,0,0,0,0,0,0,0
40434,4,8,102,21876,119,0,7.400,36.68,1.0000,-0.5774,0.0054,0,0,0,0,0,0,0,0,0,0,0,0,0,0,0,0
40555,2,0,103,26699,119,0,7.626,37.82,0.0000,1.1547,-0.0064,0,0,0,0,0,0,0,0,0,0,0,0,0,0,0,0
40617,3,4,103,24184,119,0,7.665,35.54,-1.0000,-0.5774,-0.0037,0,0,0,0,0,0,0,0,0,0,0,0,0,0,0,0
40678,4,8,103,22120,119,0,7.400,36.68,1.0000,-0.5774,0.0054,0,0,0,0,0,0,0,0,0,0,0,0,0,0,0,0
40800,2,0,104,26943,119,0,7.626,37.82,0.0000,1.1547,-0.0065,0,0,0,0,0,0,0,0,0,0,0,0,0,0,0,0
40862,3,4,104,24429,119,0,7.665,35.54,-1.0000,-0.5774,-0.0037,0,0,0,0,0,0,0,0,0,0,0,0,0,0,0,0
40922,4,8,104,22364,119,0,7.400,36.68,1.0000,-0.5774,0.0055,0,0,0,0,0,0,0,0,0,0,0,0,0,0,0,0
41044,2,0,105,27188,119,0,7.626,37.82,0.0000,1.1547,-0.0065,0,0,0,0,0,0,0,0,0,0,0,0,0,0,0,0
41107,3,4,105,24673,119,0,7.664,35.54,-1.0000,-0.5774,-0.0037,0,0,0,0,0,0,0,0,0,0,0,0,0,0,0,0
41166,4,8,105,22609,119,0,7.400,36.68,1.0000,-0.5774,0.0055,0,0,0,0,0,0,0,0,0,0,0,0,0,0,0,0
41288,2,0,106,27432,119,0,7.626,37.82,0.0000,1.1547,-0.0066,0,0,0,0,0,0,0,0,0,0,0,0,0,0,0,0
41350,3,4,106,24917,119,0,7.664,35.54,-1.0000,-0.5774,-0.0037,0,0,0,0,0,0,0,0,0,0,0,0,0,0,0,0
41412,4,8,106,22853,119,0,7.400,36.68,1.0000,-0.5774,0.0055,0,0,0,0,0,0,0,0,0,0,0,0,0,0,0,0
41532,2,0,107,27676,119,0,7.626,38.96,0.0000,1.1547,-0.0066,0,0,0,0,0,0,0,0,0,0,0,0,0,0,0,0
41594,3,4,107,25161,119,0,7.664,35.54,-1.0000,-0.5774,-0.0038,0,0,0,0,0,0,0,0,0,0,0,0,0,0,0,0
41654,4,8,107,23097,119,0,7.400,36.68,1.0000,-0.5774,0.0056,0,0,0,0,0,0,0,0,0,0,0,0,0,0,0,0
41776,2,0,108,27920,119,0,7.626,38.96,0.0000,1.1547,-0.0067,0,0,0,0,0,0,0,0,0,0,0,0,0,0,0,0
41838,3,4,108,25405,119,0,7.664,35.54,-1.0000,-0.5774,-0.0039,0,0,0,0,0,0,0,0,0,0,0,0,0,0,0,0
41898,4,8,108,23340,119,0,7.400,36.68,1.0000,-0.5774,0.0056,0,0,0,0,0,0,0,0,0,0,0,0,0,0,0,0
42020,2,0,109,28163,119,0,7.626,38.96,0.0000,1.1547,-0.0067,0,0,0,0,0,0,0,0,0,0,0,0,0,0,0,0
42082,3,4,109,25649,119,0,7.664,36.68,-1.0000,-0.5774,-0.0039,0,0,0,0,0,0,0,0,0,0,0,0,0,0,0,0
42142,4,8,109,23585,119,0,7.400,36.68,1.0000,-0.5774,0.0057,0,0,0,0,0,0,0,0,0,0,0,0,0,0,0,0
42264,2,0,110,28408,119,0,7.626,38.96,0.0000,1.1547,-0.0067,0,0,0,0,0,0,0,0,0,0,0,0,0,0,0,0
42327,3,4,110,25893,119,0,7.666,36.68,-1.0000,-0.5774,-0.0040,0,0,0,0,0,0,0,0,0,0,0,0,0,0,0,0
42386,4,8,110,23829,119,0,7.400,36.68,1.0000,-0.5774,0.0058,0,0,0,0,0,0,0,0,0,0,0,0,0,0,0,0
42509,2,0,111,28652,119,0,7.626,38.96,0.0000,1.1547,-0.0068,0,0,0,0,0,0,0,0,0,0,0,0,0,0,0,0
42570,3,4,111,26137,119,0,7.666,36.68,-1.0000,-0.5774,-0.0040,0,0,0,0,0,0,0,0,0,0,0,0,0,0,0,0
42630,4,8,111,24073,119,0,7.400,36.68,1.0000,-0.5774,0.0058,0,0,0,0,0,0,0,0,0,0,0,0,0,0,0,0
42752,2,0,112,28896,119,0,7.626,38.96,0.0000,1.1547,-0.0068,0,0,0,0,0,0,0,0,0,0,0,0,0,0,0,0
42814,3,4,112,26381,119,0,7.666,36.68,-1.0000,-0.5774,-0.0040,0,0,0,0,0,0,0,0,0,0,0,0,0,0,0,0
42874,4,8,112,24317,119,0,7.400,36.68,1.0000,-0.5774,0.0059,0,0,0,0,0,0,0,0,0,0,0,0,0,0,0,0
42996,2,0,113,29140,119,0,7.626,38.96,0.0000,1.1547,-0.0068,0,0,0,0,0,0,0,0,0,0,0,0,0,0,0,0
43058,3,4,113,26625,119,0,7.666,36.68,-1.0000,-0.5774,-0.0041,0,0,0,0,0,0,0,0,0,0,0,0,0,0,0,0
43118,4,8,113,24561,119,0,7.400,36.68,1.0000,-0.5774,0.0060,0,0,0,0,0,0,0,0,0,0,0,0,0,0,0,0
43240,2,0,114,29384,119,0,7.624,38.96,0.0000,1.1547,-0.0069,0,0,0,0,0,0,0,0,0,0,0,0,0,0,0,0
43302,3,4,114,26869,119,0,7.666,36.68,-1.0000,-0.5774,-0.0041,0,0,0,0,0,0,0,0,0,0,0,0,0,0,0,0
43362,4,8,114,24805,119,0,7.400,36.68,1.0000,-0.5774,0.0060,0,0,0,0,0,0,0,0,0,0,0,0,0,0,0,0
43484,2,0,115,29628,119,0,7.624,38.96,0.0000,1.1547,-0.0069,0,0,0,0,0,0,0,0,0,0,0,0,0,0,0,0
43552,3,4,115,27113,119,0,7.661,36.68,-1.0000,-0.5774,-0.0041,0,0,0,0,0,0,0,0,0,0,0,0,0,0,0,0
43607,4,8,115,25049,119,0,7.400,36.68,1.0000,-0.5774,0.0060,0,0,0,0,0,0,0,0,0,0,0,0,0,0,0,0
43734,2,0,116,29878,119,0,7.624,38.96,0.0000,1.1547,-0.0070,0,0,0,0,0,0,0,0,0,0,0,0,0,0,0,0
43796,3,4,116,27363,119,0,7.661,36.68,-1.0000,-0.5774,-0.0041,0,0,0,0,0,0,0,0,0,0,0,0,0,0,0,0
43856,4,8,116,25299,119,0,7.400,36.68,1.0000,-0.5774,0.0060,0,0,0,0,0,0,0,0,0,0,0,0,0,0,0,0
43978,2,0,117,30122,119,0,7.624,38.96,0.0000,1.1547,-0.0071,0,0,0,0,0,0,0,0,0,0,0,0,0,0,0,0
44040,3,4,117,27607,119,0,7.661,35.54,-1.0000,-0.5774,-0.0041,0,0,0,0,0,0,0,0,0,0,0,0,0,0,0,0
44101,4,8,117,25542,119,0,7.400,37.82,1.0000,-0.5774,0.0060,0,0,0,0,0,0,0,0,0,0,0,0,0,0,0,0
44222,2,0,118,30365,119,0,7.624,38.96,0.0000,1.1547,-0.0071,0,0,0,0,0,0,0,0,0,0,0,0,0,0,0,0
44284,3,4,118,27851,119,0,7.661,35.54,-1.0000,-0.5774,-0.0041,0,0,0,0,0,0,0,0,0,0,0,0,0,0,0,0
44344,4,8,118,25786,119,0,7.400,37.82,1.0000,-0.5774,0.0061,0,0,0,0,0,0,0,0,0,0,0,0,0,0,0,0
44467,2,0,119,30610,119,0,7.626,38.96,0.0000,1.1547,-0.0071,0,0,0,0,0,0,0,0,0,0,0,0,0,0,0,0
44529,3,4,119,28095,119,0,7.661,35.54,-1.0000,-0.5774,-0.0042,0,0,0,0,0,0,0,0,0,0,0,0,0,0,0,0
44589,4,8,119,26031,119,0,7.400,37.82,1.0000,-0.5774,0.0061,0,0,0,0,0,0,0,0,0,0,0,0,0,0,0,0
44710,2,0,120,30854,119,0,7.626,38.96,0.0000,1.1547,-0.0072,0,0,0,0,0,0,0,0,0,0,0,0,0,0,0,0
44775,3,4,120,28339,119,0,7.664,35.54,-1.0000,-0.5774,-0.0042,0,0,0,0,0,0,0,0,0,0,0,0,0,0,0,0
44832,4,8,120,26275,119,0,7.400,37.82,1.0000,-0.5774,0.0061,0,0,0,0,0,0,0,0,0,0,0,0,0,0,0,0
44956,2,0,121,31100,119,0,7.626,38.96,0.0000,1.1547,-0.0073,0,0,0,0,0,0,0,0,0,0,0,0,0,0,0,0
45018,3,4,121,28585,119,0,7.664,35.54,-1.0000,-0.5774,-0.0042,0,0,0,0,0,0,0,0,0,0,0,0,0,0,0,0
45078,4,8,121,26521,119,0,7.400,37.82,1.0000,-0.5774,0.0064,0,0,0,0,0,0,0,0,0,0,0,0,0,0,0,0
45200,2,0,122,31344,119,0,7.626,38.96,-0.0001,1.1547,-0.0064,0,0,0,0,0,0,0,0,0,0,0,0,0,0,0,0
45263,3,4,123,28829,119,0,7.664,35.54,-1.0000,-0.5774,-0.0043,0,0,0,0,0,0,0,0,0,0,0,0,0,0,0,0
45324,4,8,123,26767,119,0,7.400,37.82,1.0000,-0.5774,0.0065,0,0,0,0,0,0,0,0,0,0,0,0,0,0,0,0
45445,2,0,124,31588,119,0,7.626,38.96,-0.0009,1.1547,0.0028,0,0,0,0,0,0,0,0,0,0,0,0,0,0,0,0
45508,3,4,125,29073,119,0,7.664,35.54,-1.0000,-0.5774,-0.0043,0,0,0,0,0,0,0,0,0,0,0,0,0,0,0,0
45570,4,8,125,27012,119,0,7.400,37.82,1.0000,-0.5774,0.0065,0,0,0,0,0,0,0,0,0,0,0,0,0,0,0,0
45690,2,0,126,31833,119,0,7.524,38.96,-0.0009,1.1547,0.0027,0,0,0,0,0,0,0,0,0,0,0,0,0,0,0,0
45753,3,4,126,29319,119,0,7.664,35.54,-1.0004,-0.5773,-0.0074,0,0,0,0,0,0,0,0,0,0,0,0,0,0,0,0
45812,4,8,126,27254,119,0,7.400,37.82,1.0000,-0.5774,0.0065,0,0,0,0,0,0,0,0,0,0,0,0,0,0,0,0
45935,2,0,127,32078,119,0,7.524,38.96,-0.0011,1.1547,0.0055,0,0,0,0,0,0,0,0,0,0,0,0,0,0,0,0
45997,3,4,127,29563,119,0,7.541,36.68,-1.0006,-0.5773,-0.0089,0,0,0,0,0,0,0,0,0,0,0,0,0,0,0,0
46057,4,8,127,27499,119,0,7.400,37.82,1.0000,-0.5774,0.0066,0,0,0,0,0,0,0,0,0,0,0,0,0,0,0,0
46179,2,0,128,32322,119,0,7.524,38.96,-0.0026,1.1547,0.0309,0,0,0,0,0,0,0,0,0,0,0,0,0,0,0,0
46241,3,4,128,29807,119,0,7.541,36.68,-0.9996,-0.5774,-0.0279,0,0,0,0,0,0,0,0,0,0,0,0,0,0,0,0
46303,4,8,128,27745,119,0,7.400,37.82,1.0033,-0.5772,0.0609,0,0,0,0,0,0,0,0,0,0,0,0,0,0,0,0
46423,2,0,129,32566,119,0,7.524,40.10,-0.0053,1.1545,0.0750,0,0,0,0,0,0,0,0,0,0,0,0,0,0,0,0
46485,3,4,129,30051,119,0,7.541,36.68,-0.9951,-0.5777,-0.1299,0,0,0,0,0,0,0,0,0,0,0,0,0,0,0,0
46545,4,8,129,27987,119,0,7.400,37.82,1.0091,-0.5766,0.1564,0,0,0,0,0,0,0,0,0,0,0,0,0,0,0,0
46667,2,0,130,32810,119,0,7.524,40.10,-0.0095,1.1541,0.1453,0,0,0,0,0,0,0,0,0,0,0,0,0,0,0,0
46728,3,4,130,30295,119,0,7.541,36.68,-0.9899,-0.5788,-0.2792,0,0,0,0,0,0,0,0,0,0,0,0,0,0,0,0
46788,4,8,130,28231,119,0,7.400,37.82,1.0152,-0.5753,0.3038,0,0,0,0,0,0,0,0,0,0,0,0,0,0,0,0
46911,2,0,131,33054,119,0,7.487,40.10,-0.0146,1.1531,0.2310,0,0,0,0,0,0,0,0,0,0,0,0,0,0,0,0
46973,3,4,131,30539,119,0,7.541,36.68,-0.9831,-0.5815,-0.4730,0,0,0,0,0,0,0,0,0,0,0,0,0,0,0,0
47033,4,8,131,28475,119,0,7.400,37.82,1.0207,-0.5728,0.5268,0,0,0,0,0,0,0,0,0,0,0,0,0,0,0,0
47155,2,0,132,33298,119,0,7.487,40.10,-0.0214,1.1510,0.3539,0,0,0,0,0,0,0,0,0,0,0,0,0,0,0,0
47217,3,4,132,30783,119,0,7.516,36.68,-0.9748,-0.5870,-0.6916,0,0,0,0,0,0,0,0,0,0,0,0,0,0,0,0
47277,4,8,132,28719,119,0,7.400,37.82,1.0277,-0.5673,0.7993,0,0,0,0,0,0,0,0,0,0,0,0,0,0,0,0
47399,2,0,133,33542,119,0,7.487,40.10,-0.0299,1.1471,0.5115,0,0,0,0,0,0,0,0,0,0,0,0,0,0,0,0
47461,3,4,133,31028,119,0,7.516,36.68,-0.9659,-0.5963,-0.9098,0,0,0,0,0,0,0,0,0,0,0,0,0,0,0,0
47521,4,8,133,28963,119,0,7.400,37.82,1.0358,-0.5559,1.0802,0,0,0,0,0,0,0,0,0,0,0,0,0,0,0,0
47643,2,0,134,33786,119,0,7.487,40.10,-0.0396,1.1404,0.7039,0,0,0,0,0,0,0,0,0,0,0,0,0,0,0,0
47705,3,4,134,31271,119,0,7.516,36.68,-0.9572,-0.6102,-1.1058,0,0,0,0,0,0,0,0,0,0,0,0,0,0,0,0
47765,4,8,134,29207,119,0,7.400,37.82,1.0424,-0.5398,1.2683,0,0,0,0,0,0,0,0,0,0,0,0,0,0,0,0
47883,2,0,135,34026,119,0,7.487,40.10,-0.0488,1.1305,0.9571,0,0,0,0,0,0,0,0,0,0,0,0,0,0,0,0
47945,3,4,135,31511,119,0,7.516,37.82,-0.9504,-0.6265,-1.2257,0,0,0,0,0,0,0,0,0,0,0,0,0,0,0,0
48005,4,8,135,29447,119,0,7.400,37.82,1.0470,-0.5215,1.3806,0,0,0,0,0,0,0,0,0,0,0,0,0,0,0,0
48127,2,0,136,34270,119,0,7.454,40.10,-0.0522,1.1236,1.3687,0,0,0,0,0,0,0,0,0,0,0,0,0,0,0,0
48189,3,4,136,31756,119,0,7.516,37.82,-0.9451,-0.6430,-1.2898,0,0,0,0,0,0,0,0,0,0,0,0,0,0,0,0
48249,4,8,136,29691,119,0,7.400,37.82,1.0501,-0.5027,1.4319,0,0,0,0,0,0,0,0,0,0,0,0,0,0,0,0
48367,2,0,137,34510,119,0,7.454,40.10,-0.0527,1.1268,1.7986,0,0,0,0,0,0,0,0,0,0,0,0,0,0,0,0
48429,3,4,137,31995,119,0,7.539,37.82,-0.9406,-0.6593,-1.3009,0,0,0,0,0,0,0,0,0,0,0,0,0,0,0,0
48489,4,8,137,29931,119,0,7.400,37.82,1.0524,-0.4851,1.4398,0,0,0,0,0,0,0,0,0,0,0,0,0,0,0,0
48607,2,0,138,34750,119,0,7.454,40.10,-0.0592,1.1393,2.2681,0,0,0,0,0,0,0,0,0,0,0,0,0,0,0,0
48669,3,4,138,32235,119,0,7.539,37.82,-0.9357,-0.6759,-1.2531,0,0,0,0,0,0,0,0,0,0,0,0,0,0,0,0
48729,4,8,138,30171,119,0,7.400,37.82,1.0550,-0.4681,1.3973,0,0,0,0,0,0,0,0,0,0,0,0,0,0,0,0
48847,2,0,139,34990,119,0,7.454,40.10,-0.0795,1.1530,2.7558,0,0,0,0,0,0,0,0,0,0,0,0,0,0,0,0
48908,3,4,139,32475,119,0,7.539,37.82,-0.9291,-0.6932,-1.1586,0,0,0,0,0,0,0,0,0,0,0,0,0,0,0,0
48969,4,8,139,30411,119,0,7.400,37.82,1.0587,-0.4504,1.3281,0,0,0,0,0,0,0,0,0,0,0,0,0,0,0,0
49087,2,0,140,35230,119,0,7.454,40.10,-0.1135,1.1592,3.1283,0,0,0,0,0,0,0,0,0,0,0,0,0,0,0,0
49149,3,4,140,32715,119,0,7.539,37.82,-0.9197,-0.7112,-1.0279,0,0,0,0,0,0,0,0,0,0,0,0,0,0,0,0
49209,4,8,140,30651,119,0,7.400,38.96,1.0645,-0.4309,1.2366,0,0,0,0,0,0,0,0,0,0,0,0,0,0,0,0
49331,2,0,141,35474,119,0,7.489,40.10,-0.1516,1.1552,-2.9476,0,0,0,0,0,0,0,0,0,0,0,0,0,0,0,0
49394,3,4,141,32960,119,0,7.539,37.82,-0.9071,-0.7293,-0.8989,0,0,0,0,0,0,0,0,0,0,0,0,0,0,0,0
49453,4,8,141,30895,119,0,7.400,38.96,1.0727,-0.4100,1.1715,0,0,0,0,0,0,0,0,0,0,0,0,0,0,0,0
49575,2,0,142,35718,119,0,7.489,40.10,-0.1868,1.1466,-2.8673,0,0,0,0,0,0,0,0,0,0,0,0,0,0,0,0
49637,3,4,142,33203,119,0,7.520,37.82,-0.8902,-0.7483,-0.7982,0,0,0,0,0,0,0,0,0,0,0,0,0,0,0,0
49697,4,8,142,31139,119,0,7.400,38.96,1.0823,-0.3884,1.1393,0,0,0,0,0,0,0,0,0,0,0,0,0,0,0,0
49819,2,0,143,35962,119,0,7.489,40.10,-0.2163,1.1380,-2.8554,0,0,0,0,0,0,0,0,0,0,0,0,0,0,0,0
49881,3,4,143,33448,119,0,7.520,37.82,-0.8715,-0.7664,-0.7482,0,0,0,0,0,0,0,0,0,0,0,0,0,0,0,0
49941,4,8,143,31383,119,0,7.400,38.96,1.0936,-0.3639,1.1424,0,0,0,0,0,0,0,0,0,0,0,0,0,0,0,0
50064,2,0,144,36206,119,0,7.489,40.10,-0.2430,1.1304,-2.8751,0,0,0,0,0,0,0,0,0,0,0,0,0,0,0,0
50126,3,4,144,33692,119,0,7.520,37.82,-0.8514,-0.7849,-0.7381,0,0,0,0,0,0,0,0,0,0,0,0,0,0,0,0
50186,4,8,144,31628,119,0,7.400,38.96,1.1047,-0.3388,1.1707,0,0,0,0,0,0,0,0,0,0,0,0,0,0,0,0
50308,2,0,145,36451,119,0,7.489,40.10,-0.2707,1.1232,-2.8981,0,0,0,0,0,0,0,0,0,0,0,0,0,0,0,0
50369,3,4,145,33936,119,0,7.520,37.82,-0.8314,-0.8031,-0.7423,0,0,0,0,0,0,0,0,0,0,0,0,0,0,0,0
50429,4,8,145,31872,119,0,7.400,38.96,1.1152,-0.3122,1.2253,0,0,0,0,0,0,0,0,0,0,0,0,0,0,0,0
50552,2,0,146,36695,119,0,7.467,40.10,-0.2987,1.1163,-2.9039,0,0,0,0,0,0,0,0,0,0,0,0,0,0,0,0
50609,3,4,146,34176,119,0,7.520,37.82,-0.8098,-0.8233,-0.7629,0,0,0,0,0,0,0,0,0,0,0,0,0,0,0,0
50674,4,8,146,32116,119,0,7.400,38.96,1.1239,-0.2848,1.2935,0,0,0,0,0,0,0,0,0,0,0,0,0,0,0,0
50796,2,0,147,36939,119,0,7.467,40.10,-0.3294,1.1089,-2.8975,0,0,0,0,0,0,0,0,0,0,0,0,0,0,0,0
50858,3,4,147,34425,119,0,7.492,37.82,-0.7872,-0.8452,-0.7703,0,0,0,0,0,0,0,0,0,0,0,0,0,0,0,0
50918,4,8,147,32360,119,0,7.400,38.96,1.1320,-0.2529,1.3579,0,0,0,0,0,0,0,0,0,0,0,0,0,0,0,0
51040,2,0,148,37184,119,0,7.467,40.10,-0.3598,1.1008,-2.8636,0,0,0,0,0,0,0,0,0,0,0,0,0,0,0,0
51103,3,4,148,34669,119,0,7.492,37.82,-0.7634,-0.8677,-0.7419,0,0,0,0,0,0,0,0,0,0,0,0,0,0,0,0
51163,4,8,148,32604,119,0,7.400,38.96,1.1378,-0.2220,1.4076,0,0,0,0,0,0,0,0,0,0,0,0,0,0,0,0
51280,2,0,149,37424,119,0,7.467,40.10,-0.3905,1.0912,-2.8136,0,0,0,0,0,0,0,0,0,0,0,0,0,0,0,0
51345,3,4,149,34909,119,0,7.492,37.82,-0.7389,-0.8896,-0.7198,0,0,0,0,0,0,0,0,0,0,0,0,0,0,0,0
51402,4,8,149,32844,119,0,7.400,38.96,1.1426,-0.1895,1.4327,0,0,0,0,0,0,0,0,0,0,0,0,0,0,0,0
51520,2,0,150,37664,119,0,7.467,40.10,-0.4223,1.0795,-2.7668,0,0,0,0,0,0,0,0,0,0,0,0,0,0,0,0
51583,3,4,150,35149,119,0,7.492,37.82,-0.7129,-0.9115,-0.6808,0,0,0,0,0,0,0,0,0,0,0,0,0,0,0,0
51642,4,8,150,33084,119,0,7.400,38.96,1.1473,-0.1543,1.4476,0,0,0,0,0,0,0,0,0,0,0,0,0,0,0,0
51761,2,0,151,37904,119,0,7.445,40.10,-0.4546,1.0661,-2.7312,0,0,0,0,0,0,0,0,0,0,0,0,0,0,0,0
51823,3,4,151,35389,119,0,7.492,37.82,-0.6852,-0.9329,-0.6329,0,0,0,0,0,0,0,0,0,0,0,0,0,0,0,0
51883,4,8,151,33325,119,0,7.400,38.96,1.1513,-0.1196,1.4672,0,0,0,0,0,0,0,0,0,0,0,0,0,0,0,0
52000,2,0,152,38144,119,0,7.445,40.10,-0.4869,1.0515,-2.7104,0,0,0,0,0,0,0,0,0,0,0,0,0,0,0,0
52065,3,4,152,35629,119,0,7.503,37.82,-0.6555,-0.9539,-0.5932,0,0,0,0,0,0,0,0,0,0,0,0,0,0,0,0
52122,4,8,152,33564,119,0,7.400,38.96,1.1548,-0.0825,1.4917,0,0,0,0,0,0,0,0,0,0,0,0,0,0,0,0
52247,2,0,153,38390,119,0,7.445,40.10,-0.5219,1.0349,-2.6830,0,0,0,0,0,0,0,0,0,0,0,0,0,0,0,0
52309,3,4,153,35875,119,0,7.503,37.82,-0.6223,-0.9753,-0.5606,0,0,0,0,0,0,0,0,0,0,0,0,0,0,0,0
52369,4,8,153,33811,119,0,7.400,38.96,1.1570,-0.0444,1.5358,0,0,0,0,0,0,0,0,0,0,0,0,0,0,0,0
52491,2,0,154,38634,119,0,7.445,40.10,-0.5550,1.0176,-2.6417,0,0,0,0,0,0,0,0,0,0,0,0,0,0,0,0
52549,3,4,154,36115,119,0,7.503,37.82,-0.5905,-0.9948,-0.5348,0,0,0,0,0,0,0,0,0,0,0,0,0,0,0,0
52613,4,8,154,34055,119,0,7.400,38.96,1.1578,-0.0070,1.5582,0,0,0,0,0,0,0,0,0,0,0,0,0,0,0,0
52735,2,0,155,38878,119,0,7.445,40.10,-0.5899,0.9977,-2.6036,0,0,0,0,0,0,0,0,0,0,0,0,0,0,0,0
52789,3,4,155,36355,119,0,7.503,37.82,-0.5576,-1.0134,-0.5018,0,0,0,0,0,0,0,0,0,0,0,0,0,0,0,0
52857,4,8,155,34299,119,0,7.400,38.96,1.1578,0.0325,1.5824,0,0,0,0,0,0,0,0,0,0,0,0,0,0,0,0
52975,2,0,156,39118,119,0,7.427,40.10,-0.6224,0.9776,-2.5740,0,0,0,0,0,0,0,0,0,0,0,0,0,0,0,0
53039,3,4,156,36605,119,0,7.503,37.82,-0.5220,-1.0324,-0.4711,0,0,0,0,0,0,0,0,0,0,0,0,0,0,0,0
53099,4,8,156,34539,119,0,7.400,38.96,1.1565,0.0707,1.6246,0,0,0,0,0,0,0,0,0,0,0,0,0,0,0,0
53221,2,0,157,39364,119,0,7.427,40.10,-0.6558,0.9557,-2.5517,0,0,0,0,0,0,0,0,0,0,0,0,0,0,0,0
53282,3,4,157,36848,119,0,7.494,37.82,-0.4856,-1.0501,-0.4373,0,0,0,0,0,0,0,0,0,0,0,0,0,0,0,0
53343,4,8,157,34785,119,0,7.400,38.96,1.1533,0.1130,1.6705,0,0,0,0,0,0,0,0,0,0,0,0,0,0,0,0
53465,2,0,158,39608,119,0,7.427,40.10,-0.6902,0.9318,-2.5110,0,0,0,0,0,0,0,0,0,0,0,0,0,0,0,0
53527,3,4,158,37093,119,0,7.494,37.82,-0.4481,-1.0671,-0.4083,0,0,0,0,0,0,0,0,0,0,0,0,0,0,0,0
53588,4,8,158,35029,119,0,7.400,38.96,1.1485,0.1518,1.7082,0,0,0,0,0,0,0,0,0,0,0,0,0,0,0,0
53709,2,0,159,39852,119,0,7.427,40.10,-0.7222,0.9071,-2.4606,0,0,0,0,0,0,0,0,0,0,0,0,0,0,0,0
53771,3,4,159,37337,119,0,7.494,37.82,-0.4107,-1.0822,-0.3624,0,0,0,0,0,0,0,0,0,0,0,0,0,0,0,0
53831,4,8,159,35273,119,0,7.400,38.96,1.1421,0.1947,1.7309,0,0,0,0,0,0,0,0,0,0,0,0,0,0,0,0
53953,2,0,160,40096,119,0,7.427,40.10,-0.7528,0.8812,-2.4250,0,0,0,0,0,0,0,0,0,0,0,0,0,0,0,0
54011,3,4,160,37577,119,0,7.494,37.82,-0.3726,-1.0959,-0.3235,0,0,0,0,0,0,0,0,0,0,0,0,0,0,0,0
54075,4,8,160,35517,119,0,7.400,38.96,1.1349,0.2341,1.7756,0,0,0,0,0,0,0,0,0,0,0,0,0,0,0,0
54193,2,0,161,40336,119,0,7.441,40.10,-0.7835,0.8538,-2.4054,0,0,0,0,0,0,0,0,0,0,0,0,0,0,0,0
54257,3,4,161,37823,119,0,7.494,37.82,-0.3308,-1.1091,-0.2932,0,0,0,0,0,0,0,0,0,0,0,0,0,0,0,0
54315,4,8,161,35757,119,0,7.400,38.96,1.1255,0.2753,1.8138,0,0,0,0,0,0,0,0,0,0,0,0,0,0,0,0
54433,2,0,162,40576,119,0,7.441,40.10,-0.8141,0.8253,-2.3748,0,0,0,0,0,0,0,0,0,0,0,0,0,0,0,0
54498,3,4,162,38063,119,0,7.500,37.82,-0.2917,-1.1204,-0.2653,0,0,0,0,0,0,0,0,0,0,0,0,0,0,0,0
54555,4,8,162,35997,119,0,7.400,38.96,1.1150,0.3147,1.8483,0,0,0,0,0,0,0,0,0,0,0,0,0,0,0,0
54673,2,0,163,40816,119,0,7.441,40.10,-0.8425,0.7966,-2.3259,0,0,0,0,0,0,0,0,0,0,0,0,0,0,0,0
54737,3,4,163,38303,119,0,7.500,37.82,-0.2522,-1.1302,-0.2238,0,0,0,0,0,0,0,0,0,0,0,0,0,0,0,0
54795,4,8,163,36237,119,0,7.400,38.96,1.1032,0.3543,1.8735,0,0,0,0,0,0,0,0,0,0,0,0,0,0,0,0
54917,2,0,164,41060,119,0,7.441,40.10,-0.8708,0.7651,-2.2831,0,0,0,0,0,0,0,0,0,0,0,0,0,0,0,0
54977,3,4,164,38543,119,0,7.500,38.96,-0.2128,-1.1382,-0.1770,0,0,0,0,0,0,0,0,0,0,0,0,0,0,0,0
55039,4,8,164,36481,119,0,7.400,38.96,1.0898,0.3943,1.9179,0,0,0,0,0,0,0,0,0,0,0,0,0,0,0,0
55160,2,0,165,41304,119,0,7.441,40.10,-0.8972,0.7337,-2.2576,0,0,0,0,0,0,0,0,0,0,0,0,0,0,0,0
55220,3,4,165,38787,119,0,7.500,38.96,-0.1714,-1.1448,-0.1430,0,0,0,0,0,0,0,0,0,0,0,0,0,0,0,0
55282,4,8,165,36724,119,0,7.400,38.96,1.0752,0.4321,1.9547,0,0,0,0,0,0,0,0,0,0,0,0,0,0,0,0
55406,2,0,166,41547,119,0,7.446,40.10,-0.9234,0.7009,-2.2301,0,0,0,0,0,0,0,0,0,0,0,0,0,0,0,0
55468,3,4,166,39034,119,0,7.500,38.96,-0.1303,-1.1503,-0.1224,0,0,0,0,0,0,0,0,0,0,0,0,0,0,0,0
55529,4,8,166,36970,119,0,7.400,38.96,1.0592,0.4695,1.9928,0,0,0,0,0,0,0,0,0,0,0,0,0,0,0,0
55646,2,0,167,41787,119,0,7.446,40.10,-0.9471,0.6689,-2.1829,0,0,0,0,0,0,0,0,0,0,0,0,0,0,0,0
55709,3,4,167,39274,119,0,7.495,38.96,-0.0854,-1.1560,-0.1198,0,0,0,0,0,0,0,0,0,0,0,0,0,0,0,0
55770,4,8,167,37212,119,0,7.400,38.96,1.0417,0.5067,2.0224,0,0,0,0,0,0,0,0,0,0,0,0,0,0,0,0
55885,2,0,168,42028,119,0,7.446,40.10,-0.9688,0.6365,-2.1413,0,0,0,0,0,0,0,0,0,0,0,0,0,0,0,0
55953,3,4,168,39519,119,0,7.495,38.96,-0.0489,-1.1596,-0.0682,0,0,0,0,0,0,0,0,0,0,0,0,0,0,0,0
56007,4,8,168,37449,119,0,7.400,40.10,1.0244,0.5413,2.0540,0,0,0,0,0,0,0,0,0,0,0,0,0,0,0,0
56129,2,0,169,42272,119,0,7.446,40.10,-0.9903,0.6018,-2.1132,0,0,0,0,0,0,0,0,0,0,0,0,0,0,0,0
56190,3,4,169,39757,119,0,7.495,38.96,-0.0107,-1.1608,-0.0000,0,0,0,0,0,0,0,0,0,0,0,0,0,0,0,0
56250,4,8,169,37692,119,0,7.400,40.10,1.0054,0.5759,2.0900,0,0,0,0,0,0,0,0,0,0,0,0,0,0,0,0
56372,2,0,170,42515,119,0,7.446,40.10,-1.0100,0.5683,-2.0967,0,0,0,0,0,0,0,0,0,0,0,0,0,0,0,0
56431,3,4,170,39997,119,0,7.495,38.96,0.0266,-1.1598,0.0506,0,0,0,0,0,0,0,0,0,0,0,0,0,0,0,0
56494,4,8,170,37936,119,0,7.400,40.10,0.9856,0.6096,2.1204,0,0,0,0,0,0,0,0,0,0,0,0,0,0,0,0
56613,2,0,171,42755,119,0,7.452,40.10,-1.0282,0.5355,-2.0584,0,0,0,0,0,0,0,0,0,0,0,0,0,0,0,0
56676,3,4,171,40243,119,0,7.495,38.96,0.0650,-1.1570,0.0905,0,0,0,0,0,0,0,0,0,0,0,0,0,0,0,0
56735,4,8,171,38177,119,0,7.400,40.10,0.9659,0.6404,2.1588,0,0,0,0,0,0,0,0,0,0,0,0,0,0,0,0
56852,2,0,172,42995,119,0,7.452,40.10,-1.0441,0.5038,-2.0150,0,0,0,0,0,0,0,0,0,0,0,0,0,0,0,0
56915,3,4,172,40481,119,0,7.495,37.82,0.1013,-1.1533,0.1152,0,0,0,0,0,0,0,0,0,0,0,0,0,0,0,0
56977,4,8,172,38419,119,0,7.400,40.10,0.9450,0.6706,2.1921,0,0,0,0,0,0,0,0,0,0,0,0,0,0,0,0
57092,2,0,173,43235,119,0,7.452,40.10,-1.0590,0.4708,-1.9764,0,0,0,0,0,0,0,0,0,0,0,0,0,0,0,0
57154,3,4,173,40721,119,0,7.495,37.82,0.1371,-1.1487,0.1366,0,0,0,0,0,0,0,0,0,0,0,0,0,0,0,0
57214,4,8,173,38656,119,0,7.400,40.10,0.9238,0.6993,2.2251,0,0,0,0,0,0,0,0,0,0,0,0,0,0,0,0
57332,2,0,174,43475,119,0,7.452,41.24,-1.0726,0.4377,-1.9511,0,0,0,0,0,0,0,0,0,0,0,0,0,0,0,0
57394,3,4,174,40961,119,0,7.495,37.82,0.1710,-1.1439,0.1423,0,0,0,0,0,0,0,0,0,0,0,0,0,0,0,0
57454,4,8,174,38896,119,0,7.400,40.10,0.9027,0.7260,2.2508,0,0,0,0,0,0,0,0,0,0,0,0,0,0,0,0
57576,2,0,175,43719,119,0,7.452,41.24,-1.0859,0.4039,-1.9342,0,0,0,0,0,0,0,0,0,0,0,0,0,0,0,0
57638,3,4,175,41204,119,0,7.495,37.82,0.2036,-1.1389,0.1646,0,0,0,0,0,0,0,0,0,0,0,0,0,0,0,0
57698,4,8,175,39140,119,0,7.400,40.10,0.8807,0.7525,2.2821,0,0,0,0,0,0,0,0,0,0,0,0,0,0,0,0
57821,2,0,176,43963,119,0,7.456,41.24,-1.0971,0.3732,-1.9051,0,0,0,0,0,0,0,0,0,0,0,0,0,0,0,0
57884,3,4,177,41450,119,0,7.495,38.96,0.2369,-1.1327,0.1969,0,0,0,0,0,0,0,0,0,0,0,0,0,0,0,0
57946,4,8,177,39388,119,0,7.400,40.10,0.8593,0.7765,2.3139,0,0,0,0,0,0,0,0,0,0,0,0,0,0,0,0
58068,2,0,178,44211,119,0,7.456,41.24,-1.1069,0.3431,-1.8636,0,0,0,0,0,0,0,0,0,0,0,0,0,0,0,0
58128,3,4,178,41694,119,0,7.514,38.96,0.2674,-1.1262,0.2303,0,0,0,0,0,0,0,0,0,0,0,0,0,0,0,0
58190,4,8,178,39632,119,0,7.400,40.10,0.8375,0.7997,2.3325,0,0,0,0,0,0,0,0,0,0,0,0,0,0,0,0
58310,2,0,179,44453,119,0,7.456,41.24,-1.1153,0.3137,-1.8394,0,0,0,0,0,0,0,0,0,0,0,0,0,0,0,0
58372,3,4,179,41938,119,0,7.514,38.96,0.2968,-1.1188,0.2617,0,0,0,0,0,0,0,0,0,0,0,0,0,0,0,0
58432,4,8,179,39874,119,0,7.400,40.10,0.8161,0.8215,2.3603,0,0,0,0,0,0,0,0,0,0,0,0,0,0,0,0
58550,2,0,180,44693,119,0,7.456,41.24,-1.1227,0.2852,-1.8154,0,0,0,0,0,0,0,0,0,0,0,0,0,0,0,0
58612,3,4,180,42178,119,0,7.514,38.96,0.3238,-1.1112,0.2847,0,0,0,0,0,0,0,0,0,0,0,0,0,0,0,0
58674,4,8,180,40116,119,0,7.400,40.10,0.7960,0.8409,2.3877,0,0,0,0,0,0,0,0,0,0,0,0,0,0,0,0
58794,2,0,181,44937,119,0,7.456,41.24,-1.1292,0.2582,-1.7960,0,0,0,0,0,0,0,0,0,0,0,0,0,0,0,0
58856,3,4,181,42422,119,0,7.514,38.96,0.3504,-1.1032,0.3061,0,0,0,0,0,0,0,0,0,0,0,0,0,0,0,0
58916,4,8,181,40358,119,0,7.400,40.10,0.7761,0.8593,2.4100,0,0,0,0,0,0,0,0,0,0,0,0,0,0,0,0
59038,2,0,182,45181,119,0,7.476,41.24,-1.1352,0.2311,-1.7764,0,0,0,0,0,0,0,0,0,0,0,0,0,0,0,0
59100,3,4,182,42667,119,0,7.514,37.82,0.3752,-1.0949,0.3387,0,0,0,0,0,0,0,0,0,0,0,0,0,0,0,0
59160,4,8,182,40602,119,0,7.400,40.10,0.7555,0.8773,2.4381,0,0,0,0,0,0,0,0,0,0,0,0,0,0,0,0
59282,2,0,183,45425,119,0,7.476,41.24,-1.1399,0.2072,-1.7523,0,0,0,0,0,0,0,0,0,0,0,0,0,0,0,0
59345,3,4,183,42910,119,0,7.521,37.82,0.3995,-1.0860,0.3675,0,0,0,0,0,0,0,0,0,0,0,0,0,0,0,0
59404,4,8,183,40846,119,0,7.400,40.10,0.7375,0.8922,2.4632,0,0,0,0,0,0,0,0,0,0,0,0,0,0,0,0
59526,2,0,184,45669,119,0,7.476,41.24,-1.1439,0.1838,-1.7223,0,0,0,0,0,0,0,0,0,0,0,0,0,0,0,0
59588,3,4,184,43154,119,0,7.521,37.82,0.4204,-1.0777,0.3892,0,0,0,0,0,0,0,0,0,0,0,0,0,0,0,0
59648,4,8,184,41090,119,0,7.400,40.10,0.7198,0.9062,2.4802,0,0,0,0,0,0,0,0,0,0,0,0,0,0,0,0
59770,2,0,185,45913,119,0,7.476,41.24,-1.1469,0.1622,-1.7023,0,0,0,0,0,0,0,0,0,0,0,0,0,0,0,0
59832,3,4,185,43398,119,0,7.521,37.82,0.4404,-1.0692,0.4085,0,0,0,0,0,0,0,0,0,0,0,0,0,0,0,0
59892,4,8,185,41334,119,0,7.400,40.10,0.7015,0.9203,2.4933,0,0,0,0,0,0,0,0,0,0,0,0,0,0,0,0
60014,2,0,186,46157,119,0,7.476,41.24,-1.1495,0.1416,-1.6903,0,0,0,0,0,0,0,0,0,0,0,0,0,0,0,0
60076,3,4,186,43642,119,0,7.521,38.96,0.4596,-1.0607,0.4208,0,0,0,0,0,0,0,0,0,0,0,0,0,0,0,0
60136,4,8,186,41578,119,0,7.400,40.10,0.6852,0.9323,2.5131,0,0,0,0,0,0,0,0,0,0,0,0,0,0,0,0
60258,2,0,187,46401,119,0,7.487,41.24,-1.1517,0.1225,-1.6788,0,0,0,0,0,0,0,0,0,0,0,0,0,0,0,0
60320,3,4,187,43887,119,0,7.521,38.96,0.4759,-1.0533,0.4294,0,0,0,0,0,0,0,0,0,0,0,0,0,0,0,0
60380,4,8,187,41822,119,0,7.400,40.10,0.6702,0.9430,2.5293,0,0,0,0,0,0,0,0,0,0,0,0,0,0,0,0
60502,2,0,188,46645,119,0,7.487,42.38,-1.1534,0.1055,-1.6655,0,0,0,0,0,0,0,0,0,0,0,0,0,0,0,0
60565,3,4,188,44130,119,0,7.521,38.96,0.4914,-1.0461,0.4383,0,0,0,0,0,0,0,0,0,0,0,0,0,0,0,0
60624,4,8,188,42066,119,0,7.400,40.10,0.6571,0.9520,2.5394,0,0,0,0,0,0,0,0,0,0,0,0,0,0,0,0
60747,2,0,189,46889,119,0,7.487,42.38,-1.1549,0.0891,-1.6585,0,0,0,0,0,0,0,0,0,0,0,0,0,0,0,0
60809,3,4,189,44375,119,0,7.521,38.96,0.5051,-1.0396,0.4548,0,0,0,0,0,0,0,0,0,0,0,0,0,0,0,0
60869,4,8,189,42310,119,0,7.400,40.10,0.6443,0.9607,2.5564,0,0,0,0,0,0,0,0,0,0,0,0,0,0,0,0
60991,2,0,190,47134,119,0,7.487,42.38,-1.1561,0.0746,-1.6489,0,0,0,0,0,0,0,0,0,0,0,0,0,0,0,0
61053,3,4,190,44619,119,0,7.521,38.96,0.5180,-1.0332,0.4677,0,0,0,0,0,0,0,0,0,0,0,0,0,0,0,0
61113,4,8,190,42554,119,0,7.400,40.10,0.6329,0.9681,2.5661,0,0,0,0,0,0,0,0,0,0,0,0,0,0,0,0
61235,2,0,191,47378,119,0,7.487,42.38,-1.1571,0.0610,-1.6359,0,0,0,0,0,0,0,0,0,0,0,0,0,0,0,0
61297,3,4,191,44863,119,0,7.521,38.96,0.5297,-1.0272,0.4784,0,0,0,0,0,0,0,0,0,0,0,0,0,0,0,0
61358,4,8,191,42799,119,0,7.400,40.10,0.6226,0.9747,2.5759,0,0,0,0,0,0,0,0,0,0,0,0,0,0,0,0
61479,2,0,192,47622,119,0,7.511,41.24,-1.1577,0.0497,-1.6198,0,0,0,0,0,0,0,0,0,0,0,0,0,0,0,0
61541,3,4,192,45107,119,0,7.521,38.96,0.5391,-1.0223,0.4844,0,0,0,0,0,0,0,0,0,0,0,0,0,0,0,0
61601,4,8,192,43043,119,0,7.400,40.10,0.6131,0.9807,2.5911,0,0,0,0,0,0,0,0,0,0,0,0,0,0,0,0
61723,2,0,193,47866,119,0,7.511,41.24,-1.1581,0.0403,-1.6063,0,0,0,0,0,0,0,0,0,0,0,0,0,0,0,0
61786,3,4,193,45351,119,0,7.541,38.96,0.5474,-1.0179,0.4935,0,0,0,0,0,0,0,0,0,0,0,0,0,0,0,0
61845,4,8,193,43287,119,0,7.400,40.10,0.6054,0.9854,2.6038,0,0,0,0,0,0,0,0,0,0,0,0,0,0,0,0
61968,2,0,194,48110,119,0,7.511,41.24,-1.1584,0.0319,-1.5933,0,0,0,0,0,0,0,0,0,0,0,0,0,0,0,0
62029,3,4,194,45596,119,0,7.541,40.10,0.5541,-1.0142,0.5088,0,0,0,0,0,0,0,0,0,0,0,0,0,0,0,0
62089,4,8,194,43531,119,0,7.400,41.24,0.5984,0.9894,2.6172,0,0,0,0,0,0,0,0,0,0,0,0,0,0,0,0
62211,2,0,195,48354,119,0,7.511,41.24,-1.1585,0.0249,-1.5826,0,0,0,0,0,0,0,0,0,0,0,0,0,0,0,0
62273,3,4,195,45839,119,0,7.541,40.10,0.5602,-1.0108,0.5236,0,0,0,0,0,0,0,0,0,0,0,0,0,0,0,0
62333,4,8,195,43775,119,0,7.400,41.24,0.5925,0.9928,2.6277,0,0,0,0,0,0,0,0,0,0,0,0,0,0,0,0
62455,2,0,196,48598,119,0,7.511,41.24,-1.1585,0.0183,-1.5726,0,0,0,0,0,0,0,0,0,0,0,0,0,0,0,0
62517,3,4,196,46083,119,0,7.541,40.10,0.5656,-1.0076,0.5373,0,0,0,0,0,0,0,0,0,0,0,0,0,0,0,0
62578,4,8,196,44019,119,0,7.400,41.24,0.5873,0.9958,2.6375,0,0,0,0,0,0,0,0,0,0,0,0,0,0,0,0
62700,2,0,197,48842,119,0,7.519,41.24,-1.1585,0.0134,-1.5689,0,0,0,0,0,0,0,0,0,0,0,0,0,0,0,0
62762,3,4,197,46328,119,0,7.541,40.10,0.5690,-1.0056,0.5527,0,0,0,0,0,0,0,0,0,0,0,0,0,0,0,0
62822,4,8,197,44263,119,0,7.400,41.24,0.5826,0.9983,2.6449,0,0,0,0,0,0,0,0,0,0,0,0,0,0,0,0
62944,2,0,198,49086,119,0,7.519,41.24,-1.1585,0.0096,-1.5651,0,0,0,0,0,0,0,0,0,0,0,0,0,0,0,0
63007,3,4,198,46572,119,0,7.541,38.96,0.5713,-1.0041,0.5626,0,0,0,0,0,0,0,0,0,0,0,0,0,0,0,0
63066,4,8,198,44508,119,0,7.400,40.10,0.5796,0.9999,2.6509,0,0,0,0,0,0,0,0,0,0,0,0,0,0,0,0
63189,2,0,199,49331,119,0,7.519,41.24,-1.1585,0.0068,-1.5575,0,0,0,0,0,0,0,0,0,0,0,0,0,0,0,0
63251,3,4,199,46817,119,0,7.541,38.96,0.5739,-1.0025,0.5651,0,0,0,0,0,0,0,0,0,0,0,0,0,0,0,0
63311,4,8,199,44752,119,0,7.400,40.10,0.5774,1.0011,2.6599,0,0,0,0,0,0,0,0,0,0,0,0,0,0,0,0
63432,2,0,200,49575,119,0,7.519,42.38,-1.1585,0.0051,-1.5556,0,0,0,0,0,0,0,0,0,0,0,0,0,0,0,0
63494,3,4,200,47060,119,0,7.541,38.96,0.5768,-1.0006,0.5665,0,0,0,0,0,0,0,0,0,0,0,0,0,0,0,0
63554,4,8,200,44996,119,0,7.400,40.10,0.5770,1.0013,2.6657,0,0,0,0,0,0,0,0,0,0,0,0,0,0,0,0
63676,2,0,201,49819,119,0,7.519,42.38,-1.1584,0.0038,-1.5541,0,0,0,0,0,0,0,0,0,0,0,0,0,0,0,0
63738,3,4,201,47304,119,0,7.541,38.96,0.5773,-1.0003,0.5701,0,0,0,0,0,0,0,0,0,0,0,0,0,0,0,0
63799,4,8,201,45240,119,0,7.400,40.10,0.5770,1.0013,2.6659,0,0,0,0,0,0,0,0,0,0,0,0,0,0,0,0
63921,2,0,202,50063,119,0,7.561,42.38,-1.1584,0.0035,-1.5527,0,0,0,0,0,0,0,0,0,0,0,0,0,0,0,0
63982,3,4,202,47548,119,0,7.541,38.96,0.5773,-1.0003,0.5701,0,0,0,0,0,0,0,0,0,0,0,0,0,0,0,0
64043,4,8,202,45484,119,0,7.400,40.10,0.5770,1.0013,2.6660,0,0,0,0,0,0,0,0,0,0,0,0,0,0,0,0
64164,2,0,203,50307,119,0,7.561,42.38,-1.1584,0.0035,-1.5528,0,0,0,0,0,0,0,0,0,0,0,0,0,0,0,0
64227,3,4,203,47792,119,0,7.601,38.96,0.5773,-1.0003,0.5699,0,0,0,0,0,0,0,0,0,0,0,0,0,0,0,0
64286,4,8,203,45728,119,0,7.400,40.10,0.5770,1.0013,2.6660,0,0,0,0,0,0,0,0,0,0,0,0,0,0,0,0
64409,2,0,204,50551,119,0,7.561,42.38,-1.1584,0.0037,-1.5489,0,0,0,0,0,0,0,0,0,0,0,0,0,0,0,0
64472,3,4,204,48037,119,0,7.601,38.96,0.5773,-1.0003,0.5698,0,0,0,0,0,0,0,0,0,0,0,0,0,0,0,0
64531,4,8,204,45972,119,0,7.400,40.10,0.5770,1.0013,2.6661,0,0,0,0,0,0,0,0,0,0,0,0,0,0,0,0
64654,2,0,205,50797,119,0,7.561,42.38,-1.1584,0.0037,-1.5484,0,0,0,0,0,0,0,0,0,0,0,0,0,0,0,0
64719,3,4,205,48282,119,0,7.601,38.96,0.5773,-1.0003,0.5697,0,0,0,0,0,0,0,0,0,0,0,0,0,0,0,0
64776,4,8,205,46218,119,0,7.400,40.10,0.5770,1.0013,2.6662,0,0,0,0,0,0,0,0,0,0,0,0,0,0,0,0
64901,2,0,206,51043,119,0,7.561,42.38,-1.1584,0.0037,-1.5484,0,0,0,0,0,0,0,0,0,0,0,0,0,0,0,0
64964,3,4,206,48528,119,0,7.601,40.10,0.5772,-1.0004,0.5690,0,0,0,0,0,0,0,0,0,0,0,0,0,0,0,0
65022,4,8,206,46464,119,0,7.400,40.10,0.5771,1.0012,2.6643,0,0,0,0,0,0,0,0,0,0,0,0,0,0,0,0
65147,2,0,207,51289,119,0,7.521,42.38,-1.1584,0.0030,-1.5516,0,0,0,0,0,0,0,0,0,0,0,0,0,0,0,0
65209,3,4,207,48775,119,0,7.601,40.10,0.5766,-1.0007,0.5596,0,0,0,0,0,0,0,0,0,0,0,0,0,0,0,0
65269,4,8,207,46710,119,0,7.400,40.10,0.5774,1.0011,2.6604,0,0,0,0,0,0,0,0,0,0,0,0,0,0,0,0
65391,2,0,208,51533,119,0,7.521,41.24,-1.1584,0.0028,-1.5531,0,0,0,0,0,0,0,0,0,0,0,0,0,0,0,0
65453,3,4,208,49018,119,0,7.541,40.10,0.5759,-1.0012,0.5449,0,0,0,0,0,0,0,0,0,0,0,0,0,0,0,0
65512,4,8,208,46954,119,0,7.400,40.10,0.5774,1.0011,2.6605,0,0,0,0,0,0,0,0,0,0,0,0,0,0,0,0
65635,2,0,209,51778,119,0,7.521,41.24,-1.1584,0.0028,-1.5536,0,0,0,0,0,0,0,0,0,0,0,0,0,0,0,0
65697,3,4,209,49263,119,0,7.541,40.10,0.5754,-1.0015,0.5217,0,0,0,0,0,0,0,0,0,0,0,0,0,0,0,0
65757,4,8,209,47199,119,0,7.400,40.10,0.5774,1.0011,2.6605,0,0,0,0,0,0,0,0,0,0,0,0,0,0,0,0
65879,2,0,210,52022,119,0,7.521,41.24,-1.1584,0.0026,-1.5568,0,0,0,0,0,0,0,0,0,0,0,0,0,0,0,0
65941,3,4,210,49507,119,0,7.541,38.96,0.5756,-1.0014,0.4244,0,0,0,0,0,0,0,0,0,0,0,0,0,0,0,0
66001,4,8,210,47442,119,0,7.400,40.10,0.5782,1.0006,2.5664,0,0,0,0,0,0,0,0,0,0,0,0,0,0,0,0
66123,2,0,211,52265,119,0,7.521,41.24,-1.1585,-0.0008,-1.6431,0,0,0,0,0,0,0,0,0,0,0,0,0,0,0,0
66184,3,4,211,49750,119,0,7.541,38.96,0.5771,-1.0009,0.2251,0,0,0,0,0,0,0,0,0,0,0,0,0,0,0,0
66244,4,8,211,47686,119,0,7.400,41.24,0.5777,1.0011,2.3477,0,0,0,0,0,0,0,0,0,0,0,0,0,0,0,0
66367,2,0,212,52509,119,0,7.439,42.38,-1.1589,-0.0030,-1.9021,0,0,0,0,0,0,0,0,0,0,0,0,0,0,0,0
66429,3,4,212,49995,119,0,7.541,38.96,0.5822,-1.0006,-0.0679,0,0,0,0,0,0,0,0,0,0,0,0,0,0,0,0
66489,4,8,212,47930,119,0,7.400,41.24,0.5747,1.0058,1.9952,0,0,0,0,0,0,0,0,0,0,0,0,0,0,0,0
66611,2,0,213,52753,119,0,7.439,42.38,-1.1621,-0.0081,-2.2870,0,0,0,0,0,0,0,0,0,0,0,0,0,0,0,0
66673,3,4,213,50238,119,0,7.482,38.96,0.5922,-1.0034,-0.4437,0,0,0,0,0,0,0,0,0,0,0,0,0,0,0,0
66733,4,8,213,48174,119,0,7.400,41.24,0.5724,1.0166,1.5880,0,0,0,0,0,0,0,0,0,0,0,0,0,0,0,0
66851,2,0,214,52993,119,0,7.439,42.38,-1.1735,-0.0164,-2.7084,0,0,0,0,0,0,0,0,0,0,0,0,0,0,0,0
66913,3,4,214,50478,119,0,7.482,38.96,0.6070,-1.0148,-0.8280,0,0,0,0,0,0,0,0,0,0,0,0,0,0,0,0
66973,4,8,214,48414,119,0,7.400,41.24,0.5772,1.0369,1.1622,0,0,0,0,0,0,0,0,0,0,0,0,0,0,0,0
67091,2,0,215,53233,119,0,7.439,42.38,-1.1956,-0.0216,-3.0756,0,0,0,0,0,0,0,0,0,0,0,0,0,0,0,0
67153,3,4,215,50718,119,0,7.482,38.96,0.6208,-1.0358,-1.1168,0,0,0,0,0,0,0,0,0,0,0,0,0,0,0,0
67213,4,8,215,48654,119,0,7.400,40.10,0.5905,1.0590,0.9255,0,0,0,0,0,0,0,0,0,0,0,0,0,0,0,0
67331,2,0,216,53473,119,0,7.439,42.38,-1.2198,-0.0196,2.9293,0,0,0,0,0,0,0,0,0,0,0,0,0,0,0,0
67393,3,4,216,50958,119,0,7.482,38.96,0.6304,-1.0602,-1.2537,0,0,0,0,0,0,0,0,0,0,0,0,0,0,0,0
67453,4,8,216,48894,119,0,7.400,40.10,0.6075,1.0788,0.8139,0,0,0,0,0,0,0,0,0,0,0,0,0,0,0,0
67571,2,0,217,53713,119,0,7.471,42.38,-1.2447,-0.0124,2.8134,0,0,0,0,0,0,0,0,0,0,0,0,0,0,0,0
67633,3,4,217,51199,119,0,7.482,38.96,0.6377,-1.0843,-1.2864,0,0,0,0,0,0,0,0,0,0,0,0,0,0,0,0
67693,4,8,217,49135,119,0,7.400,40.10,0.6249,1.0965,0.7884,0,0,0,0,0,0,0,0,0,0,0,0,0,0,0,0
67815,2,0,218,53958,119,0,7.471,42.38,-1.2683,-0.0042,2.8215,0,0,0,0,0,0,0,0,0,0,0,0,0,0,0,0
67878,3,4,218,51443,119,0,7.519,38.96,0.6445,-1.1073,-1.2743,0,0,0,0,0,0,0,0,0,0,0,0,0,0,0,0
67937,4,8,218,49379,119,0,7.400,40.10,0.6403,1.1125,0.8206,0,0,0,0,0,0,0,0,0,0,0,0,0,0,0,0
68059,2,0,219,54202,119,0,7.471,42.38,-1.2903,0.0022,2.8953,0,0,0,0,0,0,0,0,0,0,0,0,0,0,0,0
68121,3,4,219,51687,119,0,7.519,38.96,0.6512,-1.1278,-1.2311,0,0,0,0,0,0,0,0,0,0,0,0,0,0,0,0
68181,4,8,219,49622,119,0,7.400,38.96,0.6553,1.1298,0.9013,0,0,0,0,0,0,0,0,0,0,0,0,0,0,0,0
68303,2,0,220,54445,119,0,7.471,42.38,-1.3130,0.0065,3.0095,0,0,0,0,0,0,0,0,0,0,0,0,0,0,0,0
68365,3,4,220,51931,119,0,7.519,38.96,0.6596,-1.1493,-1.1496,0,0,0,0,0,0,0,0,0,0,0,0,0,0,0,0
68425,4,8,220,49866,119,0,7.400,38.96,0.6691,1.1488,0.9955,0,0,0,0,0,0,0,0,0,0,0,0,0,0,0,0
68543,2,0,221,54685,119,0,7.471,42.38,-1.3373,0.0084,3.1214,0,0,0,0,0,0,0,0,0,0,0,0,0,0,0,0
68605,3,4,221,52171,119,0,7.519,38.96,0.6707,-1.1712,-1.0543,0,0,0,0,0,0,0,0,0,0,0,0,0,0,0,0
68665,4,8,221,50106,119,0,7.400,38.96,0.6817,1.1703,1.0800,0,0,0,0,0,0,0,0,0,0,0,0,0,0,0,0
68783,2,0,222,54925,119,0,7.456,42.38,-1.3630,0.0079,-3.0893,0,0,0,0,0,0,0,0,0,0,0,0,0,0,0,0
68847,3,4,222,52413,119,0,7.519,38.96,0.6838,-1.1928,-1.0085,0,0,0,0,0,0,0,0,0,0,0,0,0,0,0,0
68906,4,8,222,50347,119,0,7.400,38.96,0.6931,1.1929,1.1263,0,0,0,0,0,0,0,0,0,0,0,0,0,0,0,0
69023,2,0,223,55165,119,0,7.456,42.38,-1.3896,0.0059,-3.0463,0,0,0,0,0,0,0,0,0,0,0,0,0,0,0,0
69085,3,4,223,52651,119,0,7.496,38.96,0.6980,-1.2147,-0.9809,0,0,0,0,0,0,0,0,0,0,0,0,0,0,0,0
69147,4,8,223,50589,119,0,7.400,40.10,0.7041,1.2165,1.1357,0,0,0,0,0,0,0,0,0,0,0,0,0,0,0,0
69263,2,0,224,55405,119,0,7.456,42.38,-1.4164,0.0032,-3.0458,0,0,0,0,0,0,0,0,0,0,0,0,0,0,0,0
69325,3,4,224,52891,119,0,7.496,38.96,0.7134,-1.2374,-0.9767,0,0,0,0,0,0,0,0,0,0,0,0,0,0,0,0
69387,4,8,224,50828,119,0,7.400,40.10,0.7157,1.2410,1.1215,0,0,0,0,0,0,0,0,0,0,0,0,0,0,0,0
69503,2,0,225,55645,119,0,7.456,42.38,-1.4428,0.0010,-3.0720,0,0,0,0,0,0,0,0,0,0,0,0,0,0,0,0
69565,3,4,225,53131,119,0,7.496,38.96,0.7279,-1.2594,-1.0014,0,0,0,0,0,0,0,0,0,0,0,0,0,0,0,0
69625,4,8,225,51066,119,0,7.400,40.10,0.7276,1.2646,1.0862,0,0,0,0,0,0,0,0,0,0,0,0,0,0,0,0
69747,2,0,226,55889,119,0,7.456,42.38,-1.4698,-0.0005,-3.1026,0,0,0,0,0,0,0,0,0,0,0,0,0,0,0,0
69805,3,4,226,53371,119,0,7.496,38.96,0.7416,-1.2814,-1.0273,0,0,0,0,0,0,0,0,0,0,0,0,0,0,0,0
69869,4,8,226,51310,119,0,7.400,40.10,0.7400,1.2869,1.0429,0,0,0,0,0,0,0,0,0,0,0,0,0,0,0,0
69991,2,0,227,56133,119,0,7.456,42.38,-1.4957,-0.0010,-3.1416,0,0,0,0,0,0,0,0,0,0,0,0,0,0,0,0
70051,3,4,227,53617,119,0,7.496,40.10,0.7549,-1.3040,-1.0459,0,0,0,0,0,0,0,0,0,0,0,0,0,0,0,0
70113,4,8,227,51555,119,0,7.400,40.10,0.7543,1.3105,1.0207,0,0,0,0,0,0,0,0,0,0,0,0,0,0,0,0
70231,2,0,228,56373,119,0,7.456,42.38,-1.5212,-0.0006,3.1177,0,0,0,0,0,0,0,0,0,0,0,0,0,0,0,0
70293,3,4,228,53858,119,0,7.497,40.10,0.7675,-1.3261,-1.0619,0,0,0,0,0,0,0,0,0,0,0,0,0,0,0,0
70353,4,8,228,51794,119,0,7.400,40.10,0.7669,1.3312,1.0279,0,0,0,0,0,0,0,0,0,0,0,0,0,0,0,0
70475,2,0,229,56618,119,0,7.456,42.38,-1.5464,0.0001,3.1130,0,0,0,0,0,0,0,0,0,0,0,0,0,0,0,0
70537,3,4,229,54103,119,0,7.497,40.10,0.7794,-1.3477,-1.0655,0,0,0,0,0,0,0,0,0,0,0,0,0,0,0,0
70597,4,8,229,52039,119,0,7.400,40.10,0.7790,1.3515,1.0351,0,0,0,0,0,0,0,0,0,0,0,0,0,0,0,0
70719,2,0,230,56862,119,0,7.456,42.38,-1.5703,0.0008,3.1148,0,0,0,0,0,0,0,0,0,0,0,0,0,0,0,0
70781,3,4,230,54347,119,0,7.497,40.10,0.7907,-1.3679,-1.0564,0,0,0,0,0,0,0,0,0,0,0,0,0,0,0,0
70841,4,8,230,52282,119,0,7.400,40.10,0.7916,1.3727,1.0381,0,0,0,0,0,0,0,0,0,0,0,0,0,0,0,0
70963,2,0,231,57105,119,0,7.456,42.38,-1.5930,0.0014,3.1164,0,0,0,0,0,0,0,0,0,0,0,0,0,0,0,0
71025,3,4,231,54590,119,0,7.497,40.10,0.8020,-1.3878,-1.0513,0,0,0,0,0,0,0,0,0,0,0,0,0,0,0,0
71086,4,8,231,52526,119,0,7.400,41.24,0.8030,1.3921,1.0435,0,0,0,0,0,0,0,0,0,0,0,0,0,0,0,0
71207,2,0,232,57349,119,0,7.477,42.38,-1.6146,0.0019,3.1155,0,0,0,0,0,0,0,0,0,0,0,0,0,0,0,0
71265,3,4,232,54830,119,0,7.497,40.10,0.8120,-1.4052,-1.0534,0,0,0,0,0,0,0,0,0,0,0,0,0,0,0,0
71329,4,8,232,52770,119,0,7.400,41.24,0.8135,1.4102,1.0417,0,0,0,0,0,0,0,0,0,0,0,0,0,0,0,0
71447,2,0,233,57589,119,0,7.477,42.38,-1.6336,0.0024,3.1204,0,0,0,0,0,0,0,0,0,0,0,0,0,0,0,0
71509,3,4,233,55074,119,0,7.519,40.10,0.8211,-1.4215,-1.0573,0,0,0,0,0,0,0,0,0,0,0,0,0,0,0,0
71569,4,8,233,53010,119,0,7.400,41.24,0.8223,1.4253,1.0391,0,0,0,0,0,0,0,0,0,0,0,0,0,0,0,0
71687,2,0,234,57829,119,0,7.477,42.38,-1.6513,0.0028,3.1215,0,0,0,0,0,0,0,0,0,0,0,0,0,0,0,0
71748,3,4,235,55314,119,0,7.519,40.10,0.8297,-1.4366,-1.0546,0,0,0,0,0,0,0,0,0,0,0,0,0,0,0,0
71810,4,8,235,53252,119,0,7.400,41.24,0.8314,1.4407,1.0383,0,0,0,0,0,0,0,0,0,0,0,0,0,0,0,0
71932,2,0,236,58075,119,0,7.477,42.38,-1.6676,0.0031,3.1237,0,0,0,0,0,0,0,0,0,0,0,0,0,0,0,0
71994,3,4,236,55560,119,0,7.519,41.24,0.8379,-1.4510,-1.0483,0,0,0,0,0,0,0,0,0,0,0,0,0,0,0,0
72054,4,8,236,53496,119,0,7.400,40.10,0.8392,1.4539,1.0411,0,0,0,0,0,0,0,0,0,0,0,0,0,0,0,0
72176,2,0,237,58319,119,0,7.477,42.38,-1.6822,0.0033,3.1306,0,0,0,0,0,0,0,0,0,0,0,0,0,0,0,0
72238,3,4,237,55804,119,0,7.519,41.24,0.8446,-1.4627,-1.0457,0,0,0,0,0,0,0,0,0,0,0,0,0,0,0,0
72298,4,8,237,53739,119,0,7.400,40.10,0.8455,1.4648,1.0505,0,0,0,0,0,0,0,0,0,0,0,0,0,0,0,0
72420,2,0,238,58562,119,0,7.494,42.38,-1.6939,0.0034,3.1388,0,0,0,0,0,0,0,0,0,0,0,0,0,0,0,0
72482,3,4,238,56048,119,0,7.519,41.24,0.8502,-1.4722,-1.0434,0,0,0,0,0,0,0,0,0,0,0,0,0,0,0,0
72543,4,8,238,53984,119,0,7.400,40.10,0.8510,1.4744,1.0566,0,0,0,0,0,0,0,0,0,0,0,0,0,0,0,0
72665,2,0,239,58807,119,0,7.494,42.38,-1.7037,0.0034,-3.1398,0,0,0,0,0,0,0,0,0,0,0,0,0,0,0,0
72727,3,4,239,56292,119,0,7.536,41.24,0.8549,-1.4803,-1.0423,0,0,0,0,0,0,0,0,0,0,0,0,0,0,0,0
72787,4,8,239,54228,119,0,7.400,40.10,0.8556,1.4825,1.0573,0,0,0,0,0,0,0,0,0,0,0,0,0,0,0,0
72909,2,0,240,59051,119,0,7.494,42.38,-1.7122,0.0033,-3.1372,0,0,0,0,0,0,0,0,0,0,0,0,0,0,0,0
72971,3,4,240,56537,119,0,7.536,40.10,0.8586,-1.4866,-1.0405,0,0,0,0,0,0,0,0,0,0,0,0,0,0,0,0
73031,4,8,240,54472,119,0,7.400,40.10,0.8594,1.4893,1.0559,0,0,0,0,0,0,0,0,0,0,0,0,0,0,0,0
73153,2,0,241,59295,119,0,7.494,42.38,-1.7186,0.0033,-3.1339,0,0,0,0,0,0,0,0,0,0,0,0,0,0,0,0
73215,3,4,241,56780,119,0,7.536,40.10,0.8618,-1.4921,-1.0410,0,0,0,0,0,0,0,0,0,0,0,0,0,0,0,0
73275,4,8,241,54716,119,0,7.400,40.10,0.8622,1.4942,1.0574,0,0,0,0,0,0,0,0,0,0,0,0,0,0,0,0
73397,2,0,242,59539,119,0,7.494,43.52,-1.7232,0.0033,-3.1305,0,0,0,0,0,0,0,0,0,0,0,0,0,0,0,0
73459,3,4,242,57024,119,0,7.536,40.10,0.8638,-1.4955,-1.0354,0,0,0,0,0,0,0,0,0,0,0,0,0,0,0,0
73519,4,8,242,54960,119,0,7.400,40.10,0.8642,1.4978,1.0605,0,0,0,0,0,0,0,0,0,0,0,0,0,0,0,0
73641,2,0,243,59783,119,0,7.507,43.52,-1.7258,0.0032,-3.1273,0,0,0,0,0,0,0,0,0,0,0,0,0,0,0,0
73704,3,4,243,57269,119,0,7.536,40.10,0.8653,-1.4981,-1.0332,0,0,0,0,0,0,0,0,0,0,0,0,0,0,0,0
73763,4,8,243,55204,119,0,7.400,40.10,0.8655,1.5001,1.0613,0,0,0,0,0,0,0,0,0,0,0,0,0,0,0,0
73885,2,0,244,60027,119,0,7.507,43.52,-1.7273,0.0032,-3.1271,0,0,0,0,0,0,0,0,0,0,0,0,0,0,0,0
73947,3,4,244,57512,119,0,7.546,41.24,0.8660,-1.4992,-1.0286,0,0,0,0,0,0,0,0,0,0,0,0,0,0,0,0
74009,4,8,244,55448,119,0,7.400,40.10,0.8662,1.5014,1.0593,0,0,0,0,0,0,0,0,0,0,0,0,0,0,0,0
74129,2,0,245,60272,119,0,7.507,43.52,-1.7279,0.0032,-3.1279,0,0,0,0,0,0,0,0,0,0,0,0,0,0,0,0
74191,3,4,245,57757,119,0,7.546,41.24,0.8660,-1.4992,-1.0288,0,0,0,0,0,0,0,0,0,0,0,0,0,0,0,0
74251,4,8,245,55692,119,0,7.400,40.10,0.8661,1.5012,1.0551,0,0,0,0,0,0,0,0,0,0,0,0,0,0,0,0
74373,2,0,246,60515,119,0,7.507,43.52,-1.7279,0.0032,-3.1279,0,0,0,0,0,0,0,0,0,0,0,0,0,0,0,0
74435,3,4,246,58001,119,0,7.546,41.24,0.8660,-1.4992,-1.0290,0,0,0,0,0,0,0,0,0,0,0,0,0,0,0,0
74495,4,8,246,55936,119,0,7.400,40.10,0.8661,1.5012,1.0551,0,0,0,0,0,0,0,0,0,0,0,0,0,0,0,0
74617,2,0,247,60759,119,0,7.507,43.52,-1.7279,0.0032,-3.1280,0,0,0,0,0,0,0,0,0,0,0,0,0,0,0,0
74679,3,4,247,58244,119,0,7.546,41.24,0.8660,-1.4992,-1.0291,0,0,0,0,0,0,0,0,0,0,0,0,0,0,0,0
74739,4,8,247,56180,119,0,7.400,40.10,0.8661,1.5012,1.0552,0,0,0,0,0,0,0,0,0,0,0,0,0,0,0,0
74861,2,0,248,61003,119,0,7.607,43.52,-1.7279,0.0032,-3.1280,0,0,0,0,0,0,0,0,0,0,0,0,0,0,0,0
74924,3,4,248,58489,119,0,7.546,41.24,0.8660,-1.4992,-1.0292,0,0,0,0,0,0,0,0,0,0,0,0,0,0,0,0
74983,4,8,248,56424,119,0,7.400,40.10,0.8661,1.5012,1.0553,0,0,0,0,0,0,0,0,0,0,0,0,0,0,0,0
75106,2,0,249,61248,119,0,7.607,43.52,-1.7279,0.0032,-3.1281,0,0,0,0,0,0,0,0,0,0,0,0,0,0,0,0
75168,3,4,249,58733,119,0,7.650,41.24,0.8660,-1.4992,-1.0293,0,0,0,0,0,0,0,0,0,0,0,0,0,0,0,0
75228,4,8,249,56669,119,0,7.400,41.24,0.8661,1.5012,1.0553,0,0,0,0,0,0,0,0,0,0,0,0,0,0,0,0
75350,2,0,250,61492,119,0,7.607,43.52,-1.7279,0.0032,-3.1282,0,0,0,0,0,0,0,0,0,0,0,0,0,0,0,0
75412,3,4,250,58977,119,0,7.650,41.24,0.8660,-1.4992,-1.0294,0,0,0,0,0,0,0,0,0,0,0,0,0,0,0,0
75472,4,8,250,56913,119,0,7.400,41.24,0.8661,1.5012,1.0554,0,0,0,0,0,0,0,0,0,0,0,0,0,0,0,0
75594,2,0,251,61736,119,0,7.607,43.52,-1.7279,0.0032,-3.1282,0,0,0,0,0,0,0,0,0,0,0,0,0,0,0,0
75656,3,4,251,59221,119,0,7.650,41.24,0.8660,-1.4992,-1.0296,0,0,0,0,0,0,0,0,0,0,0,0,0,0,0,0
75717,4,8,251,57157,119,0,7.400,41.24,0.8661,1.5012,1.0554,0,0,0,0,0,0,0,0,0,0,0,0,0,0,0,0
75837,2,0,252,61980,119,0,7.607,43.52,-1.7279,0.0032,-3.1283,0,0,0,0,0,0,0,0,0,0,0,0,0,0,0,0
75899,3,4,252,59465,119,0,7.650,40.10,0.8660,-1.4992,-1.0297,0,0,0,0,0,0,0,0,0,0,0,0,0,0,0,0
75959,4,8,252,57401,119,0,7.400,41.24,0.8661,1.5012,1.0554,0,0,0,0,0,0,0,0,0,0,0,0,0,0,0,0
76082,2,0,253,62224,119,0,7.606,43.52,-1.7279,0.0032,-3.1285,0,0,0,0,0,0,0,0,0,0,0,0,0,0,0,0
76144,3,4,253,59709,119,0,7.650,40.10,0.8660,-1.4992,-1.0299,0,0,0,0,0,0,0,0,0,0,0,0,0,0,0,0
76204,4,8,253,57645,119,0,7.400,40.10,0.8661,1.5012,1.0555,0,0,0,0,0,0,0,0,0,0,0,0,0,0,0,0
76326,2,0,254,62468,119,0,7.606,43.52,-1.7279,0.0032,-3.1285,0,0,0,0,0,0,0,0,0,0,0,0,0,0,0,0
76388,3,4,254,59953,119,0,7.646,40.10,0.8660,-1.4992,-1.0300,0,0,0,0,0,0,0,0,0,0,0,0,0,0,0,0
76448,4,8,254,57889,119,0,7.400,40.10,0.8660,1.5012,1.0556,0,0,0,0,0,0,0,0,0,0,0,0,0,0,0,0
76570,2,0,255,62712,119,0,7.606,43.52,-1.7279,0.0032,-3.1286,0,0,0,0,0,0,0,0,0,0,0,0,0,0,0,0
76632,3,4,255,60197,119,0,7.646,40.10,0.8660,-1.4992,-1.0301,0,0,0,0,0,0,0,0,0,0,0,0,0,0,0,0
76693,4,8,255,58133,119,0,7.400,40.10,0.8661,1.5012,1.0556,0,0,0,0,0,0,0,0,0,0,0,0,0,0,0,0
76814,2,0,256,62956,119,0,7.606,43.52,-1.7279,0.0032,-3.1287,0,0,0,0,0,0,0,0,0,0,0,0,0,0,0,0
76876,3,4,256,60441,119,0,7.646,40.10,0.8660,-1.4992,-1.0302,0,0,0,0,0,0,0,0,0,0,0,0,0,0,0,0
76936,4,8,256,58377,119,0,7.400,40.10,0.8661,1.5012,1.0556,0,0,0,0,0,0,0,0,0,0,0,0,0,0,0,0
77058,2,0,257,63200,119,0,7.606,43.52,-1.7279,0.0032,-3.1288,0,0,0,0,0,0,0,0,0,0,0,0,0,0,0,0
77120,3,4,257,60685,119,0,7.646,40.10,0.8660,-1.4992,-1.0303,0,0,0,0,0,0,0,0,0,0,0,0,0,0,0,0
77185,4,8,257,58621,119,0,7.400,41.24,0.8661,1.5012,1.0557,0,0,0,0,0,0,0,0,0,0,0,0,0,0,0,0
77302,2,0,258,63444,119,0,7.605,43.52,-1.7279,0.0032,-3.1289,0,0,0,0,0,0,0,0,0,0,0,0,0,0,0,0
77364,3,4,258,60929,119,0,7.646,40.10,0.8660,-1.4992,-1.0305,0,0,0,0,0,0,0,0,0,0,0,0,0,0,0,0
77424,4,8,258,58865,119,0,7.400,41.24,0.8661,1.5012,1.0557,0,0,0,0,0,0,0,0,0,0,0,0,0,0,0,0
77546,2,0,259,63688,119,0,7.605,44.66,-1.7279,0.0032,-3.1290,0,0,0,0,0,0,0,0,0,0,0,0,0,0,0,0
77608,3,4,259,61173,119,0,7.650,40.10,0.8660,-1.4992,-1.0306,0,0,0,0,0,0,0,0,0,0,0,0,0,0,0,0
77668,4,8,259,59109,119,0,7.400,41.24,0.8661,1.5012,1.0558,0,0,0,0,0,0,0,0,0,0,0,0,0,0,0,0
77790,2,0,260,63932,119,0,7.605,44.66,-1.7279,0.0032,-3.1290,0,0,0,0,0,0,0,0,0,0,0,0,0,0,0,0
77852,3,4,260,61417,119,0,7.650,40.10,0.8660,-1.4992,-1.0307,0,0,0,0,0,0,0,0,0,0,0,0,0,0,0,0
77912,4,8,260,59353,119,0,7.400,41.24,0.8661,1.5012,1.0558,0,0,0,0,0,0,0,0,0,0,0,0,0,0,0,0
78034,2,0,261,64176,119,0,7.605,44.66,-1.7279,0.0032,-3.1291,0,0,0,0,0,0,0,0,0,0,0,0,0,0,0,0
78096,3,4,261,61661,119,0,7.650,41.24,0.8660,-1.4992,-1.0308,0,0,0,0,0,0,0,0,0,0,0,0,0,0,0,0
78156,4,8,261,59597,119,0,7.400,41.24,0.8661,1.5012,1.0558,0,0,0,0,0,0,0,0,0,0,0,0,0,0,0,0
78278,2,0,262,64420,119,0,7.605,44.66,-1.7279,0.0032,-3.1292,0,0,0,0,0,0,0,0,0,0,0,0,0,0,0,0
78340,3,4,262,61905,119,0,7.650,41.24,0.8660,-1.4992,-1.0311,0,0,0,0,0,0,0,0,0,0,0,0,0,0,0,0
78400,4,8,262,59841,119,0,7.400,41.24,0.8661,1.5012,1.0559,0,0,0,0,0,0,0,0,0,0,0,0,0,0,0,0
78522,2,0,263,64664,119,0,7.606,43.52,-1.7279,0.0032,-3.1292,0,0,0,0,0,0,0,0,0,0,0,0,0,0,0,0
78584,3,4,263,62149,119,0,7.650,41.24,0.8660,-1.4992,-1.0312,0,0,0,0,0,0,0,0,0,0,0,0,0,0,0,0
78644,4,8,263,60085,119,0,7.400,41.24,0.8661,1.5012,1.0559,0,0,0,0,0,0,0,0,0,0,0,0,0,0,0,0
78766,2,0,264,64908,119,0,7.606,43.52,-1.7279,0.0032,-3.1294,0,0,0,0,0,0,0,0,0,0,0,0,0,0,0,0
78828,3,4,264,62393,119,0,7.648,41.24,0.8660,-1.4992,-1.0313,0,0,0,0,0,0,0,0,0,0,0,0,0,0,0,0
78888,4,8,264,60329,119,0,7.400,41.24,0.8660,1.5012,1.0559,0,0,0,0,0,0,0,0,0,0,0,0,0,0,0,0
79010,2,0,265,65152,119,0,7.606,43.52,-1.7279,0.0032,-3.1295,0,0,0,0,0,0,0,0,0,0,0,0,0,0,0,0
79072,3,4,265,62637,119,0,7.648,41.24,0.8660,-1.4992,-1.0314,0,0,0,0,0,0,0,0,0,0,0,0,0,0,0,0
79132,4,8,265,60573,119,0,7.400,41.24,0.8661,1.5012,1.0560,0,0,0,0,0,0,0,0,0,0,0,0,0,0,0,0
79254,2,0,266,65396,119,0,7.606,43.52,-1.7279,0.0032,-3.1296,0,0,0,0,0,0,0,0,0,0,0,0,0,0,0,0
79316,3,4,266,62881,119,0,7.648,41.24,0.8660,-1.4992,-1.0315,0,0,0,0,0,0,0,0,0,0,0,0,0,0,0,0
79376,4,8,266,60817,119,0,7.400,41.24,0.8660,1.5012,1.0561,0,0,0,0,0,0,0,0,0,0,0,0,0,0,0,0
79498,2,0,267,65640,119,0,7.606,43.52,-1.7279,0.0032,-3.1297,0,0,0,0,0,0,0,0,0,0,0,0,0,0,0,0
79560,3,4,267,63125,119,0,7.648,41.24,0.8660,-1.4992,-1.0316,0,0,0,0,0,0,0,0,0,0,0,0,0,0,0,0
79620,4,8,267,61061,119,0,7.400,41.24,0.8661,1.5012,1.0562,0,0,0,0,0,0,0,0,0,0,0,0,0,0,0,0
79742,2,0,268,65884,119,0,7.606,43.52,-1.7279,0.0032,-3.1298,0,0,0,0,0,0,0,0,0,0,0,0,0,0,0,0
79804,3,4,268,63369,119,0,7.648,41.24,0.8660,-1.4992,-1.0318,0,0,0,0,0,0,0,0,0,0,0,0,0,0,0,0
79864,4,8,268,61305,119,0,7.400,41.24,0.8661,1.5012,1.0563,0,0,0,0,0,0,0,0,0,0,0,0,0,0,0,0
79986,2,0,269,66128,119,0,7.606,43.52,-1.7279,0.0032,-3.1299,0,0,0,0,0,0,0,0,0,0,0,0,0,0,0,0
80048,3,4,269,63613,119,0,7.650,41.24,0.8660,-1.4992,-1.0319,0,0,0,0,0,0,0,0,0,0,0,0,0,0,0,0
80109,4,8,269,61549,119,0,7.400,41.24,0.8661,1.5012,1.0563,0,0,0,0,0,0,0,0,0,0,0,0,0,0,0,0
80230,2,0,270,66372,119,0,7.606,43.52,-1.7279,0.0032,-3.1299,0,0,0,0,0,0,0,0,0,0,0,0,0,0,0,0
80292,3,4,270,63857,119,0,7.650,41.24,0.8660,-1.4992,-1.0320,0,0,0,0,0,0,0,0,0,0,0,0,0,0,0,0
80352,4,8,270,61793,119,0,7.400,41.24,0.8661,1.5012,1.0564,0,0,0,0,0,0,0,0,0,0,0,0,0,0,0,0
