t_ms,x,y,heading,v_cmd,omega_cmd,rpm_l,rpm_r,gyro_z,vbat,current_a,uwb_raw,uwb_clean,uwb_rssi,uwb_fp_power,uwb_std_noise,uwb_peer_id,uwb_lde_err,uwb_temp
11085,-0.9999982118606567,-1.0,-0.0013684863224625587,4.106671258341521e-05,-0.0008905152208171785,-2.5486331695861833e-27,-0.01733514294028282,0.002128450432792306,7.71875,0.0010000000474974513,4.517864227294922,-20.025836944580078,-70.8506851196289,-81.28266906738281,76,2,0,25.0
11285,-0.9999986886978149,-1.0,-0.0014370862627401948,0.0005520394770428538,-0.011060652323067188,-2.033611621611826e-30,-1.3832098375132773e-05,0.003192675532773137,7.71875,0.0012499999720603228,4.5338006019592285,-20.009899139404297,-71.65193939208984,-83.52621459960938,80,2,0,25.0
11485,-0.9999814629554749,-1.0,-0.0016324740136042237,0.0017171651124954224,-0.0349578782916069,0.10551270097494125,-1.1036942026976249e-08,0.003192675532773137,7.68874979019165,0.07674999535083771,4.484787464141846,-20.058914184570312,-70.50203704833984,-80.61109161376953,76,2,0,25.0
11685,-0.9990811944007874,-1.0000081062316895,-0.015629814937710762,0.001998952589929104,-0.07454289495944977,4.993743896484375,0.3098183870315552,-0.1042940616607666,7.691249847412109,0.07325000315904617,4.511836528778076,-20.031864166259766,-70.44204711914062,-80.03520965576172,76,2,0,25.0
11885,-0.9984803199768066,-1.0000203847885132,-0.03850555792450905,0.003982088528573513,-0.13125433027744293,2.9191064834594727,-4.008265018463135,-0.10961519181728363,7.668749809265137,0.14900000393390656,4.532380104064941,-20.011320114135742,-70.15962982177734,-81.8475570678711,80,2,0,25.0
12085,-0.9983834624290466,-1.0000275373458862,-0.06999450922012329,0.008338463492691517,-0.2037213295698166,4.446073532104492,-2.847031354904175,-0.2096523642539978,7.667500019073486,0.14800000190734863,4.532341957092285,-20.0113582611084,-70.56781005859375,-81.20100402832031,76,2,0,25.0
12285,-0.9968931078910828,-1.0001695156097412,-0.11174340546131134,0.011586318723857403,-0.28959140181541443,9.620382308959961,-1.5585979223251343,-0.27137741446495056,7.663749694824219,0.15625,4.534909725189209,-20.0087890625,-72.08125305175781,-83.43516540527344,76,2,0,25.0
12485,-0.9940570592880249,-1.000571370124817,-0.17032349109649658,0.014277912676334381,-0.3844175934791565,12.837143898010254,-2.3340442180633545,-0.35545119643211365,7.663749694824219,0.16375000774860382,4.542503356933594,-20.001197814941406,-71.8523941040039,-81.19927978515625,72,2,0,25.0
12685,-0.990955650806427,-1.0012298822402954,-0.24894575774669647,0.019091032445430756,-0.4781424105167389,16.103370666503906,-4.973537445068359,-0.48209401965141296,7.659999847412109,0.16449999809265137,4.580824851989746,-19.962875366210938,-72.08496856689453,-80.16437530517578,76,2,0,25.0
12885,-0.9875238537788391,-1.002306580543518,-0.348889023065567,0.026295283809304237,-0.5526290535926819,20.808801651000977,-5.741324424743652,-0.5565897822380066,7.66124963760376,0.1602500081062317,4.617149353027344,-19.926551818847656,-74.45480346679688,-82.20057678222656,80,2,0,25.0
13085,-0.9828235507011414,-1.004357099533081,-0.46228334307670593,0.03373732417821884,-0.5922146439552307,24.834074020385742,-2.9478044509887695,-0.6406635642051697,7.659999847412109,0.16324999928474426,4.603558540344238,-19.940141677856445,-75.4882583618164,-82.40614318847656,72,2,0,25.0
13285,-0.9768277406692505,-1.00786292552948,-0.5839142799377441,0.04063132777810097,-0.5832043886184692,27.35061264038086,-0.11675036698579788,-0.4842224419116974,7.682499885559082,0.1300000101327896,4.557641506195068,-19.98605728149414,-74.48639678955078,-82.52687072753906,72,2,0,25.0
13485,-0.9692780375480652,-1.013548493385315,-0.6888563632965088,0.04457269608974457,-0.5372194051742554,30.1882266998291,7.016799449920654,-0.5661678314208984,7.65749979019165,0.16574999690055847,4.554901123046875,-19.988800048828125,-72.9644546508789,-82.97718811035156,76,2,0,25.0
13685,-0.9610958695411682,-1.0209426879882812,-0.773785412311554,0.047089941799640656,-0.4645327031612396,11.33065414428711,14.165847778320312,-0.451231449842453,7.639999866485596,0.2252500057220459,4.591628074645996,-19.952072143554688,-71.91920471191406,-80.84363555908203,76,2,0,25.0
13885,-0.9536043405532837,-1.029326319694519,-0.8830598592758179,0.05152994766831398,-0.3058086037635803,41.72378921508789,16.91878890991211,-0.5895807147026062,7.667500019073486,0.15524999797344208,4.6765971183776855,-19.867103576660156,-74.38212585449219,-80.841552734375,72,2,0,25.0
14085,-0.944937527179718,-1.0407263040542603,-0.9524713754653931,0.05058855190873146,-0.13026760518550873,32.64120101928711,19.394384384155273,-0.3511943221092224,7.664999961853027,0.16449999809265137,4.378146648406982,-20.16555404663086,-81.17920684814453,-95.60030364990234,56,2,0,25.0
14285,-0.9375103116035461,-1.051486849784851,-0.9762617349624634,0.05357500910758972,0.041253942996263504,25.155900955200195,21.904815673828125,-0.1564411073923111,7.662499904632568,0.1692499965429306,4.471937656402588,-20.071762084960938,-78.78398895263672,-88.56736755371094,60,2,0,25.0
14485,-0.9303327798843384,-1.0621166229248047,-0.9739443063735962,0.05934059992432594,0.21121734380722046,20.391918182373047,23.641529083251953,0.009578026831150055,7.65625,0.17624999582767487,4.42092227935791,-20.122777938842773,-75.16633605957031,-83.44017791748047,72,2,0,25.0
14685,-0.9225532412528992,-1.073099136352539,-0.9358873963356018,0.0669301375746727,0.34261196851730347,17.99956703186035,29.443082809448242,0.2947903573513031,7.652499675750732,0.18200001120567322,4.455281734466553,-20.088417053222656,-75.2637939453125,-86.18055725097656,72,2,0,25.0
14885,-0.9132842421531677,-1.0850353240966797,-0.885200023651123,0.07447633892297745,0.440740168094635,21.101173400878906,34.548980712890625,0.26818475127220154,7.652499675750732,0.18524999916553497,4.450833320617676,-20.092866897583008,-75.71261596679688,-88.29373931884766,64,2,0,25.0
15085,-0.9025554656982422,-1.0973166227340698,-0.8239971995353699,0.08294285833835602,0.4913378953933716,24.028413772583008,36.63682556152344,0.25647827982902527,7.646249771118164,0.2029999941587448,4.455030918121338,-20.088668823242188,-84.12457275390625,-91.6072769165039,52,2,0,25.0
15285,-0.8898550868034363,-1.1097640991210938,-0.7341048121452332,0.09206308424472809,0.43730777502059937,24.281063079833984,42.794715881347656,0.5800027251243591,7.646249771118164,0.21199998259544373,4.455030918121338,-20.088668823242188,-84.12457275390625,-91.6072769165039,52,2,0,25.0
15485,-0.8744905591011047,-1.1224137544631958,-0.652444064617157,0.09923882782459259,0.3261306881904602,30.2027645111084,45.220375061035156,0.172404482960701,7.693749904632568,0.20999999344348907,4.455030918121338,-20.088668823242188,-84.12457275390625,-91.6072769165039,52,2,0,25.0
15685,-0.8566921949386597,-1.1349176168441772,-0.5840528607368469,0.10461076349020004,0.17677269876003265,37.615543365478516,47.56838607788086,0.2096523642539978,7.696249961853027,0.20874999463558197,4.455030918121338,-20.088668823242188,-84.12457275390625,-91.6072769165039,52,2,0,25.0
15885,-0.8378254771232605,-1.146659255027771,-0.538153350353241,0.11086101084947586,0.02872111275792122,41.35984420776367,43.08565139770508,-0.12025744467973709,7.691249847412109,0.2057500034570694,4.455030918121338,-20.088668823242188,-84.12457275390625,-91.6072769165039,52,2,0,25.0
16085,-0.8193618655204773,-1.1576377153396606,-0.5513129830360413,0.12079738825559616,0.006728642154484987,52.595890045166016,43.07140350341797,-0.16282644867897034,7.69249963760376,0.21275000274181366,4.455030918121338,-20.088668823242188,-84.12457275390625,-91.6072769165039,52,2,0,25.0
16285,-0.7959306240081787,-1.1726078987121582,-0.5797176361083984,0.1204836517572403,0.07542730122804642,51.899024963378906,46.76608657836914,-0.10855096578598022,7.691249847412109,0.2147499918937683,4.455030918121338,-20.088668823242188,-84.12457275390625,-91.6072769165039,52,2,0,25.0
16485,-0.7738879323005676,-1.187184453010559,-0.5862129330635071,0.12525665760040283,0.13266240060329437,46.86150360107422,46.00699996948242,0.07023885846138,7.683749675750732,0.24050000309944153,4.455030918121338,-20.088668823242188,-84.12457275390625,-91.6072769165039,52,2,0,25.0
16685,-0.751606822013855,-1.2016383409500122,-0.5693851709365845,0.13214829564094543,0.147125706076622,49.020721435546875,49.079715728759766,0.004256900865584612,7.633749961853027,0.25,4.455030918121338,-20.088668823242188,-84.12457275390625,-91.6072769165039,52,2,0,25.0
16885,-0.7275400161743164,-1.2165942192077637,-0.5435331463813782,0.13775135576725006,0.13972316682338715,50.460968017578125,53.944183349609375,0.03299098089337349,7.634999752044678,0.242249995470047,4.455030918121338,-20.088668823242188,-84.12457275390625,-91.6072769165039,52,2,0,25.0
17085,-0.7023647427558899,-1.2314558029174805,-0.5231984257698059,0.14363683760166168,0.14654763042926788,53.550445556640625,56.75167465209961,0.12770701944828033,7.633749961853027,0.24050000309944153,4.455030918121338,-20.088668823242188,-84.12457275390625,-91.6072769165039,52,2,0,25.0
17285,-0.6789417862892151,-1.2447738647460938,-0.5194039940834045,0.1559852510690689,0.21145182847976685,58.080284118652344,56.99441909790039,-0.38844218850135803,7.632499694824219,0.24450001120567322,4.455030918121338,-20.088668823242188,-84.12457275390625,-91.6072769165039,52,2,0,25.0
17485,-0.6495591402053833,-1.2619558572769165,-0.5266136527061462,0.15582653880119324,0.36042675375938416,60.182350158691406,61.9077033996582,0.10642251372337341,7.623749732971191,0.26524999737739563,4.455030918121338,-20.088668823242188,-84.12457275390625,-91.6072769165039,52,2,0,25.0
17685,-0.6203214526176453,-1.2781946659088135,-0.4843277633190155,0.159519225358963,0.3602953255176544,49.97138214111328,64.47965240478516,0.47570863366127014,7.611249923706055,0.289000004529953,4.455030918121338,-20.088668823242188,-84.12457275390625,-91.6072769165039,52,2,0,25.0
17885,-0.5893222689628601,-1.293182134628296,-0.423179566860199,0.1633138209581375,0.2546665668487549,55.70624542236328,69.28509521484375,0.3714146018028259,7.671249866485596,0.27149999141693115,4.455030918121338,-20.088668823242188,-84.12457275390625,-91.6072769165039,52,2,0,25.0
18085,-0.5569717884063721,-1.3067108392715454,-0.3749929666519165,0.16714204847812653,0.14758332073688507,58.02513885498047,63.287353515625,0.24902869760990143,7.668749809265137,0.29374998807907104,4.455030918121338,-20.088668823242188,-84.12457275390625,-91.6072769165039,52,2,0,25.0
18285,-0.525469183921814,-1.3187263011932373,-0.35633909702301025,0.1748674213886261,0.12907041609287262,21.334632873535156,64.67330932617188,0.06278928369283676,7.533750057220459,0.5502499938011169,4.455030918121338,-20.088668823242188,-84.12457275390625,-91.6072769165039,52,2,0,25.0
18485,-0.4919554889202118,-1.3317046165466309,-0.3835471272468567,0.1790267676115036,0.32031750679016113,71.62247467041016,65.72457122802734,-0.13622082769870758,7.618749618530273,0.2902500033378601,4.455030918121338,-20.088668823242188,-84.12457275390625,-91.6072769165039,52,2,0,25.0
18685,-0.45602887868881226,-1.345770239830017,-0.35893407464027405,0.17976969480514526,0.376804918050766,60.05859375,71.93412780761719,0.42994698882102966,7.611249923706055,0.30900001525878906,4.455030918121338,-20.088668823242188,-84.12457275390625,-91.6072769165039,52,2,0,25.0
18885,-0.41877269744873047,-1.3584102392196655,-0.3027776777744293,0.18077301979064941,0.2927122712135315,66.18120574951172,73.59378814697266,0.2937261462211609,7.662499904632568,0.2854999899864197,4.455030918121338,-20.088668823242188,-84.12457275390625,-91.6072769165039,52,2,0,25.0
19085,-0.38184359669685364,-1.368930459022522,-0.25762420892715454,0.18448053300380707,0.21392011642456055,63.94728088378906,71.60847473144531,0.25115713477134705,7.609999656677246,0.29600000381469727,4.455030918121338,-20.088668823242188,-84.12457275390625,-91.6072769165039,52,2,0,25.0
19285,-0.34741857647895813,-1.3774691820144653,-0.24090713262557983,0.19461262226104736,0.22945308685302734,69.76936340332031,68.09573364257812,-0.242643341422081,7.607499599456787,0.2787500023841858,4.455030918121338,-20.088668823242188,-84.12457275390625,-91.6072769165039,52,2,0,25.0
19485,-0.3065551221370697,-1.387673258781433,-0.23838110268115997,0.19200670719146729,0.3482942283153534,75.33897399902344,76.83377075195312,0.34055206179618835,7.618749618530273,0.2692500054836273,4.455030918121338,-20.088668823242188,-84.12457275390625,-91.6072769165039,52,2,0,25.0
19685,-0.2651921510696411,-1.3968703746795654,-0.20371809601783752,0.1900726854801178,0.3506055176258087,72.53548431396484,77.31163787841797,0.0862022414803505,7.622499942779541,0.2695000171661377,4.455030918121338,-20.088668823242188,-84.12457275390625,-91.6072769165039,52,2,0,25.0
19885,-0.22518311440944672,-1.4040517807006836,-0.15711314976215363,0.1923506259918213,0.28879866003990173,68.66873931884766,74.2658920288086,0.1394134908914566,7.607499599456787,0.30125001072883606,4.455030918121338,-20.088668823242188,-84.12457275390625,-91.6072769165039,52,2,0,25.0
20085,-0.18587692081928253,-1.4094204902648926,-0.11570388823747635,0.19686663150787354,0.22422707080841064,36.382137298583984,73.58523559570312,0.25434979796409607,7.541249752044678,0.5099999904632568,4.455030918121338,-20.088668823242188,-84.12457275390625,-91.6072769165039,52,2,0,25.0
20285,-0.146490216255188,-1.4139066934585571,-0.11369054019451141,0.20118045806884766,0.3256291449069977,77.90571594238281,76.67829132080078,0.021284503862261772,7.603749752044678,0.2915000021457672,4.455030918121338,-20.088668823242188,-84.12457275390625,-91.6072769165039,52,2,0,25.0
20485,-0.10309552401304245,-1.4181162118911743,-0.08073740452528,0.19816282391548157,0.3254753649234772,70.6144790649414,78.20552825927734,0.28627657890319824,7.634999752044678,0.30425000190734863,4.455030918121338,-20.088668823242188,-84.12457275390625,-91.6072769165039,52,2,0,25.0
20685,-0.06067304685711861,-1.4208226203918457,-0.0470113530755043,0.19736985862255096,0.3183583617210388,71.3193130493164,78.59459686279297,0.28946924209594727,7.614999771118164,0.2992500066757202,4.455030918121338,-20.088668823242188,-84.12457275390625,-91.6072769165039,52,2,0,25.0
20885,-0.01912049949169159,-1.4218833446502686,-0.006161715369671583,0.19844402372837067,0.26885342597961426,69.53439331054688,75.65426635742188,0.16176222264766693,7.603749752044678,0.31200000643730164,4.455030918121338,-20.088668823242188,-84.12457275390625,-91.6072769165039,52,2,0,25.0
21085,0.01987414062023163,-1.4215017557144165,0.014354413375258446,0.20409561693668365,0.2895221412181854,81.03694915771484,78.17875671386719,0.09152336418628693,7.662499904632568,0.28199997544288635,4.455030918121338,-20.088668823242188,-84.12457275390625,-91.6072769165039,52,2,0,25.0
21285,0.06454441696405411,-1.4204108715057373,0.03281359001994133,0.19792763888835907,0.34234747290611267,78.39557647705078,80.3067398071289,-0.031926754862070084,7.66124963760376,0.27949997782707214,4.455030918121338,-20.088668823242188,-84.12457275390625,-91.6072769165039,52,2,0,25.0
21485,0.10732073336839676,-1.4183454513549805,0.06738220900297165,0.19523341953754425,0.3422887623310089,71.33607482910156,80.04857635498047,0.33629515767097473,7.659999847412109,0.28450000286102295,4.455030918121338,-20.088668823242188,-84.12457275390625,-91.6072769165039,52,2,0,25.0
21685,0.14892129600048065,-1.4146860837936401,0.11102321743965149,0.19417570531368256,0.2904180884361267,72.65845489501953,76.82783508300781,0.23838643729686737,7.658750057220459,0.28849998116493225,4.455030918121338,-20.088668823242188,-84.12457275390625,-91.6072769165039,52,2,0,25.0
21885,0.18685005605220795,-1.4096275568008423,0.1416059285402298,0.19910573959350586,0.2620254456996918,79.09870147705078,79.06412506103516,-0.03937632963061333,7.664999961853027,0.2554999887943268,4.455030918121338,-20.088668823242188,-84.12457275390625,-91.6072769165039,52,2,0,25.0
22085,0.23028744757175446,-1.4032196998596191,0.15815621614456177,0.19162368774414062,0.31203919649124146,73.05862426757812,76.25074005126953,0.3629007637500763,7.65749979019165,0.27924999594688416,4.455030918121338,-20.088668823242188,-84.12457275390625,-91.6072769165039,52,2,0,25.0
22285,0.27204641699790955,-1.3961358070373535,0.18161310255527496,0.18630823493003845,0.34709081053733826,71.42489624023438,79.90010070800781,0.3629007637500763,7.659999847412109,0.27274999022483826,4.455030918121338,-20.088668823242188,-84.12457275390625,-91.6072769165039,52,2,0,25.0
22485,0.3115163743495941,-1.3878065347671509,0.23342756927013397,0.1843147724866867,0.2581566870212555,65.9356918334961,73.45542907714844,0.37035036087036133,7.659999847412109,0.2862499952316284,4.455030918121338,-20.088668823242188,-84.12457275390625,-91.6072769165039,52,2,0,25.0
22685,0.34691229462623596,-1.3783782720565796,0.2863779067993164,0.18828442692756653,0.12436247617006302,38.32170486450195,75.3886947631836,0.22242306172847748,7.611249923706055,0.3930000066757202,4.455030918121338,-20.088668823242188,-84.12457275390625,-91.6072769165039,52,2,0,25.0
22885,0.3868715763092041,-1.3668988943099976,0.2766370475292206,0.1803482323884964,0.23448045551776886,75.80085754394531,70.643798828125,-0.09897294640541077,7.667500019073486,0.26475000381469727,4.455030918121338,-20.088668823242188,-84.12457275390625,-91.6072769165039,52,2,0,25.0
23085,0.42530733346939087,-1.3558447360992432,0.28988882899284363,0.17421652376651764,0.29914748668670654,68.40849304199219,73.60396575927734,0.012770702131092548,7.667500019073486,0.2627499997615814,4.455030918121338,-20.088668823242188,-84.12457275390625,-91.6072769165039,52,2,0,25.0
23285,0.4618026614189148,-1.3444502353668213,0.3213975131511688,0.17026108503341675,0.3046731948852539,63.705055236816406,67.87399291992188,0.30862531065940857,7.66124963760376,0.2840000092983246,4.455030918121338,-20.088668823242188,-84.12457275390625,-91.6072769165039,52,2,0,25.0
23485,0.49627912044525146,-1.3319281339645386,0.37386828660964966,0.16796091198921204,0.20963478088378906,60.55498123168945,70.17940521240234,0.20007432997226715,7.666249752044678,0.2607499957084656,4.455030918121338,-20.088668823242188,-84.12457275390625,-91.6072769165039,52,2,0,25.0
23685,0.5275712013244629,-1.3188755512237549,0.39576566219329834,0.16897134482860565,0.1862410306930542,70.98957061767578,66.37413787841797,-0.1564411073923111,7.674999713897705,0.24375000596046448,4.455030918121338,-20.088668823242188,-84.12457275390625,-91.6072769165039,52,2,0,25.0
23885,0.5627763271331787,-1.3042598962783813,0.39393705129623413,0.15933477878570557,0.2757461965084076,64.2492446899414,66.22636413574219,-0.010642251931130886,7.672499656677246,0.25325000286102295,4.455030918121338,-20.088668823242188,-84.12457275390625,-91.6072769165039,52,2,0,25.0
24085,0.59562748670578,-1.2901972532272339,0.4172303378582001,0.15274691581726074,0.3000624477863312,59.565311431884766,64.45800018310547,0.14047771692276,7.672499656677246,0.2522500157356262,4.455030918121338,-20.088668823242188,-84.12457275390625,-91.6072769165039,52,2,0,25.0
24285,0.6260553598403931,-1.2758816480636597,0.4629395604133606,0.14860433340072632,0.24034307897090912,55.00663757324219,62.082759857177734,0.30756106972694397,7.672499656677246,0.257500022649765,4.455030918121338,-20.088668823242188,-84.12457275390625,-91.6072769165039,52,2,0,25.0
24485,0.6549881100654602,-1.2604901790618896,0.5139687657356262,0.14392445981502533,0.13346289098262787,53.281341552734375,63.46689987182617,0.18730363249778748,7.673749923706055,0.24574999511241913,4.455030918121338,-20.088668823242188,-84.12457275390625,-91.6072769165039,52,2,0,25.0
24685,0.6797639727592468,-1.2459502220153809,0.5411106944084167,0.14476588368415833,0.07201756536960602,52.957923889160156,58.75861740112305,-0.2649920582771301,7.674999713897705,0.2394999861717224,4.455030918121338,-20.088668823242188,-84.12457275390625,-91.6072769165039,52,2,0,25.0
24885,0.7085018754005432,-1.229324221611023,0.5162268280982971,0.13400045037269592,0.1881161332130432,59.489158630371094,57.11797332763672,0.04895435646176338,7.679999828338623,0.21950000524520874,4.455030918121338,-20.088668823242188,-84.12457275390625,-91.6072769165039,52,2,0,25.0
25085,0.7356705069541931,-1.2137486934661865,0.5245766639709473,0.12479182332754135,0.2353900969028473,50.64826965332031,54.22608184814453,0.11493631452322006,7.679999828338623,0.22350001335144043,4.455030918121338,-20.088668823242188,-84.12457275390625,-91.6072769165039,52,2,0,25.0
25285,0.7598169445991516,-1.1991595029830933,0.5580142140388489,0.11965011805295944,0.21478766202926636,48.247188568115234,51.62419509887695,0.10110139101743698,7.679999828338623,0.2227499932050705,4.455030918121338,-20.088668823242188,-84.12457275390625,-91.6072769165039,52,2,0,25.0
25485,0.7825050950050354,-1.1843643188476562,0.5973663330078125,0.1143191009759903,0.16499406099319458,43.74667739868164,50.889278411865234,0.14686307311058044,7.682499885559082,0.21974998712539673,4.455030918121338,-20.088668823242188,-84.12457275390625,-91.6072769165039,52,2,0,25.0
25685,0.8038678169250488,-1.1692644357681274,0.6346865892410278,0.10822393000125885,0.10321545600891113,38.89445495605469,47.33026123046875,0.3639650046825409,7.681249618530273,0.21950000524520874,4.455030918121338,-20.088668823242188,-84.12457275390625,-91.6072769165039,52,2,0,25.0
25885,0.822820246219635,-1.1548265218734741,0.6647138595581055,0.1041121631860733,0.04219789057970047,14.887885093688965,44.98383712768555,0.3639650046825409,7.653749942779541,0.3087500035762787,4.455030918121338,-20.088668823242188,-84.12457275390625,-91.6072769165039,52,2,0,25.0
26085,0.8408640027046204,-1.140866994857788,0.6468154788017273,0.09927264600992203,0.08723023533821106,48.17223358154297,42.56890869140625,-0.037247881293296814,7.6875,0.19374999403953552,4.455030918121338,-20.088668823242188,-84.12457275390625,-91.6072769165039,52,2,0,25.0
26285,0.8605642318725586,-1.1260879039764404,0.6431624889373779,0.08822807669639587,0.12484957277774811,37.738521575927734,39.8884162902832,0.047890130430459976,7.69249963760376,0.19900000095367432,4.455030918121338,-20.088668823242188,-84.12457275390625,-91.6072769165039,52,2,0,25.0
26485,0.8772077560424805,-1.1132779121398926,0.6675546169281006,0.08199717104434967,0.1122598797082901,32.02414321899414,36.89790725708008,0.25328558683395386,7.693749904632568,0.1977500021457672,4.455030918121338,-20.088668823242188,-84.12457275390625,-91.6072769165039,52,2,0,25.0
26685,0.892113983631134,-1.1011296510696411,0.6966078281402588,0.07673361897468567,0.08255448937416077,32.39892578125,35.39913558959961,0.026605628430843353,7.69249963760376,0.1835000067949295,4.455030918121338,-20.088668823242188,-84.12457275390625,-91.6072769165039,52,2,0,25.0
26885,0.9060842394828796,-1.0891836881637573,0.719872236251831,0.07053837925195694,0.05619613826274872,30.221628189086914,34.067909240722656,0.17985405027866364,7.697499752044678,0.17875000834465027,4.455030918121338,-20.088668823242188,-84.12457275390625,-91.6072769165039,52,2,0,25.0
27085,0.9191721081733704,-1.0774602890014648,0.7408827543258667,0.06337329000234604,0.028161317110061646,27.59160614013672,31.5338077545166,0.10748674720525742,7.698750019073486,0.1757500022649765,4.455030918121338,-20.088668823242188,-84.12457275390625,-91.6072769165039,52,2,0,25.0
27285,0.9309890270233154,-1.0664550065994263,0.7569922804832458,0.056504156440496445,0.003803557949140668,26.964702606201172,28.943603515625,0.12451434880495071,7.701249599456787,0.17125000059604645,4.455030918121338,-20.088668823242188,-84.12457275390625,-91.6072769165039,52,2,0,25.0
27485,0.9413468241691589,-1.0564780235290527,0.7789127230644226,0.05066313594579697,-0.02775014191865921,21.529464721679688,25.369831085205078,0.18304672837257385,7.698750019073486,0.17550000548362732,4.455030918121338,-20.088668823242188,-84.12457275390625,-91.6072769165039,52,2,0,25.0
27685,0.9506330490112305,-1.0472043752670288,0.79296875,0.04490073397755623,-0.052618324756622314,21.626482009887695,25.731075286865234,0.051082808524370193,7.702499866485596,0.15950000286102295,4.455030918121338,-20.088668823242188,-84.12457275390625,-91.6072769165039,52,2,0,25.0
27885,0.9585913419723511,-1.0390779972076416,0.7990513443946838,0.0402924120426178,-0.0695720687508583,4.723636627197266,21.088403701782227,-0.07343153655529022,7.694999694824219,0.19299998879432678,4.455030918121338,-20.088668823242188,-84.12457275390625,-91.6072769165039,52,2,0,25.0
28085,0.9653809666633606,-1.0322519540786743,0.7739623785018921,0.037011053413152695,-0.05619744583964348,26.479028701782227,19.09428596496582,-0.20539546012878418,7.703749656677246,0.1485000103712082,4.455030918121338,-20.088668823242188,-84.12457275390625,-91.6072769165039,52,2,0,25.0
28285,0.9739351272583008,-1.023992657661438,0.7636576890945435,0.026966391131281853,-0.047526564449071884,19.778356552124023,18.633880615234375,0.02234872803092003,7.710000038146973,0.1472499966621399,4.455030918121338,-20.088668823242188,-84.12457275390625,-91.6072769165039,52,2,0,25.0
28485,0.980699360370636,-1.0174983739852905,0.7674676179885864,0.01983463577926159,-0.04592802748084068,13.890403747558594,15.5215425491333,0.09365181624889374,7.708749771118164,0.14874999225139618,4.455030918121338,-20.088668823242188,-84.12457275390625,-91.6072769165039,52,2,0,25.0
28685,0.9859874248504639,-1.0123629570007324,0.7753546237945557,0.014736163429915905,-0.04620417580008507,10.164118766784668,12.374122619628906,0.19475321471691132,7.706249713897705,0.1469999998807907,4.455030918121338,-20.088668823242188,-84.12457275390625,-91.6072769165039,52,2,0,25.0
28885,0.9901366829872131,-1.0082491636276245,0.7873203158378601,0.010847961530089378,-0.048441082239151,8.210808753967285,10.733467102050781,0.061725057661533356,7.714999675750732,0.14225000143051147,4.455030918121338,-20.088668823242188,-84.12457275390625,-91.6072769165039,52,2,0,25.0
29085,0.9936169385910034,-1.0047234296798706,0.7952798008918762,0.00704607367515564,-0.050278086215257645,7.459077835083008,8.619963645935059,0.023412954062223434,7.707499980926514,0.14299999177455902,4.455030918121338,-20.088668823242188,-84.12457275390625,-91.6072769165039,52,2,0,25.0
29285,0.9961862564086914,-1.0020743608474731,0.8076643943786621,0.0042164940387010574,-0.05251271277666092,4.202151298522949,7.353824615478516,0.06811041384935379,7.711249828338623,0.14099998772144318,4.455030918121338,-20.088668823242188,-84.12457275390625,-91.6072769165039,52,2,0,25.0
29485,0.9974749088287354,-1.0007259845733643,0.8027370572090149,0.003702298505231738,-0.05311570689082146,3.773486852645874,1.1479392051696777,-0.028734078630805016,7.734999656677246,0.07824999839067459,4.455030918121338,-20.088668823242188,-84.12457275390625,-91.6072769165039,52,2,0,25.0
29685,0.9983887672424316,-0.9997937679290771,0.786998450756073,0.0031403701286762953,-0.05205923691391945,4.649299144744873,0.02293083257973194,-0.11174364387989044,7.733749866485596,0.07225000113248825,4.455030918121338,-20.088668823242188,-84.12457275390625,-91.6072769165039,52,2,0,25.0
29885,0.9992628693580627,-0.9989327788352966,0.7704318165779114,0.0017382852965965867,-0.05080796778202057,1.1667065620422363,1.82970252353698e-05,-0.01915605366230011,7.732499599456787,0.07750000059604645,4.455030918121338,-20.088668823242188,-84.12457275390625,-91.6072769165039,52,2,0,25.0
30085,0.9993051290512085,-0.9988918900489807,0.7700235247612,0.0018383855931460857,-0.05055753141641617,0.005155907943844795,1.459960508043423e-08,0.003192675532773137,7.732499599456787,0.08449999988079071,4.455030918121338,-20.088668823242188,-84.12457275390625,-91.6072769165039,52,2,0,25.0
30285,0.9992554783821106,-0.9989399313926697,0.7678510546684265,0.001633465406484902,-0.050518158823251724,4.114014700462576e-06,-1.6581007242202759,-0.04044055566191673,7.706249713897705,0.14874999225139618,4.455030918121338,-20.088668823242188,-84.12457275390625,-91.6072769165039,52,2,0,25.0
30485,0.9989688992500305,-0.9992147088050842,0.7610713243484497,0.001774533186107874,-0.05053446441888809,-0.08041667193174362,-0.1512160748243332,-0.01489915233105421,7.731249809265137,0.08500000089406967,4.455030918121338,-20.088668823242188,-84.12457275390625,-91.6072769165039,52,2,0,25.0
30685,0.9989318251609802,-0.9992498755455017,0.7584232687950134,0.0011504117865115404,-0.05082983523607254,-0.10664315521717072,-1.709922432899475,-0.03511942923069,7.703749656677246,0.15549999475479126,4.455030918121338,-20.088668823242188,-84.12457275390625,-91.6072769165039,52,2,0,25.0
30885,0.9985483884811401,-0.9996092915534973,0.7484965324401855,0.0016961388755589724,-0.050893496721982956,0.057669997215270996,-2.174999713897705,-0.058532387018203735,7.707499980926514,0.1457500010728836,4.455030918121338,-20.088668823242188,-84.12457275390625,-91.6072769165039,52,2,0,25.0
31085,0.998315691947937,-0.9998242855072021,0.7433521747589111,0.0022488434333354235,-0.05394846573472023,0.09285254031419754,-0.0852266475558281,0.006385351065546274,7.730000019073486,0.08475000411272049,4.455030918121338,-20.088668823242188,-84.12457275390625,-91.6072769165039,52,2,0,25.0
31285,0.9982743859291077,-0.9998621940612793,0.7416869401931763,0.002443273551762104,-0.0894516259431839,0.0013514342717826366,-0.7965567111968994,-0.025541404262185097,7.703749656677246,0.16200000047683716,4.455030918121338,-20.088668823242188,-84.12457275390625,-91.6072769165039,52,2,0,25.0
31485,0.9978815913200378,-1.0002182722091675,0.730796217918396,0.0037746168673038483,-0.17019785940647125,0.5904013514518738,-2.798923969268799,-0.09045914560556412,7.703749656677246,0.16099999845027924,4.455030918121338,-20.088668823242188,-84.12457275390625,-91.6072769165039,52,2,0,25.0
31685,0.9969930052757263,-1.0009959936141968,0.7076873779296875,0.006852895021438599,-0.3017115294933319,-0.13586203753948212,-5.625018119812012,-0.16176222264766693,7.701249599456787,0.17425000667572021,4.455030918121338,-20.088668823242188,-84.12457275390625,-91.6072769165039,52,2,0,25.0
31885,0.9960994124412537,-1.0017387866973877,0.6612223386764526,0.011060910299420357,-0.48450469970703125,6.213629722595215,-7.309103012084961,-0.28840503096580505,7.694999694824219,0.18000000715255737,4.455030918121338,-20.088668823242188,-84.12457275390625,-91.6072769165039,52,2,0,25.0
32085,0.9970169067382812,-1.0011178255081177,0.5594912171363831,0.01410492230206728,-0.7095803022384644,16.993026733398438,-9.18708610534668,-0.6513057947158813,7.698750019073486,0.1822499930858612,4.455030918121338,-20.088668823242188,-84.12457275390625,-91.6072769165039,52,2,0,25.0
32285,0.9998602271080017,-0.9996275901794434,0.4184212386608124,0.018296103924512863,-0.970295786857605,26.12856674194336,-12.058323860168457,-0.8077468872070312,7.690000057220459,0.18649999797344208,4.455030918121338,-20.088668823242188,-84.12457275390625,-91.6072769165039,52,2,0,25.0
32485,1.0039128065109253,-0.9983167052268982,0.22206617891788483,0.029286742210388184,-1.223785161972046,33.68941879272461,-17.204513549804688,-1.002500057220459,7.684999942779541,0.20499999821186066,4.455030918121338,-20.088668823242188,-84.12457275390625,-91.6072769165039,52,2,0,25.0
32685,1.0099533796310425,-0.9978030920028687,-0.024983154609799385,0.04784693568944931,-1.384590983390808,43.40361785888672,-17.579198837280273,-1.3217676877975464,7.673749923706055,0.22849999368190765,4.455030918121338,-20.088668823242188,-84.12457275390625,-91.6072769165039,52,2,0,25.0
32885,1.0191518068313599,-0.9995937943458557,-0.32759401202201843,0.07127492874860764,-1.3190544843673706,52.736141204833984,-14.22087287902832,-1.3973275423049927,7.671249866485596,0.234250009059906,4.455030918121338,-20.088668823242188,-84.12457275390625,-91.6072769165039,52,2,0,25.0
33085,1.0284688472747803,-1.0045136213302612,-0.6410494446754456,0.09662587940692902,-0.9655869603157043,45.39438247680664,5.275717258453369,-1.157876968383789,7.654999732971191,0.2757500112056732,4.455030918121338,-20.088668823242188,-84.12457275390625,-91.6072769165039,52,2,0,25.0
33285,1.0445715188980103,-1.0206613540649414,-0.8873409628868103,0.09282512217760086,-0.48989546298980713,64.4640884399414,22.666397094726562,-0.8822426795959473,7.690000057220459,0.19749999046325684,4.455030918121338,-20.088668823242188,-84.12457275390625,-91.6072769165039,52,2,0,25.0
33485,1.0579466819763184,-1.0399490594863892,-1.0254876613616943,0.08346609771251678,-0.1154126226902008,48.59336853027344,28.712326049804688,-0.33629515767097473,7.691249847412109,0.1860000044107437,4.455030918121338,-20.088668823242188,-84.12457275390625,-91.6072769165039,52,2,0,25.0
33685,1.0682713985443115,-1.0582691431045532,-1.0799285173416138,0.07895062118768692,0.18336161971092224,39.67966079711914,31.173995971679688,-0.09258759021759033,7.691249847412109,0.1847500056028366,4.455030918121338,-20.088668823242188,-84.12457275390625,-91.6072769165039,52,2,0,25.0
33885,1.0773906707763672,-1.0753579139709473,-1.073036551475525,0.08036015182733536,0.41552093625068665,31.160429000854492,36.1964111328125,0.23838643729686737,7.691249847412109,0.19200000166893005,4.455030918121338,-20.088668823242188,-84.12457275390625,-91.6072769165039,52,2,0,25.0
34085,1.0868057012557983,-1.0917026996612549,-1.0188090801239014,0.08681175857782364,0.5551483631134033,29.845060348510742,39.976806640625,0.2596709430217743,7.683749675750732,0.20100000500679016,4.455030918121338,-20.088668823242188,-84.12457275390625,-91.6072769165039,52,2,0,25.0
34285,1.0977121591567993,-1.1074579954147339,-0.9087332487106323,0.0973706841468811,0.5191734433174133,21.903079986572266,51.08930206298828,0.6055440902709961,7.684999942779541,0.20624999701976776,4.455030918121338,-20.088668823242188,-84.12457275390625,-91.6072769165039,52,2,0,25.0
34485,1.110996961593628,-1.1227500438690186,-0.8070357441902161,0.1076950877904892,0.3791176378726959,29.541473388671875,48.432472229003906,0.42781850695610046,7.681249618530273,0.2202499955892563,4.455030918121338,-20.088668823242188,-84.12457275390625,-91.6072769165039,52,2,0,25.0
34685,1.1248594522476196,-1.1360950469970703,-0.7414045929908752,0.12057309597730637,0.21194106340408325,37.17759323120117,48.589195251464844,-0.22029460966587067,7.672499656677246,0.23675000667572021,4.455030918121338,-20.088668823242188,-84.12457275390625,-91.6072769165039,52,2,0,25.0
34885,1.14483642578125,-1.1541976928710938,-0.7261912822723389,0.11850596964359283,0.12474985420703888,43.49192810058594,49.73615264892578,0.18730363249778748,7.676249980926514,0.22624999284744263,4.455030918121338,-20.088668823242188,-84.12457275390625,-91.6072769165039,52,2,0,25.0
35085,1.1645444631576538,-1.171211838722229,-0.7029341459274292,0.11923564970493317,-0.00787488091737032,44.640933990478516,46.508079528808594,-0.037247881293296814,7.676249980926514,0.23224999010562897,4.455030918121338,-20.088668823242188,-84.12457275390625,-91.6072769165039,52,2,0,25.0
35285,1.184166431427002,-1.1874711513519287,-0.68687903881073,0.12159277498722076,-0.14643509685993195,47.7880973815918,45.59369659423828,-0.06811041384935379,7.673749923706055,0.23075000941753387,4.455030918121338,-20.088668823242188,-84.12457275390625,-91.6072769165039,52,2,0,25.0
35485,1.2048490047454834,-1.2046619653701782,-0.7018041014671326,0.12170927226543427,-0.20926730334758759,52.191497802734375,45.614681243896484,-0.02234872803092003,7.674999713897705,0.2252500057220459,4.455030918121338,-20.088668823242188,-84.12457275390625,-91.6072769165039,52,2,0,25.0
35685,1.22544527053833,-1.222544550895691,-0.7307536602020264,0.12137339264154434,-0.21494707465171814,52.253448486328125,42.69548797607422,-0.1553768664598465,7.672499656677246,0.24249999225139618,4.455030918121338,-20.088668823242188,-84.12457275390625,-91.6072769165039,52,2,0,25.0
35885,1.244921326637268,-1.2406889200210571,-0.7686335444450378,0.1221916526556015,-0.16070084273815155,42.5775032043457,44.44807434082031,-0.06811041384935379,7.663749694824219,0.257500022649765,4.455030918121338,-20.088668823242188,-84.12457275390625,-91.6072769165039,52,2,0,25.0
36085,1.2622920274734497,-1.2587714195251465,-0.8395167589187622,0.12533801794052124,0.036071281880140305,63.679927825927734,46.023643493652344,-0.4022771120071411,7.679999828338623,0.20749999582767487,4.455030918121338,-20.088668823242188,-84.12457275390625,-91.6072769165039,52,2,0,25.0
36285,1.281192421913147,-1.2806708812713623,-0.8716479539871216,0.11926174908876419,0.1914314329624176,49.606163024902344,47.699737548828125,-0.1213216707110405,7.674999713897705,0.22449998557567596,4.455030918121338,-20.088668823242188,-84.12457275390625,-91.6072769165039,52,2,0,25.0
36485,1.2984063625335693,-1.3008184432983398,-0.8521033525466919,0.11708612740039825,0.224813312292099,44.833702087402344,49.44404220581055,0.12983547151088715,7.677499771118164,0.22724999487400055,4.455030918121338,-20.088668823242188,-84.12457275390625,-91.6072769165039,52,2,0,25.0
36685,1.315820336341858,-1.320040225982666,-0.816746175289154,0.11465098708868027,0.191320538520813,42.207340240478516,48.60640335083008,0.09684448689222336,7.673749923706055,0.2290000021457672,4.455030918121338,-20.088668823242188,-84.12457275390625,-91.6072769165039,52,2,0,25.0
36885,1.333817720413208,-1.3383716344833374,-0.7748109102249146,0.11077040433883667,0.10535554587841034,39.68506622314453,48.91444778442383,0.30330419540405273,7.674999713897705,0.22599999606609344,4.455030918121338,-20.088668823242188,-84.12457275390625,-91.6072769165039,52,2,0,25.0
37085,1.3519004583358765,-1.3554550409317017,-0.7373207807540894,0.106064073741436,-0.001409265212714672,42.716243743896484,47.75176239013672,0.09790871292352676,7.678750038146973,0.20999999344348907,4.455030918121338,-20.088668823242188,-84.12457275390625,-91.6072769165039,52,2,0,25.0
37285,1.3674193620681763,-1.369431972503662,-0.7288904786109924,0.1067095696926117,-0.06370376795530319,16.17316436767578,44.684696197509766,0.13622082769870758,7.643749713897705,0.30949997901916504,4.455030918121338,-20.088668823242188,-84.12457275390625,-91.6072769165039,52,2,0,25.0
37485,1.3859143257141113,-1.386850118637085,-0.7742571830749512,0.09571284055709839,0.005149038042873144,45.716224670410156,39.77195739746094,-0.10322984308004379,7.683749675750732,0.19999998807907104,4.455030918121338,-20.088668823242188,-84.12457275390625,-91.6072769165039,52,2,0,25.0
37685,1.4024513959884644,-1.4032925367355347,-0.7895461320877075,0.08591201156377792,0.030925163999199867,42.788841247558594,37.41928482055664,-0.17985405027866364,7.690000057220459,0.1927500069141388,4.455030918121338,-20.088668823242188,-84.12457275390625,-91.6072769165039,52,2,0,25.0
37885,1.4166746139526367,-1.4175496101379395,-0.7800724506378174,0.07940888404846191,0.016297491267323494,31.59516716003418,35.48090362548828,0.12877124547958374,7.683749675750732,0.19499999284744263,4.455030918121338,-20.088668823242188,-84.12457275390625,-91.6072769165039,52,2,0,25.0
38085,1.4301807880401611,-1.4307819604873657,-0.7713533639907837,0.07212908565998077,-0.003249986795708537,32.94731140136719,32.77616500854492,0.07023885846138,7.68874979019165,0.18400000035762787,4.455030918121338,-20.088668823242188,-84.12457275390625,-91.6072769165039,52,2,0,25.0
38285,1.442859411239624,-1.4430149793624878,-0.7629085183143616,0.06409215182065964,-0.024424919858574867,29.257526397705078,30.495786666870117,0.08407378941774368,7.69249963760376,0.1782499998807907,4.455030918121338,-20.088668823242188,-84.12457275390625,-91.6072769165039,52,2,0,25.0
38485,1.454583764076233,-1.454152226448059,-0.7578531503677368,0.05556312948465347,-0.042820997536182404,26.394458770751953,27.557527542114258,-0.04363323003053665,7.693749904632568,0.17100000381469727,4.455030918121338,-20.088668823242188,-84.12457275390625,-91.6072769165039,52,2,0,25.0
38685,1.4650394916534424,-1.4639828205108643,-0.7519527077674866,0.04727296531200409,-0.06153015419840813,24.37678337097168,24.619430541992188,-0.03511942923069,7.697499752044678,0.16449999809265137,4.455030918121338,-20.088668823242188,-84.12457275390625,-91.6072769165039,52,2,0,25.0
38885,1.4741582870483398,-1.472462773323059,-0.745460033416748,0.039417900145053864,-0.07949016243219376,20.58635902404785,19.82004165649414,-0.02979830466210842,7.694999694824219,0.16474999487400055,4.455030918121338,-20.088668823242188,-84.12457275390625,-91.6072769165039,52,2,0,25.0
39085,1.4821863174438477,-1.4798572063446045,-0.74318927526474,0.031389690935611725,-0.09244339168071747,18.761371612548828,18.506284713745117,0.09578026086091995,7.698750019073486,0.15424999594688416,4.455030918121338,-20.088668823242188,-84.12457275390625,-91.6072769165039,52,2,0,25.0
39285,1.4882335662841797,-1.4854161739349365,-0.7439630627632141,0.025661224499344826,-0.1010272353887558,0.9012704491615295,15.737358093261719,0.011706477031111717,7.693749904632568,0.17900000512599945,4.455030918121338,-20.088668823242188,-84.12457275390625,-91.6072769165039,52,2,0,25.0
39485,1.4936976432800293,-1.4905873537063599,-0.7714794874191284,0.018537214025855064,-0.09313460439443588,19.826953887939453,14.186972618103027,-0.10110139101743698,7.704999923706055,0.1394999921321869,4.455030918121338,-20.088668823242188,-84.12457275390625,-91.6072769165039,52,2,0,25.0
39685,1.4996720552444458,-1.4964669942855835,-0.7829562425613403,0.006969744339585304,-0.09098672866821289,15.923911094665527,11.787917137145996,-0.13409237563610077,7.712499618530273,0.13224999606609344,4.455030918121338,-20.088668823242188,-84.12457275390625,-91.6072769165039,52,2,0,25.0
39885,1.50222647190094,-1.4990431070327759,-0.8151916861534119,0.002685438608750701,-0.08847171068191528,7.132019519805908,-4.0093488693237305,-0.3341667056083679,7.706249713897705,0.13974998891353607,4.455030918121338,-20.088668823242188,-84.12457275390625,-91.6072769165039,52,2,0,25.0
40085,1.5023577213287354,-1.499184012413025,-0.8593977093696594,0.0034001553431153297,-0.08496421575546265,4.815442085266113,-5.06097936630249,-0.1904963105916977,7.706249713897705,0.13574999570846558,4.455030918121338,-20.088668823242188,-84.12457275390625,-91.6072769165039,52,2,0,25.0
40285,1.5026410818099976,-1.4995300769805908,-0.8991114497184753,0.002137082163244486,-0.08367634564638138,4.2353901863098145,-3.055156946182251,-0.1394134908914566,7.706249713897705,0.1392500102519989,4.455030918121338,-20.088668823242188,-84.12457275390625,-91.6072769165039,52,2,0,25.0
40485,1.5022690296173096,-1.4990434646606445,-0.9234507083892822,0.002033977070823312,-0.08645040541887283,0.126377671957016,-4.131980895996094,-0.10003716498613358,7.704999923706055,0.14174999296665192,4.455030918121338,-20.088668823242188,-84.12457275390625,-91.6072769165039,52,2,0,25.0
40685,1.501283884048462,-1.4976972341537476,-0.9529184103012085,0.0037976016756147146,-0.0900353267788887,0.9671494960784912,-4.336137771606445,-0.12770701944828033,7.698750019073486,0.15125000476837158,4.455030918121338,-20.088668823242188,-84.12457275390625,-91.6072769165039,52,2,0,25.0
40885,1.5009506940841675,-1.497222900390625,-0.9752932190895081,0.0037802422884851694,-0.09282901883125305,2.6613712310791016,-0.2832505702972412,-0.06704618781805038,7.72374963760376,0.08550000190734863,4.455030918121338,-20.088668823242188,-84.12457275390625,-91.6072769165039,52,2,0,25.0
