robot,level_pwm,direction,rpm_l_mean,rpm_r_mean,rpm_l_std,rpm_r_std,rpm_mismatch_pct,rpm_difference,n_samples
1,0.45,FWD,-3.552713678800501e-18,0.0,0.4104089227477489,0.0,,-3.552713678800501e-18,125
1,0.45,REV,0.0,0.0,0.0,0.0,,0.0,125
1,0.6,FWD,29.87128,34.17456000000001,6.453281857743692,1.6509984779500997,13.438124943009594,-4.303280000000008,125
1,0.6,REV,-29.465200000000003,-35.60175999999999,7.374221730395165,1.6189099598385686,18.862292014257278,6.136559999999989,125
1,0.75,FWD,61.78271999999998,66.43296,10.269139438141837,1.5250129687444338,7.253777385106115,-4.650240000000011,125
1,0.75,REV,-62.51928000000001,-68.69768,11.717172480126434,1.0975949778875038,9.417075353673786,6.178399999999996,125
1,0.9,FWD,84.22887999999998,92.92984,14.475087008262653,2.105469445776114,9.822784901584324,-8.700960000000023,125
1,0.9,REV,-80.35064516129033,-93.85814516129032,14.791815015416521,1.4604534137995753,15.507254226366296,13.507499999999993,124
2,0.45,FWD,20.437600000000007,20.85935999999999,0.7311352198310648,0.8368563911178778,2.042571656606127,-0.4217599999999848,125
2,0.45,REV,-19.271120000000003,-19.062240000000003,0.570319966787179,0.6145098545103428,1.0898079375249161,-0.20888000000000062,125
2,0.6,FWD,48.569440000000014,51.32344000000002,0.9654292911078629,0.9248523020705304,5.5139064966392075,-2.754000000000005,125
2,0.6,REV,-48.274240000000006,-49.18440000000001,1.1228041394134018,0.876117167005977,1.867787196702118,0.9101600000000047,125
2,0.75,FWD,78.32000000000002,77.42991999999997,2.0392143490301167,1.3559644205057222,1.142960458663548,0.8900800000000544,125
2,0.75,REV,-79.24815999999997,-76.77447999999997,1.6243779871573252,1.137603916557843,3.170924424814248,-2.4736800000000017,125
2,0.9,FWD,94.53896000000003,89.94952000000002,2.646752369079096,1.6085225920179842,4.975313363739578,4.58944000000001,125
2,0.9,REV,-98.0081451612903,-91.67330645161292,1.9227112323024282,1.5131229332129454,6.679449841627481,-6.334838709677385,124
3,0.45,FWD,15.571119999999995,12.252640000000003,0.590086401546691,1.5033399074791285,23.853569754770685,3.318479999999992,125
3,0.45,REV,-14.130640000000001,-11.804560000000002,1.5835728000010691,0.40459159814598544,17.937629168080438,-2.3260799999999993,125
3,0.6,FWD,45.86327999999999,40.577920000000006,1.3389631135153943,1.9019693936006294,12.22879830451216,5.285359999999983,125
3,0.6,REV,-46.54727999999999,-40.50919999999999,1.4626386760831243,1.7518490692095363,13.871638274370849,-6.038080000000001,125
3,0.75,FWD,74.21959999999999,69.10288,1.4524020149060748,2.347083576724321,7.14014996112262,5.116719999999987,125
3,0.75,REV,-75.07368000000002,-69.04744000000004,1.3700697745358723,2.6458052326337733,8.362743781064127,-6.026239999999987,125
3,0.9,FWD,89.63719999999998,86.46392000000004,1.6022552653943338,3.1542099097616676,3.603929378756857,3.1732799999999344,125
3,0.9,REV,-87.92459677419356,-83.92991935483869,1.3674392417908405,2.529378437086141,4.6489059575898235,-3.994677419354872,124
4,0.45,FWD,22.628559999999997,22.2152,1.4600462343541085,0.5859244143700099,1.8435563833184252,0.4133599999999973,125
4,0.45,REV,-21.955280000000002,-22.55424,2.600487725966655,0.7981412519501274,2.6913792824546214,0.5989599999999982,125
4,0.6,FWD,53.8756,52.14047999999998,2.4022235667223253,0.621718295299147,3.2733147650809507,1.7351200000000162,125
4,0.6,REV,-54.93063999999999,-52.753519999999995,3.3569787069193158,0.6021041813185573,4.043528778977326,-2.177119999999995,125
4,0.75,FWD,86.87104000000004,84.17112,4.22644417463313,1.1466600981307233,3.1570228065408363,2.6999200000000343,125
4,0.75,REV,-85.75703999999998,-82.72472000000003,4.826004161596003,1.064067497252725,3.59958253047682,-3.0323199999999417,125
4,0.9,FWD,104.09624000000001,103.84895999999996,4.650999660842956,1.3606952824247251,0.2378318903249954,0.24728000000004613,125
4,0.9,REV,-102.90725806451613,-103.50604838709674,5.729337897686731,1.1250364536449007,0.5801857766577464,0.5987903225806122,124
