robot,side,segment,initial_abs_rpm,final_abs_rpm,decay_tau_s,decay_A_rpm,fit_r2,duration_s,n_samples
1,L,FWD_COAST,66.21,0.0,0.23841791301819673,75.14799940272322,0.9334059070459303,3.991577,400
1,R,FWD_COAST,70.61,0.29,0.2636302744817446,85.7236112278941,0.969901588790203,3.991577,400
1,L,REV_COAST,59.18,0.0,0.23734231742438824,75.26532649141254,0.8872111624261585,3.991533,400
1,R,REV_COAST,69.73,0.0,0.3050646946810148,83.44720884664865,0.930461622969739,3.991533,400
2,L,FWD_COAST,82.32,0.0,0.3173684619485459,95.77114367971295,0.9553510811022179,3.991909,400
2,R,FWD_COAST,77.34,0.0,0.30508014300845787,92.7127753704217,0.9687978082342947,3.991909,400
2,L,REV_COAST,82.03,0.0,0.3240114925746784,95.62781334522062,0.9726198328715411,3.991594,400
2,R,REV_COAST,79.1,0.0,0.3147142409422035,92.95103724832495,0.9737682807766135,3.991594,400
3,L,FWD_COAST,75.29,0.0,0.28672986096273545,91.35315509758809,0.9588183557128053,3.991843,400
3,R,FWD_COAST,70.02,0.0,0.26856436609583406,82.49652010130443,0.9417680308624187,3.991843,400
3,L,REV_COAST,75.88,0.0,0.2988175721583799,89.07952687237895,0.9398999000515391,3.981769,399
3,R,REV_COAST,71.19,0.0,0.27199915380145145,85.90309210337124,0.9247057410242386,3.981769,399
4,L,FWD_COAST,92.58,0.0,0.3304756736280072,104.79445189945972,0.9680159261971949,3.991703,400
4,R,FWD_COAST,87.01,0.0,0.3355616878743498,102.19847290572024,0.946356084577985,3.991703,400
4,L,REV_COAST,88.18,0.0,0.3105466415058471,106.74482126807249,0.9497501775391483,3.99159,400
4,R,REV_COAST,84.96,0.0,0.33514488869588904,98.33692761118488,0.9541007005970217,3.99159,400
