robot,category,side,direction,parameter,value
1,static,L,FWD,deadband,0.453478224005701
1,static,L,FWD,gain_rpm_per_pwm,196.9311931930522
1,static,L,FWD,r2,0.9941453345400031
1,static,L,REV,deadband,0.4658323257414438
1,static,L,REV,gain_rpm_per_pwm,194.7615888415057
1,static,L,REV,r2,0.9847761856050391
1,static,R,FWD,deadband,0.4996001828763931
1,static,R,FWD,gain_rpm_per_pwm,251.13286663851738
1,static,R,FWD,r2,0.9756906265235189
1,static,R,REV,deadband,0.46603011317278237
1,static,R,REV,gain_rpm_per_pwm,227.30764189710735
1,static,R,REV,r2,0.9911191534158227
2,static,L,FWD,deadband,0.37188065761010214
2,static,L,FWD,gain_rpm_per_pwm,192.45719310716163
2,static,L,FWD,r2,0.9938383111873036
2,static,L,REV,deadband,0.4384885572194963
2,static,L,REV,gain_rpm_per_pwm,229.8107921431393
2,static,L,REV,r2,0.9703493233395831
2,static,R,FWD,deadband,0.38278457861641557
2,static,R,FWD,gain_rpm_per_pwm,194.96236506401698
2,static,R,FWD,r2,0.966933781014543
2,static,R,REV,deadband,0.3681104381159083
2,static,R,REV,gain_rpm_per_pwm,186.0687969483011
2,static,R,REV,r2,0.9892111255854624
3,static,L,FWD,deadband,0.4333697674951166
3,static,L,FWD,gain_rpm_per_pwm,213.21051979186174
3,static,L,FWD,r2,0.9623932061019521
3,static,L,REV,deadband,0.4316325499510614
3,static,L,REV,gain_rpm_per_pwm,215.7857501228698
3,static,L,REV,r2,0.9576061216820725
3,static,R,FWD,deadband,0.3898521970902558
3,static,R,FWD,gain_rpm_per_pwm,174.17939559020897
3,static,R,FWD,r2,0.9932775086419531
3,static,R,REV,deadband,0.44216222625519974
3,static,R,REV,gain_rpm_per_pwm,195.42439368497315
3,static,R,REV,r2,0.9709939097205058
4,static,L,FWD,deadband,0.4283594175764341
4,static,L,FWD,gain_rpm_per_pwm,245.57182322310825
4,static,L,FWD,r2,0.9533211400641531
4,static,L,REV,deadband,0.42958227720810266
4,static,L,REV,gain_rpm_per_pwm,243.65215021816243
4,static,L,REV,r2,0.9559193591030736
4,static,R,FWD,deadband,0.39595930728809636
4,static,R,FWD,gain_rpm_per_pwm,222.0230982706187
4,static,R,FWD,r2,0.9822159494111079
4,static,R,REV,deadband,0.3922642934012985
4,static,R,REV,gain_rpm_per_pwm,213.2642005806817
4,static,R,REV,r2,0.9797739357568294
1,dynamic,L,,L_0.50_FWD:tau_s,0.38450771235671183
1,dynamic,L,,L_0.80_FWD:tau_s,0.20565592647152334
1,dynamic,L,,L_0.60_REV:tau_s,0.3387180640911489
1,dynamic,R,,R_0.50_FWD:tau_s,0.4539220790420045
1,dynamic,R,,R_0.80_FWD:tau_s,0.22035363928670548
1,dynamic,R,,R_0.60_REV:tau_s,0.2896909940085774
2,dynamic,L,,L_0.50_FWD:tau_s,0.33742751453071934
2,dynamic,L,,L_0.80_FWD:tau_s,0.19364719851628368
2,dynamic,L,,L_0.60_REV:tau_s,0.28801738909479824
2,dynamic,R,,R_0.50_FWD:tau_s,0.40343028430891426
2,dynamic,R,,R_0.80_FWD:tau_s,0.1971527218625057
2,dynamic,R,,R_0.60_REV:tau_s,0.29033171575620237
3,dynamic,L,,L_0.50_FWD:tau_s,0.32523066740540296
3,dynamic,L,,L_0.80_FWD:tau_s,0.2102846108034862
3,dynamic,L,,L_0.60_REV:tau_s,0.34143595401523336
3,dynamic,R,,R_0.50_FWD:tau_s,0.29177063201192527
3,dynamic,R,,R_0.80_FWD:tau_s,0.18305216922629192
3,dynamic,R,,R_0.60_REV:tau_s,0.30909626856638306
4,dynamic,L,,L_0.50_FWD:tau_s,0.33897651350196306
4,dynamic,L,,L_0.80_FWD:tau_s,0.2149235029284168
4,dynamic,L,,L_0.60_REV:tau_s,0.3200239741187025
4,dynamic,R,,R_0.50_FWD:tau_s,0.30561271552120167
4,dynamic,R,,R_0.80_FWD:tau_s,0.21714295745164247
4,dynamic,R,,R_0.60_REV:tau_s,0.2866513623027041
1,asymmetry,LR,,mean_mismatch_pct,12.383551470666234
1,asymmetry,LR,,p95_mismatch_pct,18.023532567284533
2,asymmetry,LR,,mean_mismatch_pct,3.310340172039653
2,asymmetry,LR,,p95_mismatch_pct,6.271509670881584
3,asymmetry,LR,,mean_mismatch_pct,11.455920572533444
3,asymmetry,LR,,p95_mismatch_pct,21.782990549429094
4,asymmetry,LR,,mean_mismatch_pct,2.428300276728965
4,asymmetry,LR,,p95_mismatch_pct,3.888147592002149
