robot,phase,signal,mean,std,min,max,p05,p95,n_samples
1,0,battery_voltage,7.656540000000001,0.014935680402920912,7.56,7.73,7.6395,7.67,500
1,0,driver_voltage,7.730900000000002,0.00402770963325059,7.71,7.74,7.73,7.74,500
1,0,driver_current,1.1416,0.10339642954805824,1.0,1.5,1.0,1.2,500
1,0,driver_power,9.097,0.979903782442792,7.7,11.6,7.7,9.7,500
1,1,battery_voltage,7.571720238095238,0.08465579859524068,6.67,7.9,7.46,7.63,1680
1,1,driver_voltage,7.684958333333333,0.027896228654759523,7.57,7.73,7.63,7.72,1680
1,1,driver_current,91.20125,58.04323431936858,1.0,372.0,32.5,214.8,1680
1,1,driver_power,699.352976190476,441.79054010386466,7.7,2817.4,250.7,1637.185,1680
1,2,battery_voltage,7.569291244788564,0.10862631426570894,5.96,8.0,7.46,7.63,1679
1,2,driver_voltage,7.682406194163192,0.02796514704224848,7.55,7.72,7.63,7.710999999999999,1679
1,2,driver_current,89.56015485407981,58.35966217742775,27.3,364.8,29.8,210.22999999999996,1679
1,2,driver_power,686.4980941036331,444.2679003337126,209.8,2760.2,229.4,1602.9099999999999,1679
1,3,battery_voltage,7.565446428571429,0.09328453395662184,6.16,7.86,7.46,7.63,1680
1,3,driver_voltage,7.675958333333334,0.027490396648314794,7.57,7.72,7.62,7.71,1680
1,3,driver_current,95.49517857142858,56.64628078023947,34.2,362.2,35.2,205.81,1680
1,3,driver_power,731.5169642857143,430.7066013312616,263.9,2744.5,271.8,1569.62,1680
1,4,battery_voltage,7.561691483025611,0.11103853712643888,6.13,8.1,7.46,7.63,1679
1,4,driver_voltage,7.673305539011316,0.02668799842857234,7.56,7.71,7.62,7.7,1679
1,4,driver_current,93.9757593805837,55.74667707060267,27.8,360.5,36.8,203.01999999999998,1679
1,4,driver_power,719.6960690887435,423.6761894848307,214.0,2727.2,282.7,1549.06,1679
1,5,battery_voltage,7.567398141529664,0.09107735882105789,6.72,8.57,7.46,7.65,1399
1,5,driver_voltage,7.674238741958541,0.03716879738998321,7.52,7.72,7.62,7.72,1399
1,5,driver_current,89.46719085060758,78.10159446962763,1.0,482.0,1.2,197.52999999999997,1399
1,5,driver_power,683.7934238741958,594.8768325768747,7.7,3629.5,9.6,1505.82,1399
1,6,battery_voltage,7.5643,0.09590065892959655,6.38,7.92,7.46,7.65,1400
1,6,driver_voltage,7.671771428571429,0.03617334622658825,7.53,7.72,7.62,7.72,1400
1,6,driver_current,89.98299999999999,77.81254483663173,1.2,488.2,1.5,195.08999999999992,1400
1,6,driver_power,687.5955714285715,592.6184382563204,9.6,3675.9,11.6,1486.2799999999995,1400
1,7,battery_voltage,7.401995997998999,0.1626678481225002,5.68,7.84,7.178999999999999,7.58,1999
1,7,driver_voltage,7.580870435217609,0.0695023258219129,7.03,7.71,7.49,7.65,1999
1,7,driver_current,295.10135067533764,184.5633418648918,1.8,1844.8,139.5,513.4799999999996,1999
1,7,driver_power,2224.579089544772,1334.1351842233807,13.5,13028.5,1067.0,3846.949999999996,1999
1,8,battery_voltage,7.495618749999998,0.16052171710387422,6.2,8.01,7.32,7.63,1600
1,8,driver_voltage,7.624087500000001,0.07357003593595213,7.32,7.7,7.54,7.7,1600
1,8,driver_current,171.11074999999997,177.61779731530132,1.2,1020.2,1.2,365.53499999999997,1600
1,8,driver_power,1291.5584375,1336.287945064194,9.6,7495.0,9.6,2757.4399999999996,1600
1,9,battery_voltage,7.628449275362319,0.016810194282541626,7.33,7.84,7.62,7.64,1380
1,9,driver_voltage,7.696985507246377,0.005170039066434661,7.68,7.7,7.69,7.7,1380
1,9,driver_current,1.2042753623188402,0.12729339318860894,1.0,1.5,1.0,1.5,1380
1,9,driver_power,9.532898550724637,0.973233661845408,7.7,11.6,7.7,11.5,1380
2,0,battery_voltage,7.7474799999999995,0.010385823542758655,7.68,7.81,7.73,7.76,500
2,0,driver_voltage,0.0,0.0,0.0,0.0,0.0,0.0,500
2,0,driver_current,2.4976,0.13156313205237571,2.2,2.8,2.2,2.8,500
2,0,driver_power,0.0,0.0,0.0,0.0,0.0,0.0,500
2,1,battery_voltage,7.741030375223348,0.2063123600252868,6.92,9.43,7.63,8.3,1679
2,1,driver_voltage,0.000577724836212031,0.008153021292940625,0.0,0.32,0.0,0.0,1679
2,1,driver_current,107.42328767123288,48.8923086215337,0.0,327.0,50.2,194.52999999999997,1679
2,1,driver_power,0.1627159023228112,1.5948901598111953,0.0,63.2,0.0,0.6,1679
2,2,battery_voltage,7.725482142857143,0.1669764215420076,6.46,8.71,7.63,8.181499999999998,1680
2,2,driver_voltage,0.0007261904761904763,0.002857968768003741,0.0,0.03,0.0,0.01,1680
2,2,driver_current,107.26202380952381,49.69300894742027,34.5,305.2,49.99,195.52499999999998,1680
2,2,driver_power,0.17476190476190473,0.5013798142555058,0.0,8.4,0.0,1.0,1680
2,3,battery_voltage,7.695693865396069,0.11099712397033663,7.4,8.75,7.63,7.73,1679
2,3,driver_voltage,0.02108397855866587,0.32522645192114247,0.0,7.64,0.0,0.0,1679
2,3,driver_current,105.54270399047053,41.81706206148446,50.0,305.5,52.2,178.01999999999998,1679
2,3,driver_power,3.828945801072067,60.173445933327606,0.0,1461.2,0.0,0.6,1679
2,4,battery_voltage,7.695979749851102,0.12349007794680539,7.43,8.69,7.62,7.73,1679
2,4,driver_voltage,0.13916021441334128,0.9944968109420818,0.0,7.7,0.0,0.01,1679
2,4,driver_current,107.70851697438952,44.560248271162536,37.2,295.0,50.2,180.5,1679
2,4,driver_power,24.56694460988683,175.59707449660857,0.0,1476.7,0.0,1.1,1679
2,5,battery_voltage,7.7117642857142865,0.12735036128953822,6.98,8.69,7.62,7.75,1400
2,5,driver_voltage,0.00034285714285714285,0.00298140874774106,0.0,0.09,0.0,0.0,1400
2,5,driver_current,99.153,82.12831192286555,2.5,567.2,2.8,186.0,1400
2,5,driver_power,0.11364285714285714,0.3973369369673642,0.0,6.6,0.0,0.7,1400
2,6,battery_voltage,7.697140814867762,0.10839630587315413,6.65,8.69,7.62,7.75,1399
2,6,driver_voltage,5.267862759113653,3.4734721952692857,0.0,7.78,0.0,7.78,1399
2,6,driver_current,97.96318799142244,79.41465900265236,2.5,554.8,2.8,180.8,1399
2,6,driver_power,574.2476054324518,640.1537162780332,0.0,4161.3,0.0,1368.43,1399
2,7,battery_voltage,7.603271635817908,0.14832363821228217,6.42,8.93,7.499,7.68,1999
2,7,driver_voltage,1.3282941470735368,2.692144792745343,0.0,8.11,0.0,7.59,1999
2,7,driver_current,322.89629814907454,177.33535901184234,3.0,1770.0,200.3,552.7999999999993,1999
2,7,driver_power,528.2210105052526,1348.9896257455607,0.0,13467.5,0.0,2650.53,1999
2,8,battery_voltage,7.65768125,0.13794230115329809,6.6,8.89,7.52,7.75,1600
2,8,driver_voltage,7.667618749999998,0.18591764441548603,2.82,7.78,7.54,7.77,1600
2,8,driver_current,173.71099999999998,184.48457229504126,2.5,1069.8,2.8,409.81,1600
2,8,driver_power,1312.43,1385.1399417067287,19.4,7771.7,21.3,3089.52,1600
2,9,battery_voltage,7.73295652173913,0.013392533915869233,7.59,7.84,7.71,7.75,1380
2,9,driver_voltage,7.769173913043477,0.003412456479394225,7.75,7.77,7.76,7.77,1380
2,9,driver_current,2.568913043478261,0.14395322331975072,2.2,3.0,2.5,2.8,1380
2,9,driver_power,19.862101449275364,0.9559659265082325,17.4,23.3,19.4,21.4,1380
3,0,battery_voltage,7.45452,0.035571058466129485,7.29,7.53,7.38,7.5,500
3,0,driver_voltage,7.756,0.005182056292132354,7.74,7.76,7.75,7.76,500
3,0,driver_current,2.467,0.132234533855146,2.2,2.8,2.2,2.5,500
3,0,driver_power,19.184800000000003,0.8502793128258733,17.4,21.3,17.4,19.4,500
3,1,battery_voltage,7.371690476190476,0.15214957502091975,5.75,8.0,7.13,7.46,1680
3,1,driver_voltage,7.6662380952380955,0.026749947948547688,7.56,7.74,7.62,7.7,1680
3,1,driver_current,120.64755952380952,45.06612526293382,2.5,326.5,62.8,192.8,1680
3,1,driver_power,923.7948809523809,341.7849532498505,19.4,2476.9,483.0,1470.53,1680
3,2,battery_voltage,7.385789160214414,0.09982382981053599,6.46,8.04,7.25,7.45,1679
3,2,driver_voltage,7.66630732578916,0.025702355854660842,7.57,7.71,7.63,7.7,1679
3,2,driver_current,118.98106015485409,43.73993013832914,48.5,320.2,62.2,184.54999999999995,1679
3,2,driver_power,911.0730792138179,331.87026749569503,373.4,2423.9,479.58000000000004,1411.82,1679
3,3,battery_voltage,7.528272781417511,0.12791299716110113,6.67,8.36,7.37,7.59,1679
3,3,driver_voltage,7.673883263847529,0.08079197200952822,7.54,8.3,7.62,7.7,1679
3,3,driver_current,121.07957117331746,50.43926030888338,59.2,348.2,61.0,210.74999999999994,1679
3,3,driver_power,929.0962477665278,388.7219292598011,456.1,2629.3,469.4,1606.6299999999999,1679
3,4,battery_voltage,7.554764740917212,0.1047241739326571,6.82,8.52,7.38,7.62,1679
3,4,driver_voltage,7.657164979154259,0.040349377800655666,7.54,8.32,7.61,7.69,1679
3,4,driver_current,113.73877307921383,49.774147869250136,47.8,352.5,59.0,204.2,1679
3,4,driver_power,869.5618225134009,377.0168567686825,366.8,2657.4,454.38,1554.6299999999999,1679
3,5,battery_voltage,7.556735714285715,0.11362939085576147,6.34,8.13,7.4,7.66,1400
3,5,driver_voltage,7.6700857142857135,0.05564483072816437,7.45,7.75,7.61,7.74,1400
3,5,driver_current,107.64071428571428,86.39640484441367,2.5,556.5,2.8,200.015,1400
3,5,driver_power,820.8755714285713,656.271168851287,19.4,4144.5,21.3,1526.5149999999999,1400
3,6,battery_voltage,7.570443173695496,0.11395392623750143,6.76,8.48,7.4,7.67,1399
3,6,driver_voltage,7.672573266619014,0.07671797859997401,7.44,8.29,7.59,7.74,1399
3,6,driver_current,107.10736240171552,87.05427415232587,2.5,529.0,2.8,218.25999999999993,1399
3,6,driver_power,817.5533238027162,663.023939953446,19.3,3938.4,21.3,1666.9299999999996,1399
3,7,battery_voltage,7.490840420210104,0.13535403489288855,6.71,10.04,7.32,7.6,1999
3,7,driver_voltage,7.554727363681842,0.0882456826542263,6.99,8.16,7.45,7.63,1999
3,7,driver_current,329.48769384692343,171.04053658062494,2.5,1662.0,189.8,543.3999999999999,1999
3,7,driver_power,2476.7559779889943,1219.052357236027,19.4,11617.4,1446.1,4168.539999999999,1999
3,8,battery_voltage,7.602820512820513,0.11406028829612411,6.78,8.35,7.46,7.7,1599
3,8,driver_voltage,7.626491557223265,0.10578456404410624,7.27,7.74,7.5,7.73,1599
3,8,driver_current,186.5494684177611,192.87936695873694,2.5,1012.0,2.8,421.6999999999998,1599
3,8,driver_power,1402.5835522201376,1444.0871095993582,19.3,7371.2,21.3,3166.3599999999988,1599
3,9,battery_voltage,7.687603186097031,0.012103615042118982,7.5,7.73,7.67,7.7,1381
3,9,driver_voltage,7.729493120926867,0.0022913170456055777,7.71,7.73,7.73,7.73,1381
3,9,driver_current,2.672266473569877,0.15456297890383622,2.2,3.0,2.5,2.8,1381
3,9,driver_power,20.454380883417816,1.0504953957832597,17.4,23.2,19.3,21.3,1381
4,0,battery_voltage,8.34564,0.008598736916146642,8.3,8.37,8.33,8.35,500
4,0,driver_voltage,8.411579999999999,0.0037592371204081165,8.4,8.42,8.41,8.42,500
4,0,driver_current,0.9468000000000001,0.09288172063466583,0.8,1.2,0.8,1.0,500
4,0,driver_power,7.841400000000001,0.9752580666639916,6.3,10.5,6.3,8.4,500
4,1,battery_voltage,8.314964285714286,0.10279940468707002,7.58,9.39,8.26,8.34,1680
4,1,driver_voltage,8.366083333333334,0.02285240643019017,8.29,8.41,8.33,8.4,1680
4,1,driver_current,112.94559523809524,48.1214318380799,0.8,316.5,52.0,193.8,1680
4,1,driver_power,943.8909523809523,399.58061664378164,6.3,2623.0,436.695,1613.725,1680
4,2,battery_voltage,8.31384752829065,0.07125950563796962,7.98,9.16,8.27,8.34,1679
4,2,driver_voltage,8.359916617033948,0.021801853460053863,8.27,8.4,8.32,8.39,1679
4,2,driver_current,113.83257891602146,48.48157292159468,30.0,327.2,54.2,193.54999999999995,1679
4,2,driver_power,950.6208457415128,402.3546208261049,251.6,2705.9,454.77000000000004,1612.8199999999997,1679
4,3,battery_voltage,8.307921381774866,0.10199162607424958,7.89,9.23,8.26,8.34,1679
4,3,driver_voltage,8.351899940440738,0.02376683507202642,8.26,8.4,8.31,8.38,1679
4,3,driver_current,121.55175699821322,52.30138622809843,54.0,327.5,56.980000000000004,208.7,1679
4,3,driver_power,1014.0254318046456,433.32079254465367,451.6,2706.4,477.52,1735.1799999999998,1679
4,4,battery_voltage,8.300184633710543,0.08988418837788688,7.6,9.08,8.25,8.33,1679
4,4,driver_voltage,8.346843359142346,0.024554065803240332,8.25,8.4,8.3,8.38,1679
4,4,driver_current,122.3432400238237,54.492156660654956,32.5,333.0,57.8,220.82,1679
4,4,driver_power,1019.9188207266232,451.0278102742685,272.4,2753.5,483.48,1833.5699999999997,1679
4,5,battery_voltage,8.302621428571427,0.09841008914155279,6.9,9.36,8.25,8.34,1400
4,5,driver_voltage,8.350542857142855,0.033369157372331364,8.18,8.4,8.31,8.39,1400
4,5,driver_current,102.85285714285715,84.87862093628371,1.0,584.0,1.2,192.23999999999995,1400
4,5,driver_power,856.1426428571428,704.1388750298124,8.4,4777.8,10.5,1600.6899999999998,1400
4,6,battery_voltage,8.297591136526089,0.08956013209256916,7.82,9.22,8.25,8.34,1399
4,6,driver_voltage,8.346168691922802,0.03662890683539186,8.17,8.39,8.3,8.39,1399
4,6,driver_current,110.74231593995711,91.14533707937866,1.0,601.8,1.2,211.82,1399
4,6,driver_power,921.0741243745534,755.561486030492,8.4,4914.0,10.5,1758.4399999999996,1399
4,7,battery_voltage,8.234297148574287,0.13266496802326547,7.4,9.72,8.119,8.27,1999
4,7,driver_voltage,8.245637818909454,0.07352677796233661,7.69,8.39,8.15,8.31,1999
4,7,driver_current,349.4773886943472,185.60639839215835,1.2,1785.8,215.0,593.26,1999
4,7,driver_power,2868.221660830415,1448.0665083754689,10.5,13739.1,1783.69,4838.08,1999
4,8,battery_voltage,8.2705375,0.11232696441898865,7.22,10.87,8.19,8.33,1600
4,8,driver_voltage,8.30346875,0.07415249081029454,7.9,8.38,8.21,8.38,1600
4,8,driver_current,183.06050000000002,196.76623814197737,1.0,1166.5,1.2,440.5,1600
4,8,driver_power,1505.6023125000002,1608.954606461735,8.4,9240.1,10.5,3619.8,1600
4,9,battery_voltage,8.315079710144929,0.010781340199977585,8.25,8.41,8.31,8.33,1380
4,9,driver_voltage,8.377036231884057,0.00459988558089925,8.36,8.38,8.37,8.38,1380
4,9,driver_current,1.1152898550724637,0.11183544856050248,0.8,1.5,1.0,1.2,1380
4,9,driver_power,9.59304347826087,1.1204970205951719,6.3,12.6,8.4,10.5,1380
