category,robot,side,direction,metric,value
quality,1,,,samples,14996.0
quality,1,,,duration_s,150.005189
quality,1,,,sample_rate_hz,100.0
quality,1,,,median_dt_ms,10.0
quality,1,,,mean_dt_ms,10.003680493497832
quality,1,,,min_dt_ms,10.0
quality,1,,,max_dt_ms,10.021
quality,1,,,timestamp_duplicates,0.0
quality,1,,,timestamp_negative_steps,0.0
quality,1,,,timestamp_gaps,0.0
quality,1,,,estimated_missing_samples,0.0
quality,1,,,encoder_valid_l_pct,100.0
quality,1,,,encoder_valid_r_pct,100.0
quality,1,,,imu_valid_pct,100.0
quality,1,,,ina_valid_pct,100.0
quality,1,,,phase_0_samples,500.0
quality,1,,,phase_1_samples,1680.0
quality,1,,,phase_2_samples,1679.0
quality,1,,,phase_3_samples,1680.0
quality,1,,,phase_4_samples,1679.0
quality,1,,,phase_5_samples,1399.0
quality,1,,,phase_6_samples,1400.0
quality,1,,,phase_7_samples,1999.0
quality,1,,,phase_8_samples,1600.0
quality,1,,,phase_9_samples,1380.0
quality,2,,,samples,14995.0
quality,2,,,duration_s,150.003109
quality,2,,,sample_rate_hz,99.94003597841296
quality,2,,,median_dt_ms,10.005999999999998
quality,2,,,mean_dt_ms,10.004208950246765
quality,2,,,min_dt_ms,10.0
quality,2,,,max_dt_ms,10.024
quality,2,,,timestamp_duplicates,0.0
quality,2,,,timestamp_negative_steps,0.0
quality,2,,,timestamp_gaps,0.0
quality,2,,,estimated_missing_samples,0.0
quality,2,,,encoder_valid_l_pct,100.0
quality,2,,,encoder_valid_r_pct,100.0
quality,2,,,imu_valid_pct,100.0
quality,2,,,ina_valid_pct,99.96665555185061
quality,2,,,phase_0_samples,500.0
quality,2,,,phase_1_samples,1679.0
quality,2,,,phase_2_samples,1680.0
quality,2,,,phase_3_samples,1679.0
quality,2,,,phase_4_samples,1679.0
quality,2,,,phase_5_samples,1400.0
quality,2,,,phase_6_samples,1399.0
quality,2,,,phase_7_samples,1999.0
quality,2,,,phase_8_samples,1600.0
quality,2,,,phase_9_samples,1380.0
quality,3,,,samples,14995.0
quality,3,,,duration_s,150.006432
quality,3,,,sample_rate_hz,99.94003597841296
quality,3,,,median_dt_ms,10.005999999999998
quality,3,,,mean_dt_ms,10.004430572228891
quality,3,,,min_dt_ms,10.0
quality,3,,,max_dt_ms,10.024
quality,3,,,timestamp_duplicates,0.0
quality,3,,,timestamp_negative_steps,0.0
quality,3,,,timestamp_gaps,0.0
quality,3,,,estimated_missing_samples,0.0
quality,3,,,encoder_valid_l_pct,100.0
quality,3,,,encoder_valid_r_pct,100.0
quality,3,,,imu_valid_pct,100.0
quality,3,,,ina_valid_pct,100.0
quality,3,,,phase_0_samples,500.0
quality,3,,,phase_1_samples,1680.0
quality,3,,,phase_2_samples,1679.0
quality,3,,,phase_3_samples,1679.0
quality,3,,,phase_4_samples,1679.0
quality,3,,,phase_5_samples,1400.0
quality,3,,,phase_6_samples,1399.0
quality,3,,,phase_7_samples,1999.0
quality,3,,,phase_8_samples,1599.0
quality,3,,,phase_9_samples,1381.0
quality,4,,,samples,14995.0
quality,4,,,duration_s,150.002631
quality,4,,,sample_rate_hz,99.94003597841296
quality,4,,,median_dt_ms,10.005999999999998
quality,4,,,mean_dt_ms,10.004177070828332
quality,4,,,min_dt_ms,10.0
quality,4,,,max_dt_ms,10.024
quality,4,,,timestamp_duplicates,0.0
quality,4,,,timestamp_negative_steps,0.0
quality,4,,,timestamp_gaps,0.0
quality,4,,,estimated_missing_samples,0.0
quality,4,,,encoder_valid_l_pct,100.0
quality,4,,,encoder_valid_r_pct,100.0
quality,4,,,imu_valid_pct,100.0
quality,4,,,ina_valid_pct,100.0
quality,4,,,phase_0_samples,500.0
quality,4,,,phase_1_samples,1680.0
quality,4,,,phase_2_samples,1679.0
quality,4,,,phase_3_samples,1679.0
quality,4,,,phase_4_samples,1679.0
quality,4,,,phase_5_samples,1400.0
quality,4,,,phase_6_samples,1399.0
quality,4,,,phase_7_samples,1999.0
quality,4,,,phase_8_samples,1600.0
quality,4,,,phase_9_samples,1380.0
static,1,L,FWD,deadband_fit,0.453478224005701
static,1,L,FWD,gain_rpm_per_pwm,196.9311931930522
static,1,L,FWD,intercept_rpm,0.0
static,1,L,FWD,r2,0.9941453345400031
static,1,L,FWD,rmse_rpm,2.0233215878122475
static,1,L,FWD,n_levels,14.0
static,1,L,FWD,first_active_pwm,0.5
static,1,L,FWD,max_rpm,84.20416666666665
static,1,L,REV,deadband_fit,0.4658323257414438
static,1,L,REV,gain_rpm_per_pwm,194.7615888415057
static,1,L,REV,intercept_rpm,0.0
static,1,L,REV,r2,0.9847761856050391
static,1,L,REV,rmse_rpm,3.13957877241059
static,1,L,REV,n_levels,14.0
static,1,L,REV,first_active_pwm,0.5508333333333333
static,1,L,REV,max_rpm,79.79338983050846
static,1,R,FWD,deadband_fit,0.4996001828763931
static,1,R,FWD,gain_rpm_per_pwm,251.13286663851738
static,1,R,FWD,intercept_rpm,0.0
static,1,R,FWD,r2,0.9756906265235189
static,1,R,FWD,rmse_rpm,4.656306511143068
static,1,R,FWD,n_levels,14.0
static,1,R,FWD,first_active_pwm,0.6000000000000001
static,1,R,FWD,max_rpm,95.31150000000001
static,1,R,REV,deadband_fit,0.46603011317278237
static,1,R,REV,gain_rpm_per_pwm,227.30764189710735
static,1,R,REV,intercept_rpm,0.0
static,1,R,REV,r2,0.9911191534158227
static,1,R,REV,rmse_rpm,2.788902598614898
static,1,R,REV,n_levels,14.0
static,1,R,REV,first_active_pwm,0.5508333333333333
static,1,R,REV,max_rpm,95.20100000000001
static,2,L,FWD,deadband_fit,0.37188065761010214
static,2,L,FWD,gain_rpm_per_pwm,192.45719310716163
static,2,L,FWD,intercept_rpm,0.0
static,2,L,FWD,r2,0.9938383111873036
static,2,L,FWD,rmse_rpm,2.4582851761244613
static,2,L,FWD,n_levels,14.0
static,2,L,FWD,first_active_pwm,0.45
static,2,L,FWD,max_rpm,96.53816666666665
static,2,L,REV,deadband_fit,0.4384885572194963
static,2,L,REV,gain_rpm_per_pwm,229.8107921431393
static,2,L,REV,intercept_rpm,0.0
static,2,L,REV,r2,0.9703493233395831
static,2,L,REV,rmse_rpm,5.586510801691123
static,2,L,REV,n_levels,14.0
static,2,L,REV,first_active_pwm,0.5499999999999999
static,2,L,REV,max_rpm,97.74483333333336
static,2,R,FWD,deadband_fit,0.38278457861641557
static,2,R,FWD,gain_rpm_per_pwm,194.96236506401698
static,2,R,FWD,intercept_rpm,0.0
static,2,R,FWD,r2,0.966933781014543
static,2,R,FWD,rmse_rpm,5.727682958961117
static,2,R,FWD,n_levels,14.0
static,2,R,FWD,first_active_pwm,0.5008333333333334
static,2,R,FWD,max_rpm,90.23067796610168
static,2,R,REV,deadband_fit,0.3681104381159083
static,2,R,REV,gain_rpm_per_pwm,186.0687969483011
static,2,R,REV,intercept_rpm,0.0
static,2,R,REV,r2,0.9892111255854624
static,2,R,REV,rmse_rpm,3.185415679837543
static,2,R,REV,n_levels,14.0
static,2,R,REV,first_active_pwm,0.45
static,2,R,REV,max_rpm,91.82830508474576
static,3,L,FWD,deadband_fit,0.4333697674951166
static,3,L,FWD,gain_rpm_per_pwm,213.21051979186174
static,3,L,FWD,intercept_rpm,0.0
static,3,L,FWD,r2,0.9623932061019521
static,3,L,FWD,rmse_rpm,5.9353899168857795
static,3,L,FWD,n_levels,14.0
static,3,L,FWD,first_active_pwm,0.5499999999999999
static,3,L,FWD,max_rpm,90.06333333333332
static,3,L,REV,deadband_fit,0.4316325499510614
static,3,L,REV,gain_rpm_per_pwm,215.7857501228698
static,3,L,REV,intercept_rpm,0.0
static,3,L,REV,r2,0.9576061216820725
static,3,L,REV,rmse_rpm,6.438142511005931
static,3,L,REV,n_levels,14.0
static,3,L,REV,first_active_pwm,0.5508333333333333
static,3,L,REV,max_rpm,90.40711864406778
static,3,R,FWD,deadband_fit,0.3898521970902558
static,3,R,FWD,gain_rpm_per_pwm,174.17939559020897
static,3,R,FWD,intercept_rpm,0.0
static,3,R,FWD,r2,0.9932775086419531
static,3,R,FWD,rmse_rpm,2.2423675965054306
static,3,R,FWD,n_levels,14.0
static,3,R,FWD,first_active_pwm,0.45083333333333336
static,3,R,FWD,max_rpm,83.73399999999998
static,3,R,REV,deadband_fit,0.44216222625519974
static,3,R,REV,gain_rpm_per_pwm,195.42439368497315
static,3,R,REV,intercept_rpm,0.0
static,3,R,REV,r2,0.9709939097205058
static,3,R,REV,rmse_rpm,4.668250790141613
static,3,R,REV,n_levels,14.0
static,3,R,REV,first_active_pwm,0.5508333333333333
static,3,R,REV,max_rpm,81.74366666666666
static,4,L,FWD,deadband_fit,0.4283594175764341
static,4,L,FWD,gain_rpm_per_pwm,245.57182322310825
static,4,L,FWD,intercept_rpm,0.0
static,4,L,FWD,r2,0.9533211400641531
static,4,L,FWD,rmse_rpm,7.747458581969866
static,4,L,FWD,n_levels,14.0
static,4,L,FWD,first_active_pwm,0.5499999999999999
static,4,L,FWD,max_rpm,102.80666666666669
static,4,L,REV,deadband_fit,0.42958227720810266
static,4,L,REV,gain_rpm_per_pwm,243.65215021816243
static,4,L,REV,intercept_rpm,0.0
static,4,L,REV,r2,0.9559193591030736
static,4,L,REV,rmse_rpm,7.456854011461004
static,4,L,REV,n_levels,14.0
static,4,L,REV,first_active_pwm,0.5508333333333333
static,4,L,REV,max_rpm,102.88049999999998
static,4,R,FWD,deadband_fit,0.39595930728809636
static,4,R,FWD,gain_rpm_per_pwm,222.0230982706187
static,4,R,FWD,intercept_rpm,0.0
static,4,R,FWD,r2,0.9822159494111079
static,4,R,FWD,rmse_rpm,4.6164299058028755
static,4,R,FWD,n_levels,14.0
static,4,R,FWD,first_active_pwm,0.5008333333333334
static,4,R,FWD,max_rpm,104.16566666666668
static,4,R,REV,deadband_fit,0.3922642934012985
static,4,R,REV,gain_rpm_per_pwm,213.2642005806817
static,4,R,REV,intercept_rpm,0.0
static,4,R,REV,r2,0.9797739357568294
static,4,R,REV,rmse_rpm,4.769109999763557
static,4,R,REV,n_levels,14.0
static,4,R,REV,first_active_pwm,0.5
static,4,R,REV,max_rpm,100.19254237288133
dynamic,1,L,,L_0.50_FWD:command,0.5
dynamic,1,L,,L_0.50_FWD:tau_s,0.38450771235671183
dynamic,1,L,,L_0.50_FWD:rise_time_s,0.04999999999999999
dynamic,1,L,,L_0.50_FWD:settling_time_s,
dynamic,1,L,,L_0.50_FWD:overshoot_pct,25.711765809610416
dynamic,1,L,,L_0.50_FWD:steady_rpm,11.884329126858757
dynamic,1,L,,L_0.50_FWD:initial_rpm,0.0
dynamic,1,L,,L_0.50_FWD:final_rpm,11.13
dynamic,1,L,,L_0.50_FWD:fit_r2,0.6938858825206888
dynamic,1,L,,L_0.50_FWD:fit_rmse_rpm,2.1750127222133835
dynamic,1,L,,L_0.50_FWD:n_samples,300.0
dynamic,1,L,,L_0.80_FWD:command,0.8
dynamic,1,L,,L_0.80_FWD:tau_s,0.20565592647152334
dynamic,1,L,,L_0.80_FWD:rise_time_s,0.25007599999999996
dynamic,1,L,,L_0.80_FWD:settling_time_s,
dynamic,1,L,,L_0.80_FWD:overshoot_pct,12.340473892644575
dynamic,1,L,,L_0.80_FWD:steady_rpm,72.5028096978082
dynamic,1,L,,L_0.80_FWD:initial_rpm,0.0
dynamic,1,L,,L_0.80_FWD:final_rpm,69.73
dynamic,1,L,,L_0.80_FWD:fit_r2,0.5641673913080334
dynamic,1,L,,L_0.80_FWD:fit_rmse_rpm,11.77067108552356
dynamic,1,L,,L_0.80_FWD:n_samples,300.0
dynamic,1,L,,L_0.60_REV:command,-0.6
dynamic,1,L,,L_0.60_REV:tau_s,0.3387180640911489
dynamic,1,L,,L_0.60_REV:rise_time_s,0.35018200000000005
dynamic,1,L,,L_0.60_REV:settling_time_s,
dynamic,1,L,,L_0.60_REV:overshoot_pct,21.407411407440044
dynamic,1,L,,L_0.60_REV:steady_rpm,-31.8514327516831
dynamic,1,L,,L_0.60_REV:initial_rpm,0.0
dynamic,1,L,,L_0.60_REV:final_rpm,-32.81
dynamic,1,L,,L_0.60_REV:fit_r2,0.6112879358691518
dynamic,1,L,,L_0.60_REV:fit_rmse_rpm,6.324683320234425
dynamic,1,L,,L_0.60_REV:n_samples,300.0
dynamic,1,R,,R_0.50_FWD:command,0.5
dynamic,1,R,,R_0.50_FWD:tau_s,0.4539220790420045
dynamic,1,R,,R_0.50_FWD:rise_time_s,1.050445
dynamic,1,R,,R_0.50_FWD:settling_time_s,
dynamic,1,R,,R_0.50_FWD:overshoot_pct,8.36459329585865
dynamic,1,R,,R_0.50_FWD:steady_rpm,14.05440609039045
dynamic,1,R,,R_0.50_FWD:initial_rpm,0.0
dynamic,1,R,,R_0.50_FWD:final_rpm,14.94
dynamic,1,R,,R_0.50_FWD:fit_r2,0.9579159694193317
dynamic,1,R,,R_0.50_FWD:fit_rmse_rpm,0.6856741806353993
dynamic,1,R,,R_0.50_FWD:n_samples,300.0
dynamic,1,R,,R_0.80_FWD:command,0.8
dynamic,1,R,,R_0.80_FWD:tau_s,0.22035363928670548
dynamic,1,R,,R_0.80_FWD:rise_time_s,0.45025400000000004
dynamic,1,R,,R_0.80_FWD:settling_time_s,2.9314
dynamic,1,R,,R_0.80_FWD:overshoot_pct,3.679143439297501
dynamic,1,R,,R_0.80_FWD:steady_rpm,78.27032256252392
dynamic,1,R,,R_0.80_FWD:initial_rpm,0.0
dynamic,1,R,,R_0.80_FWD:final_rpm,77.64
dynamic,1,R,,R_0.80_FWD:fit_r2,0.9726450898209981
dynamic,1,R,,R_0.80_FWD:fit_rmse_rpm,2.532749676896709
dynamic,1,R,,R_0.80_FWD:n_samples,300.0
dynamic,1,R,,R_0.60_REV:command,-0.6
dynamic,1,R,,R_0.60_REV:tau_s,0.2896909940085774
dynamic,1,R,,R_0.60_REV:rise_time_s,0.6002430000000001
dynamic,1,R,,R_0.60_REV:settling_time_s,
dynamic,1,R,,R_0.60_REV:overshoot_pct,8.295605996329012
dynamic,1,R,,R_0.60_REV:steady_rpm,-35.70781994729392
dynamic,1,R,,R_0.60_REV:initial_rpm,0.0
dynamic,1,R,,R_0.60_REV:final_rpm,-37.21
dynamic,1,R,,R_0.60_REV:fit_r2,0.9653387597929388
dynamic,1,R,,R_0.60_REV:fit_rmse_rpm,1.4283041135562682
dynamic,1,R,,R_0.60_REV:n_samples,300.0
dynamic,2,L,,L_0.50_FWD:command,0.5
dynamic,2,L,,L_0.50_FWD:tau_s,0.33742751453071934
dynamic,2,L,,L_0.50_FWD:rise_time_s,0.550197
dynamic,2,L,,L_0.50_FWD:settling_time_s,2.981206
dynamic,2,L,,L_0.50_FWD:overshoot_pct,15.410236798152516
dynamic,2,L,,L_0.50_FWD:steady_rpm,28.33396817972897
dynamic,2,L,,L_0.50_FWD:initial_rpm,1.17
dynamic,2,L,,L_0.50_FWD:final_rpm,28.12
dynamic,2,L,,L_0.50_FWD:fit_r2,0.9332177705254617
dynamic,2,L,,L_0.50_FWD:fit_rmse_rpm,1.6819073186044293
dynamic,2,L,,L_0.50_FWD:n_samples,300.0
dynamic,2,L,,L_0.80_FWD:command,0.8
dynamic,2,L,,L_0.80_FWD:tau_s,0.19364719851628368
dynamic,2,L,,L_0.80_FWD:rise_time_s,0.250122
dynamic,2,L,,L_0.80_FWD:settling_time_s,2.931212
dynamic,2,L,,L_0.80_FWD:overshoot_pct,4.368376126662481
dynamic,2,L,,L_0.80_FWD:steady_rpm,84.77663760200677
dynamic,2,L,,L_0.80_FWD:initial_rpm,0.0
dynamic,2,L,,L_0.80_FWD:final_rpm,86.43
dynamic,2,L,,L_0.80_FWD:fit_r2,0.9446087366293866
dynamic,2,L,,L_0.80_FWD:fit_rmse_rpm,3.926053221117829
dynamic,2,L,,L_0.80_FWD:n_samples,300.0
dynamic,2,L,,L_0.60_REV:command,-0.6
dynamic,2,L,,L_0.60_REV:tau_s,0.28801738909479824
dynamic,2,L,,L_0.60_REV:rise_time_s,0.45018700000000006
dynamic,2,L,,L_0.60_REV:settling_time_s,2.781241
dynamic,2,L,,L_0.60_REV:overshoot_pct,6.807132997655309
dynamic,2,L,,L_0.60_REV:steady_rpm,-46.08306450944667
dynamic,2,L,,L_0.60_REV:initial_rpm,0.0
dynamic,2,L,,L_0.60_REV:final_rpm,-46.29
dynamic,2,L,,L_0.60_REV:fit_r2,0.9719063747612007
dynamic,2,L,,L_0.60_REV:fit_rmse_rpm,1.6640361088310438
dynamic,2,L,,L_0.60_REV:n_samples,300.0
dynamic,2,R,,R_0.50_FWD:command,0.5
dynamic,2,R,,R_0.50_FWD:tau_s,0.40343028430891426
dynamic,2,R,,R_0.50_FWD:rise_time_s,0.85036
dynamic,2,R,,R_0.50_FWD:settling_time_s,
dynamic,2,R,,R_0.50_FWD:overshoot_pct,4.770595927488114
dynamic,2,R,,R_0.50_FWD:steady_rpm,28.519452175952107
dynamic,2,R,,R_0.50_FWD:initial_rpm,0.0
dynamic,2,R,,R_0.50_FWD:final_rpm,26.66
dynamic,2,R,,R_0.50_FWD:fit_r2,0.9799413800529065
dynamic,2,R,,R_0.50_FWD:fit_rmse_rpm,0.9538093005803555
dynamic,2,R,,R_0.50_FWD:n_samples,300.0
dynamic,2,R,,R_0.80_FWD:command,0.8
dynamic,2,R,,R_0.80_FWD:tau_s,0.1971527218625057
dynamic,2,R,,R_0.80_FWD:rise_time_s,0.30015800000000004
dynamic,2,R,,R_0.80_FWD:settling_time_s,
dynamic,2,R,,R_0.80_FWD:overshoot_pct,3.200924741761236
dynamic,2,R,,R_0.80_FWD:steady_rpm,82.32484370909917
dynamic,2,R,,R_0.80_FWD:initial_rpm,0.0
dynamic,2,R,,R_0.80_FWD:final_rpm,79.98
dynamic,2,R,,R_0.80_FWD:fit_r2,0.9680595153976684
dynamic,2,R,,R_0.80_FWD:fit_rmse_rpm,2.8135582636575416
dynamic,2,R,,R_0.80_FWD:n_samples,300.0
dynamic,2,R,,R_0.60_REV:command,-0.6
dynamic,2,R,,R_0.60_REV:tau_s,0.29033171575620237
dynamic,2,R,,R_0.60_REV:rise_time_s,0.6002419999999999
dynamic,2,R,,R_0.60_REV:settling_time_s,
dynamic,2,R,,R_0.60_REV:overshoot_pct,3.3157600278379746
dynamic,2,R,,R_0.60_REV:steady_rpm,-48.492117743218245
dynamic,2,R,,R_0.60_REV:initial_rpm,0.0
dynamic,2,R,,R_0.60_REV:final_rpm,-47.17
dynamic,2,R,,R_0.60_REV:fit_r2,0.9797881103859825
dynamic,2,R,,R_0.60_REV:fit_rmse_rpm,1.4573567033626342
dynamic,2,R,,R_0.60_REV:n_samples,300.0
dynamic,3,L,,L_0.50_FWD:command,0.5
dynamic,3,L,,L_0.50_FWD:tau_s,0.32523066740540296
dynamic,3,L,,L_0.50_FWD:rise_time_s,0.6502730000000001
dynamic,3,L,,L_0.50_FWD:settling_time_s,
dynamic,3,L,,L_0.50_FWD:overshoot_pct,5.144022443887946
dynamic,3,L,,L_0.50_FWD:steady_rpm,24.518749997184077
dynamic,3,L,,L_0.50_FWD:initial_rpm,0.0
dynamic,3,L,,L_0.50_FWD:final_rpm,23.73
dynamic,3,L,,L_0.50_FWD:fit_r2,0.9784877149891229
dynamic,3,L,,L_0.50_FWD:fit_rmse_rpm,0.8037743225327948
dynamic,3,L,,L_0.50_FWD:n_samples,300.0
dynamic,3,L,,L_0.80_FWD:command,0.8
dynamic,3,L,,L_0.80_FWD:tau_s,0.2102846108034862
dynamic,3,L,,L_0.80_FWD:rise_time_s,0.35018499999999997
dynamic,3,L,,L_0.80_FWD:settling_time_s,2.681343
dynamic,3,L,,L_0.80_FWD:overshoot_pct,2.3195898757993683
dynamic,3,L,,L_0.80_FWD:steady_rpm,81.0304264321625
dynamic,3,L,,L_0.80_FWD:initial_rpm,0.0
dynamic,3,L,,L_0.80_FWD:final_rpm,80.57
dynamic,3,L,,L_0.80_FWD:fit_r2,0.9734504362275196
dynamic,3,L,,L_0.80_FWD:fit_rmse_rpm,2.5682495514159234
dynamic,3,L,,L_0.80_FWD:n_samples,300.0
dynamic,3,L,,L_0.60_REV:command,-0.6
dynamic,3,L,,L_0.60_REV:tau_s,0.34143595401523336
dynamic,3,L,,L_0.60_REV:rise_time_s,0.600332
dynamic,3,L,,L_0.60_REV:settling_time_s,2.881376
dynamic,3,L,,L_0.60_REV:overshoot_pct,4.001063614234327
dynamic,3,L,,L_0.60_REV:steady_rpm,-46.75913717611649
dynamic,3,L,,L_0.60_REV:initial_rpm,0.0
dynamic,3,L,,L_0.60_REV:final_rpm,-46.29
dynamic,3,L,,L_0.60_REV:fit_r2,0.9815444998569416
dynamic,3,L,,L_0.60_REV:fit_rmse_rpm,1.4181228750049124
dynamic,3,L,,L_0.60_REV:n_samples,300.0
dynamic,3,R,,R_0.50_FWD:command,0.5
dynamic,3,R,,R_0.50_FWD:tau_s,0.29177063201192527
dynamic,3,R,,R_0.50_FWD:rise_time_s,0.500204
dynamic,3,R,,R_0.50_FWD:settling_time_s,
dynamic,3,R,,R_0.50_FWD:overshoot_pct,10.80032842883566
dynamic,3,R,,R_0.50_FWD:steady_rpm,17.454821907339028
dynamic,3,R,,R_0.50_FWD:initial_rpm,0.0
dynamic,3,R,,R_0.50_FWD:final_rpm,18.46
dynamic,3,R,,R_0.50_FWD:fit_r2,0.9520691560476536
dynamic,3,R,,R_0.50_FWD:fit_rmse_rpm,0.8415617648646976
dynamic,3,R,,R_0.50_FWD:n_samples,300.0
dynamic,3,R,,R_0.80_FWD:command,0.8
dynamic,3,R,,R_0.80_FWD:tau_s,0.18305216922629192
dynamic,3,R,,R_0.80_FWD:rise_time_s,0.45020200000000005
dynamic,3,R,,R_0.80_FWD:settling_time_s,
dynamic,3,R,,R_0.80_FWD:overshoot_pct,7.2369693594471585
dynamic,3,R,,R_0.80_FWD:steady_rpm,74.31205905576034
dynamic,3,R,,R_0.80_FWD:initial_rpm,0.0
dynamic,3,R,,R_0.80_FWD:final_rpm,76.46
dynamic,3,R,,R_0.80_FWD:fit_r2,0.95456348972348
dynamic,3,R,,R_0.80_FWD:fit_rmse_rpm,2.873260615422008
dynamic,3,R,,R_0.80_FWD:n_samples,300.0
dynamic,3,R,,R_0.60_REV:command,-0.6
dynamic,3,R,,R_0.60_REV:tau_s,0.30909626856638306
dynamic,3,R,,R_0.60_REV:rise_time_s,0.6002890000000001
dynamic,3,R,,R_0.60_REV:settling_time_s,2.931319
dynamic,3,R,,R_0.60_REV:overshoot_pct,10.995257878723956
dynamic,3,R,,R_0.60_REV:steady_rpm,-38.533177738756656
dynamic,3,R,,R_0.60_REV:initial_rpm,0.0
dynamic,3,R,,R_0.60_REV:final_rpm,-39.26
dynamic,3,R,,R_0.60_REV:fit_r2,0.9563779659388559
dynamic,3,R,,R_0.60_REV:fit_rmse_rpm,1.7263862234622718
dynamic,3,R,,R_0.60_REV:n_samples,300.0
dynamic,4,L,,L_0.50_FWD:command,0.5
dynamic,4,L,,L_0.50_FWD:tau_s,0.33897651350196306
dynamic,4,L,,L_0.50_FWD:rise_time_s,0.750281
dynamic,4,L,,L_0.50_FWD:settling_time_s,
dynamic,4,L,,L_0.50_FWD:overshoot_pct,17.46227599912109
dynamic,4,L,,L_0.50_FWD:steady_rpm,30.76990218431086
dynamic,4,L,,L_0.50_FWD:initial_rpm,0.59
dynamic,4,L,,L_0.50_FWD:final_rpm,28.12
dynamic,4,L,,L_0.50_FWD:fit_r2,0.8911752101790781
dynamic,4,L,,L_0.50_FWD:fit_rmse_rpm,2.3610157267496947
dynamic,4,L,,L_0.50_FWD:n_samples,300.0
dynamic,4,L,,L_0.80_FWD:command,0.8
dynamic,4,L,,L_0.80_FWD:tau_s,0.2149235029284168
dynamic,4,L,,L_0.80_FWD:rise_time_s,0.35016100000000006
dynamic,4,L,,L_0.80_FWD:settling_time_s,
dynamic,4,L,,L_0.80_FWD:overshoot_pct,7.9782315207305965
dynamic,4,L,,L_0.80_FWD:steady_rpm,92.7964818360289
dynamic,4,L,,L_0.80_FWD:initial_rpm,0.0
dynamic,4,L,,L_0.80_FWD:final_rpm,87.01
dynamic,4,L,,L_0.80_FWD:fit_r2,0.9165332300886334
dynamic,4,L,,L_0.80_FWD:fit_rmse_rpm,5.347332863672332
dynamic,4,L,,L_0.80_FWD:n_samples,300.0
dynamic,4,L,,L_0.60_REV:command,-0.6
dynamic,4,L,,L_0.60_REV:tau_s,0.3200239741187025
dynamic,4,L,,L_0.60_REV:rise_time_s,0.700341
dynamic,4,L,,L_0.60_REV:settling_time_s,2.981182
dynamic,4,L,,L_0.60_REV:overshoot_pct,9.088033515388588
dynamic,4,L,,L_0.60_REV:steady_rpm,-53.44307539632737
dynamic,4,L,,L_0.60_REV:initial_rpm,0.0
dynamic,4,L,,L_0.60_REV:final_rpm,-53.32
dynamic,4,L,,L_0.60_REV:fit_r2,0.9288181498814141
dynamic,4,L,,L_0.60_REV:fit_rmse_rpm,3.1455929872609416
dynamic,4,L,,L_0.60_REV:n_samples,300.0
dynamic,4,R,,R_0.50_FWD:command,0.5
dynamic,4,R,,R_0.50_FWD:tau_s,0.30561271552120167
dynamic,4,R,,R_0.50_FWD:rise_time_s,0.550228
dynamic,4,R,,R_0.50_FWD:settling_time_s,
dynamic,4,R,,R_0.50_FWD:overshoot_pct,7.928877726135219
dynamic,4,R,,R_0.50_FWD:steady_rpm,29.046906315054297
dynamic,4,R,,R_0.50_FWD:initial_rpm,0.0
dynamic,4,R,,R_0.50_FWD:final_rpm,31.35
dynamic,4,R,,R_0.50_FWD:fit_r2,0.9778143679034651
dynamic,4,R,,R_0.50_FWD:fit_rmse_rpm,0.9498697620400458
dynamic,4,R,,R_0.50_FWD:n_samples,300.0
dynamic,4,R,,R_0.80_FWD:command,0.8
dynamic,4,R,,R_0.80_FWD:tau_s,0.21714295745164247
dynamic,4,R,,R_0.80_FWD:rise_time_s,0.350206
dynamic,4,R,,R_0.80_FWD:settling_time_s,2.931213
dynamic,4,R,,R_0.80_FWD:overshoot_pct,3.2681349304434715
dynamic,4,R,,R_0.80_FWD:steady_rpm,91.06390859420566
dynamic,4,R,,R_0.80_FWD:initial_rpm,0.0
dynamic,4,R,,R_0.80_FWD:final_rpm,92.58
dynamic,4,R,,R_0.80_FWD:fit_r2,0.9724911980159893
dynamic,4,R,,R_0.80_FWD:fit_rmse_rpm,2.9627074563327254
dynamic,4,R,,R_0.80_FWD:n_samples,300.0
dynamic,4,R,,R_0.60_REV:command,-0.6
dynamic,4,R,,R_0.60_REV:tau_s,0.2866513623027041
dynamic,4,R,,R_0.60_REV:rise_time_s,0.550282
dynamic,4,R,,R_0.60_REV:settling_time_s,
dynamic,4,R,,R_0.60_REV:overshoot_pct,2.177890784120809
dynamic,4,R,,R_0.60_REV:steady_rpm,-51.322257288315015
dynamic,4,R,,R_0.60_REV:initial_rpm,0.0
dynamic,4,R,,R_0.60_REV:final_rpm,-52.44
dynamic,4,R,,R_0.60_REV:fit_r2,0.9840742064071614
dynamic,4,R,,R_0.60_REV:fit_rmse_rpm,1.3714232359638299
dynamic,4,R,,R_0.60_REV:n_samples,300.0
