robot,phase,side,direction,level_index,command_pwm_expected,command_pwm_mean,command_pwm_std,rpm_mean,rpm_std,rpm_median,rpm_min,rpm_max,n_samples
1,1,L,FWD,0,0.1,0.09999999999999996,4.198470605256777e-17,0.0,0.16884452782447876,0.0,-0.29,0.29,60
1,1,L,FWD,1,0.15,0.15000000000000002,2.798980403504518e-17,0.024166666666666663,0.2520915334614351,0.0,-0.29,0.29,60
1,1,L,FWD,2,0.2,0.19999999999999993,8.396941210513554e-17,0.0,0.20679146951556482,0.0,-0.29,0.29,60
1,1,L,FWD,3,0.25,0.25,0.0,-3.7007434154171884e-18,0.16884452782447876,0.0,-0.29,0.29,60
1,1,L,FWD,4,0.3,0.30000000000000004,5.597960807009036e-17,-1.8503717077085942e-18,0.20679146951556482,0.0,-0.29,0.29,60
1,1,L,FWD,5,0.35,0.35000000000000014,1.679388242102711e-16,0.0,0.20679146951556482,0.0,-0.29,0.29,60
1,1,L,FWD,6,0.4,0.39999999999999986,1.679388242102711e-16,-1.8503717077085942e-18,0.16884452782447876,0.0,-0.29,0.29,60
1,1,L,FWD,7,0.45,0.45,0.0,0.0,0.16884452782447876,0.0,-0.29,0.29,60
1,1,L,FWD,8,0.5,0.5,0.0,8.179166666666665,3.734414977742659,9.67,0.0,10.55,60
1,1,L,FWD,9,0.55,0.5499999999999999,1.1195921614018072e-16,18.06666666666667,1.0591276657841489,18.165,16.41,20.21,60
1,1,L,FWD,10,0.6,0.6000000000000001,1.1195921614018072e-16,27.003333333333327,2.098713622688073,27.395,23.44,29.59,60
1,1,L,FWD,11,0.65,0.6499999999999999,1.1195921614018072e-16,40.222500000000004,2.581627147520254,40.285,35.16,44.53,60
1,1,L,FWD,12,0.75,0.75,0.0,64.37833333333333,2.0793897138153072,64.89500000000001,60.64,67.38,60
1,1,L,FWD,13,0.9,0.9,0.0,84.20416666666665,17.347933232214682,89.795,29.3,95.8,60
1,2,L,REV,0,0.1,-0.09999999999999996,4.198470605256777e-17,-0.04916666666666667,0.451709715045699,0.0,-0.59,0.59,60
1,2,L,REV,1,0.15,-0.15000000000000002,2.798980403504518e-17,-3.7007434154171884e-18,0.469312515588638,0.0,-0.88,0.59,60
1,2,L,REV,2,0.2,-0.19999999999999993,8.396941210513554e-17,-3.7007434154171884e-18,0.34351128074635334,0.0,-0.59,0.59,60
1,2,L,REV,3,0.25,-0.25,0.0,0.0,0.24289915602982237,0.0,-0.59,0.59,60
1,2,L,REV,4,0.3,-0.30000000000000004,5.597960807009036e-17,0.049166666666666664,0.451709715045699,0.0,-0.59,0.59,60
1,2,L,REV,5,0.35,-0.3508333333333334,0.006454972243679034,0.0,0.4207136793592525,0.0,-0.59,0.59,60
1,2,L,REV,6,0.4,-0.4008333333333332,0.006454972243679027,0.04916666666666667,0.293328598446634,0.0,-0.59,0.59,60
1,2,L,REV,7,0.45,-0.45083333333333336,0.006454972243679026,0.049166666666666664,0.29332859844663406,0.0,-0.59,0.59,60
1,2,L,REV,8,0.5,-0.5008333333333334,0.006454972243679034,-1.1102230246251566e-17,0.42071367935925263,0.0,-0.59,0.59,60
1,2,L,REV,9,0.55,-0.5508333333333333,0.0064549722436790195,-19.213333333333328,0.9368205635881305,-19.335,-20.8,-17.58,60
1,2,L,REV,10,0.6,-0.6008333333333334,0.006454972243679034,-24.8475,9.048287716094155,-28.42,-31.35,-0.29,60
1,2,L,REV,11,0.65,-0.6516666666666666,0.012909944487358055,-43.09333333333333,1.8771703070264878,-43.655,-46.29,-40.14,60
1,2,L,REV,12,0.75,-0.7525,0.019364916731037088,-59.301666666666684,11.472859523663557,-63.725,-67.09,-33.69,60
1,2,L,REV,13,0.9,-0.9,0.0,-79.79338983050846,16.12910376651255,-83.5,-88.18,-28.12,59
1,3,R,FWD,0,0.1,0.09999999999999996,4.198470605256777e-17,0.0,0.0,0.0,0.0,0.0,60
1,3,R,FWD,1,0.15,0.15000000000000002,2.798980403504518e-17,0.0,0.0,0.0,0.0,0.0,60
1,3,R,FWD,2,0.2,0.19999999999999993,8.396941210513554e-17,0.0,0.11939111059092965,0.0,-0.29,0.29,60
1,3,R,FWD,3,0.25,0.25,0.0,0.0,0.0,0.0,0.0,0.0,60
1,3,R,FWD,4,0.3,0.30000000000000004,5.597960807009036e-17,0.0,0.0,0.0,0.0,0.0,60
1,3,R,FWD,5,0.35,0.35000000000000014,1.679388242102711e-16,0.0,0.0,0.0,0.0,0.0,60
1,3,R,FWD,6,0.4,0.39999999999999986,1.679388242102711e-16,0.004833333333333333,0.21015322631611782,0.0,-0.29,0.29,60
1,3,R,FWD,7,0.45,0.45,0.0,0.5466666666666666,0.7178042475864205,0.0,0.0,2.05,60
1,3,R,FWD,8,0.5,0.5,0.0,0.0,0.0,0.0,0.0,0.0,60
1,3,R,FWD,9,0.55,0.5499999999999999,1.1195921614018072e-16,0.0,0.0,0.0,0.0,0.0,60
1,3,R,FWD,10,0.6,0.6000000000000001,1.1195921614018072e-16,32.149833333333326,0.8225106081777737,32.23,31.02,33.98,60
1,3,R,FWD,11,0.65,0.6499999999999999,1.1195921614018072e-16,45.06816666666667,1.8956243027496613,45.12,41.89,47.75,60
1,3,R,FWD,12,0.75,0.75,0.0,66.64916666666667,1.0196498097206106,66.35499999999999,65.04,68.55,60
1,3,R,FWD,13,0.9,0.9,0.0,95.31150000000001,2.0812144637369276,95.36,91.34,99.61,60
1,4,R,REV,0,0.1,-0.09999999999999996,4.198470605256777e-17,-0.024166666666666663,0.0808281639677376,0.0,-0.29,0.0,60
1,4,R,REV,1,0.15,-0.15000000000000002,2.798980403504518e-17,-0.004833333333333332,0.17294548633294207,0.0,-0.29,0.29,60
1,4,R,REV,2,0.2,-0.19999999999999993,8.396941210513554e-17,0.0,0.0,0.0,0.0,0.0,60
1,4,R,REV,3,0.25,-0.25,0.0,0.0,0.16884452782447876,0.0,-0.29,0.29,60
1,4,R,REV,4,0.3,-0.3008333333333334,0.006454972243679027,-0.01933333333333333,0.09040148991322583,0.0,-0.29,0.29,60
1,4,R,REV,5,0.35,-0.3508333333333334,0.006454972243679034,0.0,0.0,0.0,0.0,0.0,60
1,4,R,REV,6,0.4,-0.4008333333333332,0.006454972243679027,0.0,0.0,0.0,0.0,0.0,60
1,4,R,REV,7,0.45,-0.45083333333333336,0.006454972243679026,0.0,0.0,0.0,0.0,0.0,60
1,4,R,REV,8,0.5,-0.5008333333333334,0.006454972243679034,0.0,0.0,0.0,0.0,0.0,60
1,4,R,REV,9,0.55,-0.5508333333333333,0.0064549722436790195,-22.431500000000007,0.7316079921906874,-22.27,-23.44,-21.39,60
1,4,R,REV,10,0.6,-0.6008333333333334,0.006454972243679034,-34.17933333333334,1.706753153705484,-34.129999999999995,-37.21,-31.64,60
1,4,R,REV,11,0.65,-0.6516666666666666,0.012909944487358055,-45.27300000000002,0.8908086214221328,-44.97,-46.88,-43.95,60
1,4,R,REV,12,0.75,-0.7525,0.019364916731037088,-66.70250000000001,1.3086292802854211,-66.5,-68.85,-64.16,60
1,4,R,REV,13,0.9,-0.9,0.0,-95.20100000000001,1.5601463425491517,-94.92,-98.14,-92.77,60
2,1,L,FWD,0,0.1,0.09999999999999996,4.198470605256777e-17,0.0,0.0,0.0,0.0,0.0,60
2,1,L,FWD,1,0.15,0.15000000000000002,2.798980403504518e-17,0.0,0.0,0.0,0.0,0.0,60
2,1,L,FWD,2,0.2,0.19999999999999993,8.396941210513554e-17,0.0,0.0,0.0,0.0,0.0,60
2,1,L,FWD,3,0.25,0.25,0.0,0.0,0.0,0.0,0.0,0.0,60
2,1,L,FWD,4,0.3,0.30000000000000004,5.597960807009036e-17,0.0,0.0,0.0,0.0,0.0,60
2,1,L,FWD,5,0.35,0.35000000000000014,1.679388242102711e-16,0.0,0.0,0.0,0.0,0.0,60
2,1,L,FWD,6,0.4,0.39999999999999986,1.679388242102711e-16,0.0,0.11939111059092965,0.0,-0.29,0.29,60
2,1,L,FWD,7,0.45,0.45,0.0,15.332499999999998,1.2683241645733465,15.379999999999999,13.18,17.29,60
2,1,L,FWD,8,0.5,0.5,0.0,25.464166666666674,0.8037355405909582,25.49,24.02,26.66,60
2,1,L,FWD,9,0.55,0.5499999999999999,1.1195921614018072e-16,34.807500000000005,0.8399064213411926,34.715,33.11,36.33,60
2,1,L,FWD,10,0.6,0.6000000000000001,1.1195921614018072e-16,46.069999999999986,1.554119730134465,46.0,42.48,49.51,60
2,1,L,FWD,11,0.65,0.6499999999999999,1.1195921614018072e-16,57.599166666666655,1.5179907456749546,58.155,54.86,59.18,60
2,1,L,FWD,12,0.75,0.75,0.0,75.41416666666665,1.902458081381146,75.44,72.36,79.69,60
2,1,L,FWD,13,0.9,0.9,0.0,96.53816666666665,2.623311719664872,97.12,90.53,100.49,60
2,2,L,REV,0,0.1,-0.09999999999999996,4.198470605256777e-17,0.0,0.0,0.0,0.0,0.0,60
2,2,L,REV,1,0.15,-0.15000000000000002,2.798980403504518e-17,0.0,0.0,0.0,0.0,0.0,60
2,2,L,REV,2,0.2,-0.19999999999999993,8.396941210513554e-17,0.0,0.0,0.0,0.0,0.0,60
2,2,L,REV,3,0.25,-0.25,0.0,0.0,0.0,0.0,0.0,0.0,60
2,2,L,REV,4,0.3,-0.30000000000000004,5.597960807009036e-17,0.0,0.0,0.0,0.0,0.0,60
2,2,L,REV,5,0.35,-0.35000000000000014,1.679388242102711e-16,0.0,0.11939111059092965,0.0,-0.29,0.29,60
2,2,L,REV,6,0.4,-0.39999999999999986,1.679388242102711e-16,0.0,0.0,0.0,0.0,0.0,60
2,2,L,REV,7,0.45,-0.45,0.0,0.0,0.0,0.0,0.0,0.0,60
2,2,L,REV,8,0.5,-0.5,0.0,0.0,0.0,0.0,0.0,0.0,60
2,2,L,REV,9,0.55,-0.5499999999999999,1.1195921614018072e-16,-32.52933333333333,0.8589328551857327,-32.81,-33.4,-30.18,60
2,2,L,REV,10,0.6,-0.6000000000000001,1.1195921614018072e-16,-44.08316666666668,1.4741587565618655,-43.95,-46.0,-41.02,60
2,2,L,REV,11,0.65,-0.6499999999999999,1.1195921614018072e-16,-55.156,1.7060383288956373,-55.37,-57.42,-52.44,60
2,2,L,REV,12,0.75,-0.75,0.0,-76.26833333333333,1.5084835427905938,-76.315,-78.81,-74.12,60
2,2,L,REV,13,0.9,-0.9,0.0,-97.74483333333336,2.3462869994132896,-97.12,-104.88,-95.21,60
2,3,R,FWD,0,0.1,0.09999999999999996,4.198470605256777e-17,-0.01933333333333333,0.14975535605335344,0.0,-0.29,0.29,60
2,3,R,FWD,1,0.15,0.15000000000000002,2.798980403504518e-17,-0.019333333333333327,0.18392948784024582,0.0,-0.29,0.29,60
2,3,R,FWD,2,0.2,0.19999999999999993,8.396941210513554e-17,0.0,0.11939111059092965,0.0,-0.29,0.29,60
2,3,R,FWD,3,0.25,0.25,0.0,-0.014500000000000002,0.1454906951419277,0.0,-0.29,0.29,60
2,3,R,FWD,4,0.3,0.30000000000000004,5.597960807009036e-17,0.0,0.16884452782447876,0.0,-0.29,0.29,60
2,3,R,FWD,5,0.35,0.3508333333333334,0.006454972243679034,0.0,0.11939111059092965,0.0,-0.29,0.29,60
2,3,R,FWD,6,0.4,0.4008333333333332,0.006454972243679027,0.0,0.0,0.0,0.0,0.0,60
2,3,R,FWD,7,0.45,0.45083333333333336,0.006454972243679026,0.0,0.0,0.0,0.0,0.0,60
2,3,R,FWD,8,0.5,0.5008333333333334,0.006454972243679034,26.569666666666663,1.5123267141710746,26.95,23.14,28.71,60
2,3,R,FWD,9,0.55,0.5508333333333333,0.0064549722436790195,37.983333333333334,1.1752340793403406,38.09,35.45,40.14,60
2,3,R,FWD,10,0.6,0.6008333333333334,0.006454972243679034,49.153833333333324,0.9325836022262267,49.22,46.58,50.39,60
2,3,R,FWD,11,0.65,0.6516666666666666,0.012909944487358055,59.56616666666669,0.8863753875664737,59.18,58.3,61.82,60
2,3,R,FWD,12,0.75,0.7525,0.019364916731037088,76.91166666666668,1.2146202122009169,76.905,74.41,79.1,60
2,3,R,FWD,13,0.9,0.9,0.0,90.23067796610168,1.6940950838506161,90.53,86.43,92.87,59
2,4,R,REV,0,0.1,-0.09999999999999996,4.198470605256777e-17,0.0,0.16884452782447876,0.0,-0.29,0.29,60
2,4,R,REV,1,0.15,-0.15000000000000002,2.798980403504518e-17,0.014499999999999997,0.13533918469997605,0.0,-0.29,0.29,60
2,4,R,REV,2,0.2,-0.19999999999999993,8.396941210513554e-17,-0.014499999999999997,0.21639124171630753,0.0,-0.29,0.29,60
2,4,R,REV,3,0.25,-0.25,0.0,0.009666666666666664,0.21335072316129217,0.0,-0.29,0.29,60
2,4,R,REV,4,0.3,-0.30000000000000004,5.597960807009036e-17,-0.014499999999999994,0.19563391096291066,0.0,-0.29,0.29,60
2,4,R,REV,5,0.35,-0.35000000000000014,1.679388242102711e-16,0.0,0.16884452782447876,0.0,-0.29,0.29,60
2,4,R,REV,6,0.4,-0.39999999999999986,1.679388242102711e-16,0.009666666666666667,0.24448469964720065,0.0,-0.29,0.29,60
2,4,R,REV,7,0.45,-0.45,0.0,-14.307166666666665,0.6255765927896662,-14.36,-15.23,-13.18,60
2,4,R,REV,8,0.5,-0.5,0.0,-24.814499999999992,1.0340514772617073,-25.049999999999997,-26.37,-21.97,60
2,4,R,REV,9,0.55,-0.5499999999999999,1.1195921614018072e-16,-34.84833333333333,1.1981329637690703,-34.86,-36.62,-32.23,60
2,4,R,REV,10,0.6,-0.6008333333333334,0.006454972243679034,-47.23533333333334,1.019059830359882,-47.46,-48.63,-45.41,60
2,4,R,REV,11,0.65,-0.6516666666666666,0.012909944487358055,-57.1975,0.9364658137588273,-57.13,-58.89,-55.08,60
2,4,R,REV,12,0.75,-0.7525,0.019364916731037088,-75.86883333333334,1.2048251742742482,-75.88,-78.22,-74.12,60
2,4,R,REV,13,0.9,-0.9,0.0,-91.82830508474576,1.3375171962057582,-91.99,-94.92,-89.06,59
3,1,L,FWD,0,0.1,0.09999999999999996,4.198470605256777e-17,0.0,0.0,0.0,0.0,0.0,60
3,1,L,FWD,1,0.15,0.15000000000000002,2.798980403504518e-17,0.0,0.0,0.0,0.0,0.0,60
3,1,L,FWD,2,0.2,0.19999999999999993,8.396941210513554e-17,0.0,0.0,0.0,0.0,0.0,60
3,1,L,FWD,3,0.25,0.25,0.0,0.0,0.0,0.0,0.0,0.0,60
3,1,L,FWD,4,0.3,0.30000000000000004,5.597960807009036e-17,0.0,0.0,0.0,0.0,0.0,60
3,1,L,FWD,5,0.35,0.35000000000000014,1.679388242102711e-16,0.0,0.0,0.0,0.0,0.0,60
3,1,L,FWD,6,0.4,0.39999999999999986,1.679388242102711e-16,0.0,0.0,0.0,0.0,0.0,60
3,1,L,FWD,7,0.45,0.45,0.0,0.0,0.0,0.0,0.0,0.0,60
3,1,L,FWD,8,0.5,0.5,0.0,0.0,0.0,0.0,0.0,0.0,60
3,1,L,FWD,9,0.55,0.5499999999999999,1.1195921614018072e-16,31.005000000000003,1.603542159603894,31.495,27.54,33.4,60
3,1,L,FWD,10,0.6,0.6000000000000001,1.1195921614018072e-16,43.40750000000001,1.0442751520649813,43.36,41.89,45.7,60
3,1,L,FWD,11,0.65,0.6499999999999999,1.1195921614018072e-16,54.10333333333333,1.294835460611308,54.64,50.98,55.66,60
3,1,L,FWD,12,0.75,0.75,0.0,72.75416666666666,0.42457273305020277,72.66,72.07,73.54,60
3,1,L,FWD,13,0.9,0.9,0.0,90.06333333333332,1.5275899559261061,90.53,87.01,92.87,60
3,2,L,REV,0,0.1,-0.10083333333333332,0.006454972243679027,0.0,0.0,0.0,0.0,0.0,60
3,2,L,REV,1,0.15,-0.15083333333333335,0.00645497224367903,0.0,0.0,0.0,0.0,0.0,60
3,2,L,REV,2,0.2,-0.20083333333333328,0.006454972243679027,0.0,0.0,0.0,0.0,0.0,60
3,2,L,REV,3,0.25,-0.25083333333333335,0.006454972243679026,0.0,0.0,0.0,0.0,0.0,60
3,2,L,REV,4,0.3,-0.3008333333333334,0.006454972243679027,0.0,0.0,0.0,0.0,0.0,60
3,2,L,REV,5,0.35,-0.3508333333333334,0.006454972243679034,0.0,0.0,0.0,0.0,0.0,60
3,2,L,REV,6,0.4,-0.4008333333333332,0.006454972243679027,0.0,0.0,0.0,0.0,0.0,60
3,2,L,REV,7,0.45,-0.45083333333333336,0.006454972243679026,0.0,0.0,0.0,0.0,0.0,60
3,2,L,REV,8,0.5,-0.5008333333333334,0.006454972243679034,0.0,0.0,0.0,0.0,0.0,60
3,2,L,REV,9,0.55,-0.5508333333333333,0.0064549722436790195,-31.98,1.721154519895274,-32.52,-34.28,-28.12,60
3,2,L,REV,10,0.6,-0.6008333333333334,0.006454972243679034,-45.14166666666665,0.6867984350560785,-45.12,-46.58,-43.95,60
3,2,L,REV,11,0.65,-0.6516666666666666,0.012909944487358055,-56.05416666666667,0.5438478465765861,-56.105000000000004,-57.13,-55.08,60
3,2,L,REV,12,0.75,-0.7525,0.019364916731037088,-75.51166666666668,1.1436770414506214,-75.14500000000001,-77.34,-73.83,60
3,2,L,REV,13,0.9,-0.9,0.0,-90.40711864406778,1.0899431349410045,-90.23,-93.16,-88.77,59
3,3,R,FWD,0,0.1,0.09999999999999996,4.198470605256777e-17,0.03849999999999999,0.13655352213245786,0.0,-0.59,0.29,60
3,3,R,FWD,1,0.15,0.15000000000000002,2.798980403504518e-17,0.01933333333333333,0.18392948784024582,0.0,-0.29,0.29,60
3,3,R,FWD,2,0.2,0.19999999999999993,8.396941210513554e-17,0.019333333333333334,0.18392948784024582,0.0,-0.29,0.29,60
3,3,R,FWD,3,0.25,0.25,0.0,0.024166666666666663,0.14417846364326078,0.0,-0.29,0.29,60
3,3,R,FWD,4,0.3,0.3008333333333334,0.006454972243679027,1.8503717077085942e-18,0.16884452782447876,0.0,-0.29,0.29,60
3,3,R,FWD,5,0.35,0.3508333333333334,0.006454972243679034,0.019333333333333334,0.18392948784024582,0.0,-0.29,0.29,60
3,3,R,FWD,6,0.4,0.4008333333333332,0.006454972243679027,0.0,0.11939111059092965,0.0,-0.29,0.29,60
3,3,R,FWD,7,0.45,0.45083333333333336,0.006454972243679026,9.576000000000002,0.8833127169537432,9.67,7.32,11.13,60
3,3,R,FWD,8,0.5,0.5008333333333334,0.006454972243679034,18.32550000000001,0.8267014811786965,18.16,16.11,19.63,60
3,3,R,FWD,9,0.55,0.5508333333333333,0.0064549722436790195,26.87,0.7329531628849487,26.66,25.78,28.71,60
3,3,R,FWD,10,0.6,0.6008333333333334,0.006454972243679034,39.09216666666667,1.4017774330297275,38.815,36.04,41.89,60
3,3,R,FWD,11,0.65,0.6516666666666666,0.012909944487358055,49.23016666666667,1.9389010443772028,49.22,46.29,51.41,60
3,3,R,FWD,12,0.75,0.7525,0.019364916731037088,67.451,2.613007034569917,67.53,63.87,71.19,60
3,3,R,FWD,13,0.9,0.9,0.0,83.73399999999998,2.7005688038646194,83.94,79.39,89.36,60
3,4,R,REV,0,0.1,-0.09999999999999996,4.198470605256777e-17,0.0,0.0,0.0,0.0,0.0,60
3,4,R,REV,1,0.15,-0.15000000000000002,2.798980403504518e-17,0.0,0.0,0.0,0.0,0.0,60
3,4,R,REV,2,0.2,-0.19999999999999993,8.396941210513554e-17,0.0,0.0,0.0,0.0,0.0,60
3,4,R,REV,3,0.25,-0.25,0.0,0.0,0.0,0.0,0.0,0.0,60
3,4,R,REV,4,0.3,-0.30000000000000004,5.597960807009036e-17,0.0,0.0,0.0,0.0,0.0,60
3,4,R,REV,5,0.35,-0.35000000000000014,1.679388242102711e-16,0.0,0.0,0.0,0.0,0.0,60
3,4,R,REV,6,0.4,-0.39999999999999986,1.679388242102711e-16,-0.014499999999999997,0.09881372648763367,0.0,-0.29,0.29,60
3,4,R,REV,7,0.45,-0.45,0.0,0.0,0.0,0.0,0.0,0.0,60
3,4,R,REV,8,0.5,-0.5008333333333334,0.006454972243679034,0.0,0.0,0.0,0.0,0.0,60
3,4,R,REV,9,0.55,-0.5508333333333333,0.0064549722436790195,-25.10816666666666,1.2228536945162698,-25.2,-27.54,-23.44,60
3,4,R,REV,10,0.6,-0.6008333333333334,0.006454972243679034,-35.95433333333334,0.6343136332373227,-35.82,-36.91,-34.86,60
3,4,R,REV,11,0.65,-0.6516666666666666,0.012909944487358055,-47.66633333333334,1.187849454974669,-47.9,-49.22,-45.12,60
3,4,R,REV,12,0.75,-0.7525,0.019364916731037088,-65.83266666666667,1.380807755082935,-65.33,-68.26,-64.16,60
3,4,R,REV,13,0.9,-0.9,0.0,-81.74366666666666,2.7863176395918265,-80.86,-86.43,-77.64,60
4,1,L,FWD,0,0.1,0.09999999999999996,4.198470605256777e-17,0.0,0.0,0.0,0.0,0.0,60
4,1,L,FWD,1,0.15,0.15000000000000002,2.798980403504518e-17,0.0,0.0,0.0,0.0,0.0,60
4,1,L,FWD,2,0.2,0.19999999999999993,8.396941210513554e-17,0.0,0.11939111059092965,0.0,-0.29,0.29,60
4,1,L,FWD,3,0.25,0.25,0.0,0.0,0.0,0.0,0.0,0.0,60
4,1,L,FWD,4,0.3,0.30000000000000004,5.597960807009036e-17,0.0,0.0,0.0,0.0,0.0,60
4,1,L,FWD,5,0.35,0.35000000000000014,1.679388242102711e-16,0.0,0.0,0.0,0.0,0.0,60
4,1,L,FWD,6,0.4,0.39999999999999986,1.679388242102711e-16,0.0,0.0,0.0,0.0,0.0,60
4,1,L,FWD,7,0.45,0.45,0.0,0.0,0.0,0.0,0.0,0.0,60
4,1,L,FWD,8,0.5,0.5,0.0,0.0,0.0,0.0,0.0,0.0,60
4,1,L,FWD,9,0.55,0.5499999999999999,1.1195921614018072e-16,37.67166666666666,2.4522864921432044,38.09,34.28,41.6,60
4,1,L,FWD,10,0.6,0.6000000000000001,1.1195921614018072e-16,50.879166666666656,2.880420338715102,50.685,46.58,54.49,60
4,1,L,FWD,11,0.65,0.6499999999999999,1.1195921614018072e-16,66.1375,4.211499843547829,67.235,58.89,71.48,60
4,1,L,FWD,12,0.75,0.75,0.0,86.66999999999997,4.2525764872205425,87.01,78.81,91.99,60
4,1,L,FWD,13,0.9,0.9,0.0,102.80666666666669,5.63559109638463,102.975,94.92,110.74,60
4,2,L,REV,0,0.1,-0.10083333333333332,0.006454972243679027,0.0,0.0,0.0,0.0,0.0,60
4,2,L,REV,1,0.15,-0.15083333333333335,0.00645497224367903,0.0,0.0,0.0,0.0,0.0,60
4,2,L,REV,2,0.2,-0.20083333333333328,0.006454972243679027,0.0,0.0,0.0,0.0,0.0,60
4,2,L,REV,3,0.25,-0.25083333333333335,0.006454972243679026,0.0,0.0,0.0,0.0,0.0,60
4,2,L,REV,4,0.3,-0.3008333333333334,0.006454972243679027,0.0,0.0,0.0,0.0,0.0,60
4,2,L,REV,5,0.35,-0.3508333333333334,0.006454972243679034,0.0,0.0,0.0,0.0,0.0,60
4,2,L,REV,6,0.4,-0.4008333333333332,0.006454972243679027,0.0,0.0,0.0,0.0,0.0,60
4,2,L,REV,7,0.45,-0.45083333333333336,0.006454972243679026,0.0,0.0,0.0,0.0,0.0,60
4,2,L,REV,8,0.5,-0.5008333333333334,0.006454972243679034,0.0,0.0,0.0,0.0,0.0,60
4,2,L,REV,9,0.55,-0.5508333333333333,0.0064549722436790195,-36.96333333333333,1.879376624621883,-36.91,-41.31,-34.57,60
4,2,L,REV,10,0.6,-0.6008333333333334,0.006454972243679034,-52.78749999999999,2.6858105647700667,-53.61,-56.25,-48.63,60
4,2,L,REV,11,0.65,-0.6516666666666666,0.012909944487358055,-64.28249999999998,3.6853101081483426,-64.745,-69.73,-58.01,60
4,2,L,REV,12,0.75,-0.7525,0.019364916731037088,-84.30250000000002,4.453732247475524,-84.67,-90.23,-76.76,60
4,2,L,REV,13,0.9,-0.9,0.0,-102.88049999999998,5.829037023996216,-102.245,-110.16,-93.16,60
4,3,R,FWD,0,0.1,0.09999999999999996,4.198470605256777e-17,0.0008333333333333322,0.20917344734321883,0.0,-0.29,0.59,60
4,3,R,FWD,1,0.15,0.15000000000000002,2.798980403504518e-17,0.0,0.0,0.0,0.0,0.0,60
4,3,R,FWD,2,0.2,0.19999999999999993,8.396941210513554e-17,0.0,0.0,0.0,0.0,0.0,60
4,3,R,FWD,3,0.25,0.25,0.0,0.0,0.0,0.0,0.0,0.0,60
4,3,R,FWD,4,0.3,0.30000000000000004,5.597960807009036e-17,0.0,0.0,0.0,0.0,0.0,60
4,3,R,FWD,5,0.35,0.35000000000000014,1.679388242102711e-16,0.0,0.0,0.0,0.0,0.0,60
4,3,R,FWD,6,0.4,0.4008333333333332,0.006454972243679027,0.0,0.0,0.0,0.0,0.0,60
4,3,R,FWD,7,0.45,0.45083333333333336,0.006454972243679026,0.0,0.0,0.0,0.0,0.0,60
4,3,R,FWD,8,0.5,0.5008333333333334,0.006454972243679034,27.333999999999996,1.4424827937169622,27.25,24.32,30.18,60
4,3,R,FWD,9,0.55,0.5508333333333333,0.0064549722436790195,38.83650000000001,0.6454372450425652,38.815,36.91,39.84,60
4,3,R,FWD,10,0.6,0.6008333333333334,0.006454972243679034,49.567833333333354,0.6722239630489035,49.51,48.34,50.68,60
4,3,R,FWD,11,0.65,0.6516666666666666,0.012909944487358055,60.52233333333333,0.5841214369524054,60.64,58.89,61.23,60
4,3,R,FWD,12,0.75,0.7525,0.019364916731037088,83.83783333333334,1.3068335280579892,83.79,81.45,85.25,60
4,3,R,FWD,13,0.9,0.9,0.0,104.16566666666668,0.814831513553708,104.3,102.54,105.47,60
4,4,R,REV,0,0.1,-0.09999999999999996,4.198470605256777e-17,0.004833333333333333,0.2233071280687826,0.0,-0.29,0.29,60
4,4,R,REV,1,0.15,-0.15000000000000002,2.798980403504518e-17,0.0,0.20679146951556482,0.0,-0.29,0.29,60
4,4,R,REV,2,0.2,-0.19999999999999993,8.396941210513554e-17,0.0,0.0,0.0,0.0,0.0,60
4,4,R,REV,3,0.25,-0.25,0.0,0.0,0.0,0.0,0.0,0.0,60
4,4,R,REV,4,0.3,-0.30000000000000004,5.597960807009036e-17,0.0,0.0,0.0,0.0,0.0,60
4,4,R,REV,5,0.35,-0.35000000000000014,1.679388242102711e-16,-0.009666666666666667,0.2325318761940558,0.0,-0.29,0.29,60
4,4,R,REV,6,0.4,-0.39999999999999986,1.679388242102711e-16,0.0,0.11939111059092965,0.0,-0.29,0.29,60
4,4,R,REV,7,0.45,-0.45,0.0,0.0,0.0,0.0,0.0,0.0,60
4,4,R,REV,8,0.5,-0.5,0.0,-26.880499999999998,1.0802344770575179,-27.25,-28.71,-24.9,60
4,4,R,REV,9,0.55,-0.5499999999999999,1.1195921614018072e-16,-38.09983333333332,0.9410641140042845,-38.38,-39.84,-35.74,60
4,4,R,REV,10,0.6,-0.6000000000000001,1.1195921614018072e-16,-48.732333333333344,0.7250373845806484,-48.93,-49.8,-47.17,60
4,4,R,REV,11,0.65,-0.6499999999999999,1.1195921614018072e-16,-60.31616666666665,0.6248093720587337,-60.64,-60.94,-59.18,60
4,4,R,REV,12,0.75,-0.7525,0.019364916731037088,-80.73249999999999,0.8127284554959798,-80.57,-82.32,-79.27,60
4,4,R,REV,13,0.9,-0.9,0.0,-100.19254237288133,0.8117745423800546,-99.9,-101.37,-99.32,59
