edge,signal,slope_per_s
1-3,dist_uncomp_m,-0.0020229426797811058
1-3,dist_clock_m,0.0005177985839372024
1-3,dist_rssi_m,0.0007956406841661883
1-3,dist_calib_m,0.0007956344757974456
1-3,cfo_ppm,0.006779670440636225
1-3,carrier_int,-11.833276871755602
1-4,dist_uncomp_m,-0.005592898299991105
1-4,dist_clock_m,0.00023080722788378907
1-4,dist_rssi_m,0.0003858405562092235
1-4,dist_calib_m,0.0003858430525242198
1-4,cfo_ppm,0.015538145897940456
1-4,carrier_int,-27.118818087311062
3-4,dist_uncomp_m,-0.002912497647380817
3-4,dist_clock_m,0.0004260516022457007
3-4,dist_rssi_m,0.0007343673057610802
3-4,dist_calib_m,0.0007343577026787705
3-4,cfo_ppm,0.008911277423268263
3-4,carrier_int,-15.546410167686364
